Tract,Heart.Diseases
12001000200,23.41
12001000301,51.96
12001000302,71.61
12001000400,66.71
12001000500,59.59
12001000600,72.51
12001000700,99.81
12001000806,9.79
12001000808,23.08
12001000809,107
12001000901,0
12001000902,0
12001001000,46.74
12001001100,110.76
12001001201,53.81
12001001202,59.44
12001001203,74.69
12001001400,36.45
12001001514,6.46
12001001515,11.6
12001001516,14.96
12001001517,23.92
12001001519,7.29
12001001520,35.06
12001001521,27.08
12001001603,46.89
12001001604,57.2
12001001701,171.6
12001001702,83.91
12001001801,75.15
12001001802,120.34
12001001803,97.1
12001001805,20.09
12001001806,70.6
12001001811,50.24
12001001813,66.49
12001001814,62.65
12001001902,64.45
12001001907,94.94
12001001908,114.5
12001002000,104.91
12001002101,120.2
12001002102,125.57
12001002201,56.32
12001002202,65.45
12001002204,65.66
12001002205,43.06
12001002207,56.06
12001002208,60.8
12001002209,53.94
12001002210,94.43
12001002217,49.4
12001002218,38.3
12001002219,38.87
12001002220,88.29
12001110800,193.26
12003040101,79.01
12003040102,128.8
12003040201,66.36
12003040202,84.79
12005000201,67.58
12005000202,82.56
12005000300,156.36
12005000400,98.35
12005000500,79.51
12005000600,115.1
12005000700,0
12005000803,119.13
12005000804,119.45
12005000805,139.83
12005000806,82.81
12005000900,171.47
12005001000,203.3
12005001100,109.03
12005001200,100.11
12005001301,86.91
12005001302,119.21
12005001402,98
12005001403,136.19
12005001404,85.4
12005001501,134.66
12005001502,175.93
12005001600,183.51
12005001700,164.93
12005001800,87
12005001900,139.44
12005002000,292.07
12005002200,194.7
12005002300,143.68
12005002400,104.46
12005002500,143.39
12005002601,131.15
12005002603,87.24
12005002604,76.11
12005002605,125.9
12005002606,174.26
12005002607,107.62
12005002608,123.32
12005002701,102.04
12005002702,129.71
12005002703,113.27
12005002704,80.47
12005002705,120.91
12007000100,164.73
12007000200,97.42
12007000300,109.3
12007000400,75.89
12009060101,200.86
12009060102,179.37
12009060200,139.76
12009060300,123.11
12009060400,221.14
12009060500,184.57
12009060600,173.59
12009060700,207.44
12009061001,177.89
12009061002,210.27
12009061100,209.25
12009061201,131.51
12009061202,152.31
12009062103,139.61
12009062104,68.58
12009062106,167.91
12009062107,241.2
12009062108,92.85
12009062109,90.74
12009062301,111.49
12009062302,149.88
12009062400,125.94
12009062500,146.84
12009062600,150.91
12009062800,121.89
12009062900,96.77
12009063000,83.98
12009063102,113.43
12009063104,95.45
12009063105,106.63
12009063106,95.49
12009063107,155.05
12009064102,77.77
12009064123,131.89
12009064124,142.42
12009064125,140.21
12009064126,89.84
12009064127,123.55
12009064128,103.69
12009064201,208.33
12009064202,241.56
12009064301,118.24
12009064302,97.19
12009064400,152.36
12009064500,116.99
12009064601,220.19
12009064602,296.69
12009064700,361.8
12009064800,232.72
12009064901,127.13
12009064902,191.2
12009065001,151.33
12009065021,151.7
12009065022,175.64
12009065121,135.12
12009065122,163.61
12009065123,148.9
12009065124,196.82
12009065125,245.6
12009065201,239.68
12009065202,150.8
12009065231,135.58
12009065234,231.36
12009065235,311.38
12009065236,120.64
12009066101,123.85
12009066103,179.95
12009066104,139.01
12009066200,142
12009066301,111.54
12009066302,117.9
12009066400,181.86
12009066500,95.39
12009066600,170.14
12009066700,117.93
12009066800,40.56
12009066900,116.01
12009067100,6.93
12009068101,180.93
12009068102,161.24
12009068200,140.52
12009068300,230.45
12009068400,210.38
12009068501,103.45
12009068502,167.64
12009068601,132.86
12009068602,113.11
12009069100,123.81
12009069200,161.6
12009069300,104.66
12009069400,144.84
12009069700,134.67
12009069801,166.71
12009069802,138.39
12009069901,128.25
12009069902,207.16
12009071100,152.99
12009071200,93.01
12009071301,70.82
12009071322,68.8
12009071332,66.02
12009071334,111.12
12009071335,139.53
12009071336,158.68
12009071337,92.19
12009071338,84.99
12009071339,93
12009071340,97.02
12009071400,222.29
12009071500,175.97
12009071600,169.25
12011010102,97.74
12011010103,196.85
12011010104,139.34
12011010200,86.69
12011010304,92.14
12011010305,77.4
12011010306,122.61
12011010307,104.98
12011010308,273.83
12011010401,97.71
12011010402,288.16
12011010403,425.76
12011010405,56.93
12011010406,62.28
12011010407,284.07
12011010502,32.36
12011010503,29.75
12011010504,34.85
12011010601,102.77
12011010603,51.32
12011010604,16.87
12011010605,31.49
12011010606,26.14
12011010607,63.61
12011010609,21.32
12011010610,78.74
12011010611,41.57
12011010612,19.68
12011010701,63.43
12011010702,62.27
12011010800,56.33
12011010901,77.49
12011010902,135.98
12011011000,204.78
12011020101,63.34
12011020103,108.97
12011020104,76.18
12011020204,111.93
12011020205,111.34
12011020206,37.09
12011020207,139.03
12011020209,136.52
12011020210,93.53
12011020211,189.47
12011020212,234.67
12011020302,32.45
12011020308,28.11
12011020309,30.25
12011020311,61.44
12011020312,22.26
12011020313,67.62
12011020314,134.62
12011020315,72.6
12011020316,38.23
12011020317,23.7
12011020318,34.1
12011020319,24.66
12011020320,37.22
12011020321,31.88
12011020322,39.67
12011020323,50.11
12011020324,105.23
12011020325,72.44
12011020326,30.02
12011020404,38.28
12011020405,35.86
12011020406,143.11
12011020407,34.16
12011020409,369.33
12011020411,118.71
12011020412,33.99
12011020413,30.46
12011020414,218.14
12011020415,206.52
12011020501,39.9
12011020502,44.98
12011030100,78.31
12011030201,78.14
12011030202,93.28
12011030203,47.87
12011030301,40.32
12011030302,72.08
12011030401,104.88
12011030402,63.36
12011030500,33.06
12011030600,64.69
12011030702,49.81
12011030703,136.67
12011030704,270.85
12011030705,391.93
12011030801,145.29
12011030802,212.99
12011030902,109.16
12011030903,64.22
12011030904,96.52
12011031001,133.33
12011031002,89.82
12011031101,125.16
12011031102,135.34
12011031202,207.36
12011031203,325.87
12011031204,155.5
12011031205,170.6
12011040101,100.33
12011040102,214.19
12011040203,187.85
12011040204,201.29
12011040205,96.84
12011040206,205.06
12011040300,199.14
12011040401,117.14
12011040402,128.52
12011040502,170.11
12011040503,244.37
12011040504,291.97
12011040601,161.99
12011040602,119.45
12011040701,96.5
12011040702,80.83
12011040801,64.73
12011040802,58.21
12011040901,92.34
12011040902,113.96
12011041000,136.09
12011041100,119.5
12011041200,106.45
12011041300,94.59
12011041400,95.58
12011041500,60.73
12011041600,84.68
12011041700,63.28
12011041801,53.59
12011041802,138.6
12011041900,94.43
12011042000,108.73
12011042100,118.83
12011042200,149.81
12011042301,159.77
12011042302,313.23
12011042400,72.31
12011042500,38.67
12011042600,69.47
12011042700,95.95
12011042800,74.83
12011042900,60.41
12011043001,61.56
12011043002,57.19
12011043100,97.17
12011043301,76.17
12011043302,70.18
12011050100,72.34
12011050204,75.85
12011050205,224.8
12011050206,278.73
12011050207,64.32
12011050208,230.15
12011050301,60.22
12011050306,60.15
12011050307,99.64
12011050308,97.64
12011050309,41.19
12011050310,182.48
12011050311,147.63
12011050312,187.44
12011050401,42.5
12011050402,84.59
12011050501,74.07
12011050502,60.39
12011050601,118.54
12011050602,137.33
12011050701,106.47
12011050702,65.42
12011050800,149.17
12011050900,101.47
12011051001,106.57
12011051002,238.18
12011060105,101.68
12011060107,176.96
12011060109,225.91
12011060111,157.94
12011060112,136.06
12011060113,135.31
12011060114,68.97
12011060115,41.25
12011060116,113.41
12011060117,106.27
12011060118,67.23
12011060119,64.87
12011060120,38.25
12011060121,61.62
12011060122,43.86
12011060123,182.53
12011060124,220.07
12011060125,53.08
12011060126,271.81
12011060127,39.43
12011060128,104.91
12011060203,54.01
12011060206,134.33
12011060207,208.33
12011060208,49.07
12011060209,77.18
12011060210,52.94
12011060211,395
12011060212,96.5
12011060213,322.87
12011060302,52.92
12011060303,85.97
12011060304,35.01
12011060305,52.86
12011060306,171.12
12011060401,100.42
12011060402,66.84
12011060403,79.41
12011060501,68.77
12011060503,50.34
12011060504,55.08
12011060505,348.93
12011060603,32.42
12011060605,15.86
12011060606,136.59
12011060607,76.82
12011060608,163.81
12011060609,42.46
12011060700,87.99
12011060801,91.42
12011060802,68.61
12011060900,128.09
12011061001,120.32
12011061002,49.15
12011061100,46.36
12011070101,84.51
12011070102,134.81
12011070204,23.87
12011070205,68.31
12011070207,150.07
12011070208,67.2
12011070209,44.97
12011070210,159.26
12011070211,60.07
12011070304,47.24
12011070305,41.82
12011070306,38.48
12011070310,41.11
12011070311,30.24
12011070312,35.27
12011070313,40.57
12011070314,71.86
12011070315,56.89
12011070316,58.59
12011070317,18.19
12011070318,33.22
12011070319,14.77
12011070320,24.32
12011070321,136.75
12011070322,46.36
12011070401,60.95
12011070402,67.7
12011070403,63.37
12011070404,75.42
12011070405,35.39
12011070501,35.71
12011070502,24.71
12011070601,57.08
12011070602,80.43
12011080101,103.47
12011080102,108.56
12011080103,52.12
12011080200,226.1
12011080402,162.76
12011080403,74.82
12011080405,90.81
12011080406,74.56
12011080500,65.58
12011090101,144.16
12011090102,114.01
12011090200,58.65
12011090301,176.38
12011090302,126.42
12011090401,69.36
12011090403,59.79
12011090404,77.87
12011090502,71.74
12011090503,120.06
12011090504,79.04
12011090601,89.11
12011090602,102.5
12011090700,56.86
12011090801,67.73
12011090802,287.25
12011090900,81.13
12011091000,105.19
12011091100,66.36
12011091201,44.39
12011091202,34.01
12011091300,68.79
12011091400,70.13
12011091500,44.65
12011091600,205.16
12011091701,58.48
12011091702,84.37
12011091801,43.59
12011091802,35.59
12011091901,70.46
12011091902,67.26
12011092000,49.07
12011100101,127.1
12011100103,151.88
12011100104,239.78
12011100105,178.63
12011100201,41.2
12011100202,112.27
12011100300,67.7
12011100400,61.66
12011100501,72.31
12011100502,67.85
12011100600,57.38
12011100700,116.44
12011100801,38.31
12011100802,58.03
12011110100,50.44
12011110301,42.4
12011110302,39.76
12011110303,51.68
12011110307,47.3
12011110308,43.59
12011110309,80.27
12011110311,58.31
12011110312,30.94
12011110313,39.58
12011110319,38.89
12011110320,32.95
12011110321,21.18
12011110322,25.16
12011110323,26.51
12011110324,27.77
12011110325,27.11
12011110326,37.76
12011110327,22.7
12011110328,22.52
12011110330,12.65
12011110331,31.53
12011110332,57.44
12011110333,26.87
12011110334,310.2
12011110335,331.46
12011110336,19.47
12011110337,23.39
12011110338,30.36
12011110339,145.8
12011110340,75.62
12011110341,101.13
12011110342,14.87
12011110343,37.32
12011110402,52.46
12011110403,39.92
12011110404,38.35
12011110501,48.81
12011110502,37.73
12011110600,62.98
12013010100,131.19
12013010200,123.8
12013010300,108.75
12015010100,80.84
12015010200,173.42
12015010301,252.07
12015010302,150.88
12015010401,174.06
12015010402,202.91
12015010403,199
12015010404,140.31
12015010501,135.06
12015010502,136.05
12015020101,174.35
12015020103,111.06
12015020104,162.69
12015020201,136.92
12015020202,158.01
12015020301,166.27
12015020302,147.34
12015020303,143.09
12015020400,117.63
12015020501,145.3
12015020502,155.69
12015020601,203.41
12015020602,179.96
12015020700,284.53
12015020800,104.95
12015020900,147.14
12015021001,182.78
12015021002,139.14
12015021003,377.93
12015030100,155.32
12015030200,134.01
12015030301,210.74
12015030302,239.15
12015030401,174.39
12015030402,118.05
12015030501,136.69
12015030502,156.22
12015030503,179.81
12017450101,314.11
12017450102,330.87
12017450201,267.38
12017450202,325.86
12017450302,138.72
12017450303,246.52
12017450304,160.52
12017450400,223.79
12017450500,186.22
12017450601,226.89
12017450602,330.87
12017450701,241.65
12017450702,191.42
12017450800,206.7
12017450901,223.48
12017450902,273.1
12017451000,279.69
12017451101,182.2
12017451102,238.34
12017451200,259.04
12017451300,214.08
12017451400,197.03
12017451501,178.82
12017451502,202.87
12017451601,194.81
12017451602,313.01
12017451700,322.66
12019030102,87.14
12019030103,98.94
12019030104,113.7
12019030201,41.85
12019030202,45.29
12019030203,25.07
12019030301,60.13
12019030303,84.03
12019030304,91.33
12019030400,133.93
12019030500,113.15
12019030600,192.69
12019030701,81.01
12019030702,38.11
12019030703,47.85
12019030801,102.13
12019030802,81.55
12019030902,62.93
12019030903,87.57
12019030904,87.92
12019031101,93.98
12019031104,101.96
12019031105,104.46
12019031106,122.18
12019031107,154.64
12019031108,190.14
12019031200,78.96
12019031300,67.35
12019031400,151.66
12019031500,121.23
12021000101,125
12021000102,266.27
12021000200,196.34
12021000301,120.3
12021000302,94.73
12021000401,159.51
12021000402,120.8
12021000500,76.2
12021000600,60.61
12021000700,30.14
12021010102,94.08
12021010105,175.21
12021010106,339.02
12021010107,62.67
12021010108,128.03
12021010109,80.79
12021010110,78.83
12021010205,72.6
12021010208,180.33
12021010209,97.72
12021010210,380.21
12021010211,145.01
12021010212,224.87
12021010213,170.43
12021010215,246.2
12021010300,83.08
12021010401,60.22
12021010405,105.64
12021010408,64.14
12021010410,30.92
12021010411,47.27
12021010412,86.02
12021010413,44.16
12021010414,42.73
12021010415,51.25
12021010416,89.93
12021010417,89.01
12021010418,69.36
12021010419,37.39
12021010420,26.48
12021010505,75.14
12021010506,106.82
12021010507,52.11
12021010508,248.19
12021010509,108.83
12021010510,255.75
12021010601,78.74
12021010602,91.9
12021010604,141.95
12021010605,121.62
12021010606,137.09
12021010701,108.33
12021010702,76.27
12021010801,493.7
12021010802,73.32
12021010803,129.09
12021010902,102.18
12021010903,107.79
12021010904,123.46
12021010905,131.78
12021011001,188.21
12021011002,168.33
12021011102,90.44
12021011103,103.92
12021011105,84.24
12021011106,51.07
12021011201,94.93
12021011202,41.27
12021011204,27.81
12021011205,43.2
12021011301,28.23
12021011302,20.64
12021011400,26.37
12023110201,120.68
12023110202,105.41
12023110300,71.66
12023110400,179.32
12023110500,149.09
12023110601,123.06
12023110602,86.19
12023110700,164.15
12023110800,124.57
12023110901,114.58
12023110903,86
12023110904,109.91
12027010101,140.06
12027010102,68.04
12027010200,96.17
12027010301,50.95
12027010302,167.62
12027010403,152.88
12027010404,70.34
12027010405,161.68
12027010406,96.83
12029970101,80.39
12029970102,166.05
12029970200,113.29
12031000100,160.7
12031000200,96.55
12031000300,150.2
12031000600,87.44
12031000700,80.1
12031000800,71.97
12031001000,199.19
12031001100,89.05
12031001200,93.76
12031001300,108.64
12031001400,128.4
12031001500,104.64
12031001600,143.29
12031002101,40.42
12031002102,61.39
12031002200,82.43
12031002300,168.21
12031002400,97.09
12031002501,168.94
12031002502,107.32
12031002600,136.91
12031002701,111.63
12031002702,89.8
12031002801,167.63
12031002802,122.35
12031002901,148.32
12031002902,182.66
12031010101,112.96
12031010102,64.03
12031010103,74.16
12031010201,76.64
12031010202,138.43
12031010301,84.69
12031010303,77.62
12031010304,90.26
12031010401,70.62
12031010402,73.42
12031010500,80.75
12031010600,103.63
12031010700,144.02
12031010800,147.5
12031010900,109.02
12031011000,114.83
12031011100,101.98
12031011200,191.32
12031011300,105.33
12031011400,209.85
12031011500,125.24
12031011600,181.54
12031011700,115.78
12031011800,136.8
12031011901,108.49
12031011902,71.08
12031011903,67.63
12031012000,143.66
12031012100,163.93
12031012200,94.99
12031012300,99.59
12031012400,129.6
12031012500,122.51
12031012601,99.63
12031012602,115.4
12031012702,67.46
12031012703,111.78
12031012704,62.13
12031012800,93.32
12031012900,99.45
12031013000,89.39
12031013100,126.11
12031013200,13.6
12031013300,61.64
12031013402,95.11
12031013403,83.15
12031013404,103.35
12031013502,72.81
12031013503,69.01
12031013504,80.71
12031013521,78.77
12031013522,68.41
12031013721,39.61
12031013723,56.71
12031013726,70.7
12031013727,62.74
12031013800,16.92
12031013901,34.85
12031013902,65.31
12031013904,64.32
12031013905,42.47
12031013906,156.03
12031014001,92.95
12031014002,103.99
12031014101,92.45
12031014102,72.41
12031014202,64.94
12031014203,98.08
12031014204,98.17
12031014311,75.64
12031014312,45.89
12031014326,54.04
12031014328,51.5
12031014329,66.23
12031014330,61.62
12031014331,63.76
12031014332,52.57
12031014333,59
12031014334,43.04
12031014335,48.45
12031014336,47.85
12031014337,37.86
12031014338,79.47
12031014401,40.7
12031014404,22.98
12031014406,52.14
12031014408,117.04
12031014409,38.12
12031014410,147.91
12031014411,34.64
12031014412,42.54
12031014413,62.93
12031014500,67.3
12031014601,90.01
12031014603,94.11
12031014604,124.39
12031014701,48.07
12031014702,84.03
12031014800,90.43
12031014901,69.08
12031014902,77.16
12031015001,109.26
12031015002,91.52
12031015100,108.92
12031015200,84.99
12031015300,89.29
12031015400,105.49
12031015501,85.34
12031015502,105.65
12031015600,102.26
12031015700,112.08
12031015801,119.79
12031015802,62.1
12031015922,56.78
12031015923,42.59
12031015924,130.8
12031015925,21.5
12031015926,162.56
12031016000,130.16
12031016100,111
12031016200,163.38
12031016300,118.61
12031016400,110.04
12031016500,122
12031016601,196.97
12031016603,94.02
12031016604,106.34
12031016711,121.01
12031016722,83.52
12031016724,97.11
12031016725,52.67
12031016726,75.85
12031016727,261.83
12031016728,57.32
12031016729,68.68
12031016801,100.33
12031016803,84.02
12031016804,75.5
12031016805,76.47
12031016806,50.39
12031016807,52.18
12031016808,98.17
12031017100,126.31
12031017200,116.5
12031017300,84.63
12031017400,145.78
12033000100,261.89
12033000300,116.38
12033000400,220.81
12033000500,109.29
12033000600,165.34
12033000800,113.16
12033000900,107.61
12033001001,111.54
12033001002,108.9
12033001101,140.12
12033001103,85.11
12033001104,139.93
12033001201,137.36
12033001202,101.55
12033001300,134.24
12033001401,8.97
12033001402,94.84
12033001500,155.04
12033001600,94.49
12033001700,148.49
12033001800,137.56
12033001900,124.81
12033002000,149.18
12033002100,151.44
12033002200,95.29
12033002300,167.47
12033002400,3.18
12033002500,58.56
12033002601,55.37
12033002602,97.56
12033002603,61.78
12033002604,89.79
12033002605,44.02
12033002701,61.69
12033002703,136.99
12033002704,83.13
12033002801,153.28
12033002802,121.45
12033002803,112.99
12033002804,18.6
12033002900,126.95
12033003000,115.88
12033003100,121.51
12033003201,154.33
12033003203,220.84
12033003204,64.04
12033003301,88.58
12033003305,72.71
12033003306,106.31
12033003307,77.17
12033003308,97.16
12033003309,135.26
12033003400,133.77
12033003503,113.92
12033003505,87.03
12033003506,72.67
12033003507,136.09
12033003508,87.11
12033003603,77.16
12033003607,247.56
12033003608,93.33
12033003609,108.91
12033003610,88.95
12033003611,121.93
12033003612,88.31
12033003613,100.68
12033003614,80.22
12033003700,96.89
12033003800,127.99
12033003900,179.64
12033004000,206.21
12035060103,270.39
12035060104,120.83
12035060105,165.17
12035060106,173.6
12035060107,152.64
12035060204,79.98
12035060205,133.38
12035060206,136.93
12035060207,143.43
12035060208,68.88
12035060209,120.4
12035060210,138.7
12035060211,139.45
12035060212,99.06
12035060213,157.21
12035060214,95
12035060301,128.06
12035060302,151.47
12035060303,168.79
12035060304,201.41
12037970100,78.59
12037970200,103.96
12037970302,110.74
12037970304,89.64
12039020101,146.23
12039020102,127.28
12039020300,125.8
12039020400,92.71
12039020500,103.31
12039020600,60.02
12039020701,66.99
12039020702,105.95
12039020800,101.25
12041950100,121
12041950201,92.82
12041950202,88.31
12041950203,108.92
12041950204,82.5
12043000100,193.78
12043000200,92.67
12043000300,68.77
12045960100,90.46
12045960200,138.89
12045960300,144.66
12047960100,97.06
12047960200,144.89
12047960300,215.33
12049970101,84.43
12049970102,113.77
12049970201,63.29
12049970202,113.64
12049970300,63.91
12049970400,99.92
12051000100,89.87
12051000200,66.08
12051000300,61.56
12051000401,87.06
12051000402,108.95
12051000600,79.08
12053040101,133.93
12053040102,144.23
12053040201,129.25
12053040202,134.89
12053040301,107.98
12053040302,115.62
12053040303,109.4
12053040400,278.93
12053040501,225.85
12053040502,221.21
12053040601,162.23
12053040602,99.29
12053040701,85.46
12053040702,95.87
12053040801,235.23
12053040802,242.13
12053040901,156.95
12053040905,171.26
12053040906,103.06
12053040907,129.06
12053040908,101.28
12053040909,132.25
12053040910,110.01
12053040911,63.22
12053041003,219.81
12053041004,101.85
12053041005,115.24
12053041006,107.1
12053041103,128.81
12053041104,139.04
12053041105,130.44
12053041106,120.98
12053041201,123.49
12053041203,194.54
12053041204,176.13
12053041302,89.39
12053041303,283.98
12053041304,385.31
12053041305,263.16
12053041401,147.7
12053041402,149.77
12053041501,119.57
12053041502,198.85
12053041600,149.63
12055960101,131.9
12055960102,225.51
12055960103,150.53
12055960200,187.28
12055960300,93.23
12055960400,123.54
12055960501,196.97
12055960502,230.46
12055960601,159.97
12055960602,181.62
12055960700,175.26
12055960800,128.62
12055960900,173.64
12055961000,152.78
12055961100,300.29
12055961200,150.51
12055961301,172.71
12055961302,169.86
12055961400,248.01
12055961500,254.61
12055961601,114.29
12055961602,127.97
12055961603,130.24
12055961700,237.32
12057000101,34.56
12057000102,87.28
12057000201,114.56
12057000202,64.32
12057000300,81.19
12057000401,109.38
12057000402,112.72
12057000500,156.12
12057000601,54.17
12057000602,66.82
12057000700,115.49
12057000800,87.85
12057000901,46.68
12057000902,91.08
12057001001,89.45
12057001002,117.23
12057001100,84.81
12057001200,105.55
12057001300,120.11
12057001400,121.98
12057001500,60.98
12057001600,104.28
12057001700,104.12
12057001800,163.56
12057001900,100.64
12057002000,136.85
12057002100,70.23
12057002200,71.39
12057002300,80.25
12057002400,130.99
12057002500,119.11
12057002600,118.86
12057002700,159.19
12057002800,103.09
12057002900,98.68
12057003000,133.53
12057003100,79.91
12057003200,113.33
12057003300,126.64
12057003400,109.12
12057003500,181.61
12057003600,92.04
12057003700,83.33
12057003800,127.95
12057003900,114.19
12057004000,272.87
12057004100,219.16
12057004200,126.48
12057004300,73.21
12057004400,107.43
12057004500,128.27
12057004600,81.65
12057004700,120.7
12057004800,135.94
12057004900,58.18
12057005000,67.08
12057005101,110.65
12057005102,26.93
12057005301,6.45
12057005302,71.68
12057005401,87.87
12057005500,112.83
12057005700,90.66
12057005800,93.73
12057005900,57.52
12057006000,40.43
12057006101,42.51
12057006103,190.58
12057006200,66.97
12057006300,45.31
12057006400,75.21
12057006501,137.31
12057006502,120.71
12057006600,135.8
12057006700,69.72
12057006801,111.21
12057006802,180.52
12057006900,86.45
12057007001,128.55
12057007002,50.25
12057007102,30.9
12057007103,85.96
12057007200,74.16
12057007300,0
12057010103,111.98
12057010105,80.84
12057010106,105.44
12057010107,193.74
12057010108,92.93
12057010203,115.74
12057010204,59.71
12057010205,40.94
12057010209,27.11
12057010210,32.84
12057010211,43.75
12057010212,24.47
12057010213,114.75
12057010214,98.04
12057010303,84.13
12057010304,114.1
12057010305,72.43
12057010401,51.14
12057010402,41.85
12057010501,78.37
12057010502,56.66
12057010600,92.95
12057010701,59.03
12057010702,109.58
12057010805,64.64
12057010808,90.17
12057010809,40.51
12057010810,37.74
12057010811,46.93
12057010812,35.81
12057010813,174.22
12057010814,237.12
12057010815,101.6
12057010816,184.45
12057010817,114.94
12057010818,87.46
12057010900,0
12057011003,114.64
12057011005,51.85
12057011006,70.18
12057011007,141.58
12057011008,34.89
12057011010,55.11
12057011012,32.84
12057011013,12.73
12057011014,31.23
12057011015,33.69
12057011016,27.19
12057011103,75.63
12057011106,51.31
12057011107,64.25
12057011108,315.5
12057011109,80.65
12057011203,45.96
12057011204,165
12057011205,113.26
12057011206,243.81
12057011301,102.16
12057011303,97.91
12057011304,67.65
12057011407,95.72
12057011408,28.13
12057011409,59.73
12057011410,51.43
12057011411,57.14
12057011412,110.16
12057011413,81.75
12057011414,57.94
12057011415,61.13
12057011416,45.07
12057011417,60.57
12057011418,145.51
12057011504,110.14
12057011506,32.15
12057011507,102.24
12057011509,48.24
12057011510,45.35
12057011512,57.83
12057011514,59.3
12057011515,66.07
12057011516,95.1
12057011517,43.8
12057011518,82.81
12057011519,29.95
12057011520,34.38
12057011521,59.9
12057011522,53.54
12057011523,72.99
12057011524,96.94
12057011603,62.85
12057011605,89.5
12057011606,52.85
12057011607,90.94
12057011608,64.29
12057011610,208.33
12057011611,56.29
12057011612,82.03
12057011613,121.63
12057011614,55.17
12057011615,61.77
12057011706,63.62
12057011708,42.75
12057011709,36.36
12057011710,44.61
12057011712,49.34
12057011802,122.32
12057011803,50.71
12057011804,82.54
12057011901,48.48
12057011902,82.34
12057011904,48.78
12057011905,109.02
12057011906,83.54
12057012001,129.06
12057012002,72.96
12057012103,57.2
12057012104,84.5
12057012106,67.61
12057012107,60.59
12057012108,80.18
12057012206,53.42
12057012207,66.77
12057012208,60.5
12057012209,45.59
12057012210,120.59
12057012211,7.55
12057012212,36.35
12057012213,90.27
12057012301,105.26
12057012303,110.07
12057012304,59.74
12057012401,75.05
12057012402,70.19
12057012403,54.33
12057012501,105.31
12057012503,86.96
12057012504,58.5
12057012600,94.03
12057012701,78.14
12057012702,111.5
12057012800,104.74
12057012900,62.73
12057013001,89.31
12057013002,68.45
12057013003,73.62
12057013004,52.51
12057013100,97.59
12057013203,84.99
12057013204,192.13
12057013205,71.14
12057013206,59.8
12057013207,64.25
12057013208,59.43
12057013305,78.26
12057013307,150.24
12057013310,34.01
12057013311,97.18
12057013312,101.62
12057013313,103.7
12057013314,71.38
12057013315,27.08
12057013316,28.2
12057013317,0
12057013318,30.09
12057013319,23.23
12057013320,38.72
12057013321,61.18
12057013322,51.62
12057013406,147.49
12057013407,70.44
12057013409,65.16
12057013410,42.07
12057013411,148.56
12057013412,61.49
12057013413,60.27
12057013414,82.52
12057013415,61.68
12057013501,95.79
12057013503,93.51
12057013504,94.98
12057013505,98.87
12057013602,79.56
12057013604,74.07
12057013702,55.11
12057013703,61.4
12057013704,47.63
12057013801,122.39
12057013802,114.24
12057013803,142.49
12057013804,32.68
12057013806,89.84
12057013807,34.77
12057013903,109.32
12057013907,121.33
12057013908,89.35
12057013912,101.86
12057013913,65.48
12057013914,74.13
12057013915,29.39
12057013916,24.6
12057013917,25.11
12057013918,105.87
12057013919,49.61
12057013920,35.38
12057013921,47.43
12057013922,21.29
12057013923,24.18
12057014002,82.36
12057014003,132.54
12057014007,29.51
12057014008,525.22
12057014009,1026.44
12057014010,433.1
12057014011,434.54
12057014012,345.18
12057014013,115.66
12057014014,1115.28
12057014015,299.51
12057014016,253.3
12057014104,202.2
12057014106,163.88
12057014108,79.55
12057014109,61.32
12057014117,138.42
12057014118,100.32
12057014119,37.72
12057014121,59.8
12057014122,50.34
12057980300,200
12057980400,119.05
12057980500,526.32
12059960100,131.94
12059960200,185.22
12059960300,164.82
12059960400,177.5
12061050100,160.82
12061050200,135.67
12061050301,431.93
12061050302,124.08
12061050401,128.1
12061050402,178.24
12061050501,173.2
12061050503,138.11
12061050504,181.55
12061050505,144.18
12061050601,282.51
12061050602,99.87
12061050603,113.16
12061050604,245
12061050605,330.86
12061050606,61.57
12061050702,83.78
12061050703,87.94
12061050704,317.93
12061050705,289.33
12061050802,156.11
12061050804,129.15
12061050805,173.29
12061050806,147.84
12061050807,147.74
12061050808,171.83
12061050902,246.41
12061050903,91.53
12061050904,41.66
12063210100,96.56
12063210200,127.84
12063210300,123.64
12063210400,169.39
12063210500,119.53
12063210600,129.49
12063210700,145.38
12063210800,126.48
12063210900,101.19
12063211000,164.25
12063211100,137.32
12065250101,85.64
12065250102,144.37
12065250200,126.85
12067960100,24.87
12067960200,107.34
12069030102,163.1
12069030104,390.67
12069030105,105.22
12069030106,181.03
12069030107,118.44
12069030108,88.29
12069030203,105.64
12069030204,113.26
12069030206,140.33
12069030207,166.03
12069030208,86.86
12069030209,257.21
12069030302,160.46
12069030305,146.45
12069030306,245.96
12069030307,195.11
12069030308,191.63
12069030405,110.68
12069030406,180.07
12069030407,119.73
12069030408,372.74
12069030409,444.73
12069030410,127.26
12069030411,177.03
12069030502,153.98
12069030503,112.06
12069030504,145.83
12069030601,238.15
12069030602,154.59
12069030701,539.67
12069030702,69.38
12069030803,215.89
12069030804,313.48
12069030805,133.3
12069030806,211.56
12069030807,174.05
12069030902,65.66
12069030912,131.96
12069030913,531.52
12069030914,99.4
12069031000,105.69
12069031101,232.23
12069031102,229.32
12069031103,95.34
12069031202,102.1
12069031203,102.79
12069031204,78.18
12069031205,71.54
12069031301,89.69
12069031305,113.45
12069031306,66.77
12069031307,84.18
12069031308,142.46
12069031309,60.82
12069031310,62.73
12069031311,44.24
12071000301,77.54
12071000302,63.29
12071000401,100
12071000402,146.5
12071000502,105.81
12071000503,80.3
12071000504,148.88
12071000600,94.49
12071000700,96.46
12071000800,283.64
12071000900,103.64
12071001000,122.72
12071001101,118.11
12071001102,256.41
12071001201,55.21
12071001202,71.3
12071001300,151.74
12071001401,120.5
12071001402,125.18
12071001501,210.53
12071001502,56.46
12071001601,112.58
12071001602,268.24
12071001701,228.75
12071001703,346
12071001705,207.33
12071001706,131.58
12071001707,238.83
12071001801,100.46
12071001802,104.6
12071001903,144.93
12071001906,228.72
12071001907,143.45
12071001908,232.3
12071001910,57.7
12071001911,143.88
12071001912,243.24
12071001913,192.66
12071001914,126.88
12071001915,1171.42
12071010102,138.55
12071010103,59.32
12071010104,98.72
12071010105,83.26
12071010201,61.74
12071010203,67.41
12071010204,154.7
12071010302,138.8
12071010303,106.05
12071010304,117.34
12071010305,162.95
12071010306,155.74
12071010307,83.55
12071010404,82.92
12071010405,191.06
12071010406,79.53
12071010407,122.2
12071010409,64.52
12071010410,105.14
12071010411,103.6
12071010412,140.32
12071010501,106.55
12071010502,159.62
12071010601,167.2
12071010602,214.41
12071010701,173.64
12071010702,260.48
12071010801,131.04
12071010802,185.98
12071010803,123.2
12071020101,255.52
12071020102,212.57
12071020201,223.07
12071020202,98.08
12071020300,134.67
12071020400,136.99
12071020501,366.04
12071020502,181.68
12071020600,184.69
12071020700,166.15
12071020800,268.92
12071030100,92.43
12071030201,138.57
12071030202,87.73
12071030203,92.34
12071030204,111.36
12071030300,140.03
12071040108,89.72
12071040109,59.41
12071040110,72.22
12071040111,158.98
12071040112,91.26
12071040113,79.19
12071040114,58.99
12071040115,21.84
12071040116,43.88
12071040117,153.02
12071040118,61.79
12071040119,51.38
12071040120,29.7
12071040121,16.23
12071040122,18.76
12071040123,79.62
12071040124,36.08
12071040125,75.22
12071040126,38.67
12071040127,50.22
12071040203,96.84
12071040205,22.64
12071040206,73.83
12071040207,137.8
12071040208,29.67
12071040209,80.79
12071040210,69.76
12071040301,33.45
12071040302,26.72
12071040303,21.03
12071040304,190.14
12071040305,141.62
12071040308,34.32
12071040309,83.58
12071040310,42.33
12071040311,103.88
12071040312,67.81
12071040313,87.31
12071040314,46.9
12071050103,93.55
12071050104,157.51
12071050105,135.5
12071050106,127.57
12071050203,130.71
12071050204,49.8
12071050205,111.96
12071050206,23.23
12071050207,65.23
12071050208,73.83
12071050209,62.06
12071050305,174.78
12071050306,92.95
12071050307,70.39
12071050308,115.59
12071050310,90.12
12071050311,47.54
12071050312,106.35
12071050313,119.35
12071050314,129.33
12071050400,68.17
12071050500,64.91
12071050601,153.31
12071050602,98
12071060101,260.76
12071060102,124.96
12071060201,126.74
12071060202,97.93
12071060203,107.84
12071060300,220.73
12071070101,128.9
12071070102,104.03
12071070200,201.21
12071080100,311.11
12071080202,128.4
12071080203,119.25
12071080204,106.66
12071080300,690.87
12071090100,151.93
12073000200,70.22
12073000301,100.87
12073000302,140.12
12073000303,75.74
12073000400,32.8
12073000500,8.31
12073000600,65.26
12073000700,114.17
12073000800,55.62
12073000901,92.56
12073000903,76.03
12073000904,55.3
12073000905,57.2
12073001001,66.36
12073001002,55.58
12073001101,83.67
12073001102,152.35
12073001200,38.99
12073001401,105.71
12073001402,20.74
12073001500,47
12073001601,67.14
12073001602,84.88
12073001700,114.5
12073001801,103.86
12073001802,53.28
12073001901,93.33
12073001902,62.31
12073002003,28.05
12073002004,10.5
12073002005,5.9
12073002006,18.17
12073002101,43.3
12073002103,16.84
12073002104,20.05
12073002201,38.85
12073002205,38.83
12073002206,83.44
12073002207,97.36
12073002208,44.02
12073002302,87.09
12073002303,49.65
12073002304,46.71
12073002403,85.87
12073002408,61.85
12073002410,56.44
12073002411,119.4
12073002412,43.5
12073002413,56.37
12073002414,127.48
12073002415,107.94
12073002416,69.91
12073002417,56.02
12073002505,172.87
12073002507,54.83
12073002508,82.86
12073002509,40.68
12073002510,62.62
12073002511,91.32
12073002512,73.31
12073002513,37.61
12073002603,86.11
12073002604,89.46
12073002605,21.48
12073002606,65.95
12073002701,82.91
12073002702,90.85
12075970101,95.12
12075970102,89.25
12075970200,117.3
12075970301,204.4
12075970302,154.15
12075970400,98.66
12075970500,150.8
12075970600,111.5
12075970700,313.28
12077950100,98.16
12077950200,66.62
12079110100,140.34
12079110200,154.01
12079110301,138.7
12079110302,127.03
12079110400,101.91
12081000101,782.41
12081000103,101.05
12081000105,149.31
12081000106,71.25
12081000201,197.67
12081000202,314.08
12081000304,155.24
12081000305,92.11
12081000306,139.83
12081000307,122.03
12081000308,237.6
12081000309,99.4
12081000310,99.17
12081000403,110.85
12081000405,231.58
12081000406,234.08
12081000407,450.88
12081000408,201.25
12081000501,107.13
12081000503,146.3
12081000504,161.2
12081000601,144.2
12081000603,287.03
12081000604,352.41
12081000703,285.18
12081000704,124.28
12081000705,94.96
12081000803,80.1
12081000804,162.28
12081000805,106.77
12081000807,72.76
12081000808,108.6
12081000809,113.44
12081000810,74.74
12081000901,82.87
12081000902,102.37
12081001000,139.7
12081001104,98.18
12081001105,138.52
12081001106,87.12
12081001107,84.62
12081001108,202.49
12081001202,128.18
12081001203,156.01
12081001204,127.57
12081001300,182.78
12081001402,210.65
12081001403,126.69
12081001404,67.19
12081001501,98.52
12081001502,148.51
12081001601,152.43
12081001602,86.96
12081001701,95.01
12081001703,101.12
12081001704,120.64
12081001800,170.49
12081001904,153.99
12081001907,126.12
12081001908,249.24
12081001909,131.13
12081001910,89.45
12081001911,81.86
12081001912,68.31
12081001913,43.51
12081001914,74.83
12081002003,79.35
12081002005,100.41
12081002007,69.55
12081002008,62.68
12081002010,42.44
12081002011,142.12
12081002012,86.53
12081002013,47.59
12081002014,52.59
12081002015,23.6
12081002016,48.74
12081002017,98.84
12083000100,123.46
12083000200,141.86
12083000301,63.32
12083000302,174.88
12083000401,280.75
12083000402,188.76
12083000501,231.57
12083000502,230.89
12083000601,219.68
12083000602,205.42
12083000604,119.79
12083000605,297.35
12083000701,160.82
12083000702,228.53
12083000801,300.33
12083000802,200.6
12083000901,148.07
12083000902,124.06
12083001003,188.68
12083001004,130.84
12083001005,148.19
12083001006,205.96
12083001007,315.13
12083001008,448.75
12083001102,182.29
12083001103,77.21
12083001104,194.04
12083001204,101.38
12083001205,222.87
12083001206,87.36
12083001207,114.86
12083001208,154.08
12083001301,132.13
12083001302,142.98
12083001401,146.67
12083001402,299.28
12083001500,171.22
12083001600,104.42
12083001700,140.79
12083001800,154.89
12083001900,218.41
12083002001,176.9
12083002002,149.95
12083002100,140.17
12083002201,262.47
12083002202,165.38
12083002203,124.42
12083002301,400.07
12083002302,131.97
12083002401,248.87
12083002402,81.81
12083002502,172.9
12083002503,199.03
12083002504,186.17
12083002601,167.96
12083002602,110.12
12083002604,102.37
12083002605,219.52
12083002606,481.03
12083002701,231.85
12083002702,286
12085000100,180.93
12085000200,168.04
12085000300,136.15
12085000400,100.81
12085000501,169.68
12085000502,101.2
12085000603,115.57
12085000604,98.64
12085000606,107.15
12085000607,235.45
12085000610,172.62
12085000700,207.88
12085000800,180.52
12085000901,353.05
12085000902,189.67
12085001000,195.22
12085001102,188.59
12085001103,140.25
12085001104,96.88
12085001200,109.65
12085001301,121.09
12085001302,125.16
12085001404,102.48
12085001406,69.08
12085001407,265.98
12085001408,118.2
12085001409,132
12085001410,134.72
12085001500,126.82
12085001601,160.86
12085001602,140.6
12085001700,106.82
12085001801,83.42
12085001802,60.66
12086000107,48.84
12086000109,54.92
12086000113,89.02
12086000115,67.62
12086000118,18.13
12086000119,176.32
12086000120,66.32
12086000121,153.85
12086000122,256.34
12086000123,124.7
12086000124,91.62
12086000125,155.29
12086000126,156.96
12086000127,108.09
12086000128,80.58
12086000129,161.76
12086000130,140.55
12086000131,360.84
12086000132,168.44
12086000133,66.73
12086000134,161.63
12086000140,30.39
12086000202,85.08
12086000204,76.26
12086000206,71.57
12086000209,112.28
12086000211,113.6
12086000212,145.74
12086000213,67.75
12086000214,75.11
12086000215,75.27
12086000216,65.96
12086000217,74.71
12086000218,58.68
12086000219,91.56
12086000220,74.1
12086000301,117.14
12086000302,79.97
12086000305,122.12
12086000306,121.22
12086000307,92.87
12086000308,84.78
12086000402,126.09
12086000403,90.06
12086000404,104.58
12086000405,95.42
12086000408,113.66
12086000409,69.59
12086000410,86.06
12086000411,89.19
12086000412,122.33
12086000413,77.38
12086000414,81.15
12086000501,49.55
12086000503,52.76
12086000504,79.34
12086000505,72.49
12086000601,135.08
12086000602,110.64
12086000603,134.96
12086000604,123.29
12086000605,131.4
12086000607,99.45
12086000608,128.56
12086000705,136.22
12086000706,123.22
12086000707,86.55
12086000708,111.38
12086000709,139.89
12086000710,122.68
12086000711,143.86
12086000712,57.87
12086000804,115.27
12086000805,113.81
12086000806,268.27
12086000807,122.93
12086000808,133.8
12086000901,143.02
12086000902,159.78
12086000903,155.54
12086001002,133.75
12086001003,143
12086001004,97.53
12086001005,331.57
12086001006,80.58
12086001101,116.34
12086001102,74.22
12086001103,80.16
12086001104,94.71
12086001203,59.29
12086001204,95.73
12086001205,98.43
12086001206,102.99
12086001301,101.37
12086001302,64.01
12086001401,103.22
12086001402,78.15
12086001501,96.36
12086001502,130.38
12086001602,98.43
12086001603,115.07
12086001605,154.4
12086001606,103.84
12086001701,115.89
12086001702,112.06
12086001703,110.39
12086001801,128.82
12086001802,120.67
12086001803,179.4
12086001901,107.6
12086001903,97.79
12086001904,120.07
12086002001,114.46
12086002003,61.81
12086002004,68.03
12086002100,53.11
12086002201,293.14
12086002202,80.51
12086002300,145.74
12086002402,81.33
12086002403,64.05
12086002404,155.94
12086002501,69.74
12086002502,63.93
12086002600,39.63
12086002702,36.07
12086002703,24.2
12086002705,78.95
12086002706,15.83
12086002800,38.11
12086002900,124.09
12086003001,282.82
12086003003,98.17
12086003004,93.98
12086003100,132.71
12086003400,175.35
12086003601,128.66
12086003602,99.33
12086003702,22.42
12086003703,6.53
12086003704,100.78
12086003705,15.52
12086003706,7.42
12086003707,62.54
12086003801,73.68
12086003803,196.01
12086003804,106.09
12086003906,67.29
12086003909,152.35
12086003911,74.17
12086003912,53.6
12086003913,76.21
12086003914,101.79
12086003915,77.21
12086003916,57.56
12086003917,169.52
12086003918,33.3
12086003919,129.65
12086003921,114.35
12086003922,87.91
12086004000,83.85
12086004102,64.4
12086004103,133.89
12086004105,133.44
12086004106,41.94
12086004203,39.98
12086004204,85.71
12086004205,75.32
12086004206,122.79
12086004301,46.13
12086004303,30.84
12086004304,86.1
12086004403,188.41
12086004404,207.82
12086004405,87.57
12086004406,50.37
12086004500,194.3
12086004602,48.08
12086004605,77.56
12086004607,57.67
12086004608,66.82
12086004701,121.03
12086004702,107.25
12086004703,282.84
12086004901,44.48
12086004902,115.15
12086005001,103.59
12086005002,118.61
12086005102,147.82
12086005103,73.9
12086005104,62.28
12086005201,55.7
12086005202,156.33
12086005302,155.77
12086005303,72.99
12086005304,77.08
12086005403,82.79
12086005405,74.34
12086005406,87.22
12086005407,145.87
12086005409,117.92
12086005410,107.58
12086005501,124.17
12086005502,144.32
12086005600,72.77
12086005701,131.72
12086005703,139.67
12086005704,99.56
12086005801,107.25
12086005802,137.6
12086005901,145.23
12086005902,202.04
12086005903,141.11
12086005904,123.86
12086006001,136.33
12086006002,146.32
12086006101,99.47
12086006102,93.57
12086006201,89.66
12086006203,134.26
12086006205,28.19
12086006206,42.02
12086006301,150.2
12086006302,158.82
12086006401,120.3
12086006402,105.12
12086006403,130.79
12086006501,144.7
12086006503,200.39
12086006504,131.53
12086006601,100.47
12086006602,72.41
12086006702,37.92
12086006705,89.74
12086006706,69.34
12086006707,21.56
12086006709,9.28
12086006711,17.05
12086006713,8.71
12086006714,52.69
12086006801,51.39
12086006802,164.41
12086006900,122.1
12086007001,108.13
12086007002,91.31
12086007101,115.83
12086007103,20.03
12086007104,29.37
12086007200,115.37
12086007300,45.73
12086007400,81.71
12086007501,89.66
12086007503,135.42
12086007601,82.92
12086007603,79.58
12086007604,51.49
12086007605,44.98
12086007606,94.25
12086007701,166.1
12086007702,146.01
12086007704,48.12
12086007705,109.47
12086007801,45.25
12086007804,60.96
12086007805,129.02
12086007806,50.68
12086007807,87.72
12086007901,111.96
12086007902,78.46
12086008000,57.59
12086008101,67.04
12086008102,62.18
12086008202,55.83
12086008205,77.19
12086008206,96.45
12086008207,69.72
12086008208,116.28
12086008209,67.29
12086008304,104.71
12086008305,65.21
12086008306,82.19
12086008307,70.66
12086008308,109.07
12086008309,109.1
12086008405,93.07
12086008407,125.1
12086008409,69.42
12086008410,88.79
12086008412,239.41
12086008414,75.49
12086008415,79.95
12086008416,199.56
12086008417,109.83
12086008418,85.29
12086008419,92.93
12086008501,147.31
12086008502,104.54
12086008601,139.13
12086008602,137.98
12086008701,150.02
12086008702,140.16
12086008803,135.87
12086008804,203.8
12086008805,132.14
12086008806,149.72
12086008901,169.65
12086008902,153.18
12086008906,127.84
12086008907,147.66
12086009006,136.53
12086009010,59.91
12086009014,46.84
12086009015,94.06
12086009017,110.01
12086009019,160.7
12086009020,145.54
12086009021,88.44
12086009022,89.12
12086009023,65.91
12086009024,58.32
12086009026,131.12
12086009027,50.75
12086009028,64.97
12086009029,99.64
12086009030,48.24
12086009031,44.22
12086009034,40.14
12086009035,44.45
12086009036,23.52
12086009038,11.76
12086009039,27.58
12086009040,51.11
12086009043,13.05
12086009044,17.92
12086009046,7.35
12086009047,14.53
12086009100,66.13
12086009200,118.31
12086009305,97.09
12086009306,110.78
12086009307,94.68
12086009308,63.19
12086009309,94.38
12086009311,120.72
12086009312,40.22
12086009313,104.94
12086009314,78.57
12086009315,401.34
12086009400,65.66
12086009501,54.16
12086009503,63.12
12086009504,82.07
12086009600,168.72
12086009703,66.73
12086009704,132.13
12086009705,118.22
12086009706,61.76
12086009803,50.9
12086009804,73.26
12086009806,110.68
12086009807,43.54
12086009808,160.08
12086009901,54.57
12086009903,78.02
12086009904,53.07
12086009905,66.93
12086009906,76.23
12086010001,98.91
12086010005,87.15
12086010006,69.15
12086010009,70.72
12086010010,82.2
12086010011,53.99
12086010012,48.99
12086010013,66.16
12086010015,94.89
12086010016,63.1
12086010193,39.83
12086010198,62.45
12086010201,74.48
12086010204,68.65
12086010205,125.57
12086010207,98.51
12086010208,95.54
12086010209,72.2
12086010210,72
12086010300,106.43
12086010400,60.61
12086010500,41.73
12086010604,89.15
12086010606,85.74
12086010608,83.44
12086010609,88.19
12086010610,327.95
12086010612,38.78
12086010613,69.58
12086010614,47.05
12086010617,22.4
12086010703,41.38
12086010704,42.03
12086010801,32.94
12086010802,26.76
12086010900,46.46
12086011001,33.14
12086011003,43.79
12086011005,50.73
12086011007,49.03
12086011008,17.94
12086011009,34.92
12086011101,50.28
12086011102,64.82
12086011201,44.84
12086011202,64.77
12086011300,54.86
12086011401,44.97
12086011403,64.54
12086011404,24.56
12086011500,74.07
12086011600,49.18
12086011700,51.52
12086011800,61.63
12086011900,51.28
12086012000,15.63
12086012100,23.49
12086012200,80.01
12086012300,52.83
12086012400,48.03
12086012500,52.04
12086012600,45.75
12086012700,40.79
12086012800,68.56
12086012900,39
12086013000,80.31
12086013100,44.39
12086013200,57.8
12086013300,46.11
12086013400,50.08
12086013500,68.93
12086013600,93.06
12086013700,153.35
12086013800,37.53
12086013900,74
12086014000,161.29
12086014100,12.38
12086014200,92.61
12086014300,106.09
12086014400,59.14
12086014500,116.52
12086014600,79.37
12086014700,104.15
12086014800,95.95
12086014900,111.73
12086015000,119.39
12086015100,30.8
12086015200,49.81
12086015300,98.02
12086015400,160.44
12086015500,166.32
12086015600,51.26
12086015700,101.5
12086015800,165.81
12086015900,113.37
12086016000,100.91
12086016100,114.13
12086016200,109.46
12086016300,82.09
12086016400,65.2
12086016500,43.29
12086016600,85.64
12086016700,105.58
12086016800,94.3
12086016900,69.32
12086017000,94.7
12086017100,103.34
12086017200,91.32
12086017300,77.2
12086017400,108.34
12086017500,59.79
12086017600,39.93
12086017700,57
12086017800,29.24
12086017900,60.87
12086018000,62.71
12086018100,56.76
12086018200,49.7
12086018300,38.67
12086018400,37.46
12086018500,81.74
12086018600,39.93
12086018700,55.47
12086018800,71.34
12086018900,85.22
12086019000,83.36
12086019100,74.1
12086019200,63.02
12086019300,36.02
12086019400,31.5
12086019500,47.22
12086019600,50.3
12086019700,88.47
12086019800,74.97
12086019900,43.11
12086020000,78.74
12086020100,47.44
12086020200,70
12086020300,86.72
12086490100,143.39
12086980300,0
12086980700,35.59
12087970200,182.98
12087970300,122.52
12087970400,133.12
12087970500,110.69
12087970600,187.62
12087970700,88.84
12087970800,157.41
12087970900,147.06
12087971001,107.12
12087971002,118.01
12087971100,74.12
12087971200,124.12
12087971300,151.82
12087971401,92.33
12087971402,49.7
12087971501,116.03
12087971502,78.74
12087971600,51.69
12087971700,49.79
12087971800,59.34
12087971900,95.52
12087972000,108.23
12087972100,96.64
12087972200,75.3
12087972300,116.59
12087972400,94.03
12087972500,44.64
12087972600,163.93
12087980000,0
12089050101,141.92
12089050102,124.44
12089050201,293.76
12089050202,123.46
12089050203,96.08
12089050301,75.6
12089050302,113.21
12089050303,87.02
12089050400,103.27
12089050502,98.91
12089050503,78.36
12089050504,90.15
12091020100,127.43
12091020200,140.11
12091020301,79.49
12091020302,61.2
12091020400,96.49
12091020500,98.22
12091020600,69.05
12091020700,63.53
12091020800,61.4
12091020900,103.18
12091021001,99.54
12091021002,129.35
12091021101,125.27
12091021102,99.27
12091021200,72.96
12091021400,12.44
12091021501,78.65
12091021502,77.96
12091021600,87.08
12091021700,121
12091021801,56.45
12091021802,162.88
12091021900,88.39
12091022001,108.29
12091022002,104.17
12091022100,94.02
12091022300,68.47
12091022400,123.74
12091022500,137.84
12091022600,88.5
12091022700,137.02
12091022800,76.86
12091022900,99.03
12091023100,45.18
12091023200,124.1
12091023303,114.33
12091023304,34.66
12091023305,71.87
12091023306,75.29
12091023307,52.91
12091023308,62.11
12093910101,72.25
12093910102,106.34
12093910201,97.29
12093910202,107.74
12093910300,267
12093910401,178.11
12093910402,83.91
12093910403,232.84
12093910500,191.49
12093910601,196.88
12093910602,138.14
12095010200,127.7
12095010300,378.82
12095010400,116.03
12095010500,147.74
12095010802,52.54
12095011000,76.8
12095011100,94.34
12095011200,89.85
12095011300,62.17
12095011600,96.3
12095011701,153.71
12095011702,148.15
12095012000,60.29
12095012100,66.73
12095012201,75.36
12095012202,86.11
12095012303,39.34
12095012304,55.98
12095012305,52.28
12095012306,48.85
12095012307,66.51
12095012401,49.99
12095012402,75.28
12095012403,64.4
12095012500,130.54
12095012600,62.18
12095012701,47.44
12095012800,96.39
12095012900,105.58
12095013201,71.41
12095013202,55.36
12095013300,121.87
12095013402,59.36
12095013403,70.06
12095013405,46.06
12095013406,87.28
12095013503,32.89
12095013505,87.11
12095013507,24.32
12095013508,16.71
12095013509,76.28
12095013510,43.37
12095013511,118.66
12095013512,53.61
12095013603,94.7
12095013604,44.33
12095013605,45.08
12095013606,48.21
12095013607,102.48
12095013701,64.36
12095013702,66.42
12095013801,75.16
12095013802,114.45
12095013803,94.34
12095013900,139.15
12095014000,96.42
12095014100,91.11
12095014200,57.81
12095014301,70.36
12095014302,44.78
12095014400,183.62
12095014502,47.11
12095014503,84.35
12095014504,16.33
12095014601,62.18
12095014605,149.89
12095014606,34.4
12095014607,25.39
12095014608,83.87
12095014609,27.78
12095014701,87.87
12095014702,62.72
12095014703,35.99
12095014704,15.95
12095014804,62.56
12095014805,35.16
12095014806,83.54
12095014807,56.53
12095014808,37.61
12095014809,58.2
12095014810,79.12
12095014811,86.39
12095014812,46.11
12095014813,66.13
12095014904,33.76
12095014906,59.06
12095014908,88.4
12095014909,53.36
12095015001,35.27
12095015002,61.84
12095015003,69.18
12095015004,38.5
12095015103,51.24
12095015104,94.39
12095015105,111.9
12095015106,48.9
12095015201,44.13
12095015202,87.12
12095015300,151.07
12095015402,135.14
12095015501,137.54
12095015601,112.31
12095015602,112.83
12095015701,123.27
12095015702,42.35
12095015801,55.52
12095015802,78.74
12095015901,112.13
12095015902,177.22
12095016001,23.95
12095016002,92.1
12095016100,247.63
12095016200,86.96
12095016301,217.29
12095016302,43.07
12095016402,41.89
12095016406,14.51
12095016407,29.74
12095016408,47.74
12095016409,85.76
12095016410,42.76
12095016411,44.77
12095016412,52.41
12095016503,47.85
12095016504,53.24
12095016505,55.5
12095016507,11.81
12095016508,30.41
12095016509,215.96
12095016510,64.97
12095016511,18.83
12095016601,81.8
12095016602,86.76
12095016704,18.51
12095016709,49.16
12095016710,50.09
12095016712,44.24
12095016713,70.2
12095016714,63.41
12095016715,100.72
12095016716,80.48
12095016717,50.14
12095016723,120.92
12095016724,33.94
12095016727,27.42
12095016728,58.69
12095016729,37.9
12095016730,36.16
12095016731,20.83
12095016732,31.95
12095016733,90.84
12095016734,40.22
12095016802,42.29
12095016803,62.94
12095016804,63.03
12095016806,44.43
12095016807,31.17
12095016902,63.63
12095016903,26.22
12095016904,48.28
12095016906,22.79
12095016907,33
12095017001,49.8
12095017004,91.13
12095017006,28.03
12095017008,33.21
12095017011,129.52
12095017012,36.62
12095017013,58.97
12095017014,52.62
12095017015,43.76
12095017016,65.08
12095017017,32.27
12095017103,32.87
12095017104,34.01
12095017105,32.67
12095017107,34.84
12095017108,37.19
12095017109,70.83
12095017200,109.32
12095017300,90.55
12095017400,120.91
12095017501,74.57
12095017503,52.07
12095017504,73.3
12095017600,90.44
12095017701,45.49
12095017702,105.26
12095017703,131.77
12095017802,75.39
12095017804,71.41
12095017805,71.38
12095017806,70.85
12095017807,60.87
12095017808,104.37
12095017901,60.59
12095017902,230.61
12095018000,140.75
12095018100,106.88
12095018200,54.05
12095018300,202.87
12095018400,83.43
12095018500,134.74
12095018700,106.29
12095018800,25.71
12095018900,146.7
12097040801,97.3
12097040802,54.08
12097040803,60.98
12097040804,70.67
12097040901,57.87
12097040902,73.71
12097041001,221.49
12097041002,69.4
12097041100,54.26
12097041300,63.79
12097041500,78.34
12097041600,154.36
12097041700,105.74
12097041800,110.44
12097041900,61.94
12097042000,58.36
12097042100,36.1
12097042200,136.53
12097042300,109.68
12097042400,103.57
12097042500,81.06
12097042601,43.49
12097042602,44.07
12097042701,60.9
12097042702,80
12097042800,66.27
12097042900,46.31
12097043100,129
12097043201,394.74
12097043202,90.91
12097043203,181.49
12097043204,80.33
12097043205,111.87
12097043206,213.41
12097043301,118.16
12097043302,69.74
12097043400,120.37
12097043500,148.89
12097043600,72.23
12097043700,100.13
12097043800,99.83
12099000101,105.65
12099000102,208.01
12099000202,71.07
12099000204,130.32
12099000205,60.81
12099000206,53.74
12099000208,61.97
12099000209,66.15
12099000210,51.29
12099000211,56.23
12099000213,167.58
12099000214,31.07
12099000215,51.15
12099000301,155.79
12099000303,136.26
12099000304,143.81
12099000405,120.48
12099000406,140.01
12099000407,183.49
12099000408,248.51
12099000410,271.58
12099000505,248.28
12099000507,133.33
12099000509,215.37
12099000511,233.45
12099000600,100.81
12099000702,120.77
12099000703,124.97
12099000802,75.68
12099000803,356.41
12099000804,94.58
12099000902,91.35
12099000903,80.14
12099000904,81.55
12099000905,131.66
12099001002,71.93
12099001003,85.04
12099001004,159.11
12099001101,93.58
12099001102,203.27
12099001200,113.47
12099001301,62.36
12099001302,153.88
12099001402,60.88
12099001403,134.5
12099001404,82.22
12099001500,131.58
12099001600,78.91
12099001700,82.33
12099001801,82.66
12099001802,142.72
12099001904,42.04
12099001907,251.21
12099001908,217.62
12099001909,54.4
12099001910,470.11
12099001911,404.26
12099001912,389.92
12099001913,424.73
12099001914,152.67
12099001915,25.32
12099001916,51.31
12099001917,65.92
12099002005,101.68
12099002006,258.46
12099002100,154.84
12099002200,81.01
12099002300,98.45
12099002400,118.51
12099002600,241.94
12099002700,192.31
12099002800,86.18
12099002900,38.37
12099003000,77.23
12099003101,156.04
12099003102,59.06
12099003201,92.74
12099003202,45.57
12099003300,99.55
12099003400,82.62
12099003504,200.25
12099003507,158.48
12099003509,230.83
12099003511,309.68
12099003600,75.84
12099003700,108.15
12099003800,43.32
12099003901,75.25
12099003902,43.61
12099004005,81
12099004007,32.26
12099004008,47.49
12099004009,31.35
12099004010,20.72
12099004011,39.75
12099004012,225.72
12099004013,399.45
12099004101,108.34
12099004102,32.96
12099004201,59.24
12099004202,105.05
12099004203,153.23
12099004300,83.8
12099004401,126.35
12099004402,93.38
12099004500,70.82
12099004601,60.27
12099004602,54.15
12099004702,59.76
12099004704,47.36
12099004705,82.4
12099004706,237.63
12099004809,269.75
12099004810,182.23
12099004811,127.15
12099004812,36.02
12099004813,33.25
12099004815,89.67
12099004816,248.3
12099004817,328.85
12099004818,292.31
12099004819,73.15
12099004902,157.07
12099004903,27.22
12099004904,52.69
12099005000,114.88
12099005101,18.99
12099005102,95.48
12099005202,86.62
12099005203,60.98
12099005204,65.31
12099005300,111.08
12099005405,569.55
12099005407,244.76
12099005409,313.9
12099005411,120.94
12099005501,81.48
12099005502,86.76
12099005601,83.08
12099005602,75.4
12099005701,137.78
12099005702,78.62
12099005807,312.5
12099005808,206.76
12099005810,414.96
12099005811,182.94
12099005812,27.66
12099005813,56.72
12099005814,99.72
12099005815,112.84
12099005816,77.13
12099005817,66.94
12099005903,37.26
12099005915,192.16
12099005916,40.2
12099005917,55.16
12099005918,30.62
12099005921,156.01
12099005922,208.12
12099005923,356.45
12099005926,299.46
12099005930,252.12
12099005931,425.6
12099005933,462.59
12099005934,575.75
12099005935,532.6
12099005936,480.86
12099005937,89.69
12099005938,356.21
12099005939,468.38
12099005940,441.64
12099005942,217.88
12099005943,347.13
12099005944,411.71
12099005945,243.11
12099005946,52
12099005947,347.25
12099005949,183.77
12099005950,43
12099005951,134.83
12099005952,400.93
12099005953,304.9
12099005954,242.99
12099005955,200.96
12099005956,586.03
12099006005,211.05
12099006006,357.44
12099006007,172.41
12099006008,230.45
12099006009,426.49
12099006010,105.7
12099006011,142.45
12099006012,124
12099006100,70.85
12099006201,45.5
12099006202,129.25
12099006203,291.13
12099006300,107.65
12099006401,103.88
12099006402,287.59
12099006501,47.88
12099006502,17.95
12099006602,89.95
12099006603,213.12
12099006604,88.45
12099006605,149.03
12099006700,170.78
12099006801,84.15
12099006802,111.92
12099006906,89.95
12099006907,147.93
12099006908,269.37
12099006909,127.03
12099006910,229.56
12099006911,240.46
12099006912,189.06
12099007002,149.62
12099007005,237.96
12099007006,94.77
12099007007,46.25
12099007008,44.44
12099007009,84.94
12099007010,202.58
12099007011,231.17
12099007201,136.78
12099007202,87.13
12099007203,64.91
12099007301,77.66
12099007302,65.55
12099007407,182.52
12099007410,109.49
12099007412,160.43
12099007414,256.41
12099007416,194.81
12099007418,304.57
12099007420,190.91
12099007501,87.67
12099007504,96.19
12099007505,144.29
12099007602,167.42
12099007603,93.34
12099007604,64.25
12099007605,61.79
12099007607,349.02
12099007610,97.63
12099007612,182.36
12099007613,198.1
12099007614,236.62
12099007615,57.37
12099007616,651.53
12099007617,248.73
12099007618,130.6
12099007705,53.03
12099007710,80.07
12099007713,44.58
12099007716,69.9
12099007721,74.35
12099007723,69.7
12099007724,68.08
12099007725,59.51
12099007730,69.66
12099007731,145.7
12099007732,50.16
12099007733,42.63
12099007734,47.6
12099007735,48.16
12099007736,50.19
12099007738,95.14
12099007739,120.48
12099007740,183.8
12099007741,195.64
12099007742,334.19
12099007743,59.39
12099007744,292.07
12099007746,479.51
12099007747,571.22
12099007748,45.16
12099007749,173.03
12099007750,37.94
12099007751,70.26
12099007752,51.31
12099007753,78.9
12099007754,161.93
12099007756,125.63
12099007757,94.97
12099007758,50.37
12099007759,65.75
12099007760,26.37
12099007762,93.05
12099007763,33.79
12099007764,88.77
12099007765,47.4
12099007766,99.3
12099007767,54.1
12099007805,79.48
12099007808,76.64
12099007809,71.51
12099007812,119.95
12099007813,73.34
12099007814,348.78
12099007817,65.25
12099007818,48.61
12099007820,66.82
12099007821,76.72
12099007822,70.02
12099007823,83.82
12099007828,67.89
12099007830,118.34
12099007831,125.13
12099007832,252.29
12099007833,96.71
12099007834,268.95
12099007835,55.42
12099007836,75.42
12099007837,110.57
12099007838,67.48
12099007839,53.87
12099007908,52.18
12099007909,52.44
12099007910,49.99
12099007912,59.02
12099008001,67.9
12099008002,124.76
12099008101,43.7
12099008201,63.94
12099008202,77.52
12099008203,49.82
12099008301,50.45
12099008302,49.19
12101030101,143.86
12101030102,148.25
12101030202,206.45
12101030203,180.72
12101030204,159.01
12101030205,139.08
12101030301,224.72
12101030302,322.15
12101030303,116.71
12101030404,136.19
12101030405,190.92
12101030406,243.67
12101030407,163.93
12101030408,186.87
12101030409,173.27
12101030410,240.36
12101030411,129.27
12101030412,138.09
12101030501,260.2
12101030502,119.07
12101030601,214.01
12101030602,149.37
12101030700,101.29
12101030800,185.94
12101030901,163.93
12101030903,126.21
12101030904,168.42
12101030905,153.02
12101031003,140.23
12101031005,118.28
12101031006,106.38
12101031007,136.56
12101031008,173.49
12101031009,138.98
12101031010,126.56
12101031011,198.6
12101031012,214.34
12101031013,210.08
12101031014,116.25
12101031101,255.24
12101031102,322.25
12101031203,305.47
12101031204,152.1
12101031205,212.19
12101031206,187.81
12101031207,162.6
12101031208,138.47
12101031301,179.04
12101031302,76.27
12101031401,170.21
12101031404,199.8
12101031405,116.1
12101031406,264.36
12101031407,210.41
12101031408,266.52
12101031409,85.15
12101031503,117.85
12101031504,118.98
12101031505,87.16
12101031506,105.97
12101031507,93.85
12101031508,56.44
12101031601,114.22
12101031602,51.25
12101031603,19.55
12101031604,52.13
12101031605,98.45
12101031701,131.29
12101031703,114.92
12101031704,91.65
12101031705,152.42
12101031706,149.15
12101031707,147.84
12101031708,217.85
12101031804,205.53
12101031805,163.76
12101031806,100.52
12101031807,177.05
12101031808,89
12101031809,114.61
12101031901,118.53
12101031902,52.52
12101031903,48.07
12101032001,47.76
12101032005,174.1
12101032006,74.76
12101032007,90.06
12101032008,66.95
12101032009,45.66
12101032010,65.69
12101032011,46.17
12101032012,58.39
12101032013,93.99
12101032014,43.15
12101032103,35.86
12101032104,41.27
12101032105,25.54
12101032106,26.26
12101032107,38.64
12101032108,117.67
12101032109,24.01
12101032110,94.28
12101032111,30.62
12101032112,40.89
12101032113,42.61
12101032200,60.55
12101032300,34.95
12101032401,117.15
12101032402,108.57
12101032500,105.3
12101032601,95.98
12101032602,147.15
12101032700,191.39
12101032801,203.35
12101032802,137.76
12101032803,172.51
12101032804,308.15
12101032901,98.47
12101032902,247.47
12101032903,221.6
12101032904,239.16
12101033005,194.59
12101033006,145.92
12101033007,169.12
12101033008,258.81
12101033009,217.08
12101033010,188.25
12101033011,120.48
12101033012,190.56
12101033013,128.96
12101033014,216.66
12101033101,189.29
12101033102,108.54
12103020101,129.58
12103020105,165.58
12103020106,81.46
12103020107,230.58
12103020108,110.9
12103020201,131.38
12103020202,146.03
12103020206,109.81
12103020207,71.21
12103020208,74.29
12103020209,156.41
12103020301,139.01
12103020302,75.02
12103020400,88
12103020500,122.48
12103020600,173.93
12103020700,150.16
12103020800,117.67
12103021200,170.75
12103021500,199.34
12103021600,168.31
12103021800,69.29
12103021900,119.48
12103022000,138.43
12103022100,91.29
12103022200,82.9
12103022301,173.2
12103022302,156.76
12103022401,134.03
12103022402,138.19
12103022501,143.41
12103022502,123.21
12103022503,111.73
12103022601,91.51
12103022602,111.93
12103022700,125.15
12103022801,99.56
12103022802,85.52
12103022901,94.7
12103022902,80.22
12103023000,96.62
12103023100,95.44
12103023200,87.29
12103023300,72.19
12103023400,119.4
12103023500,98.4
12103023600,127.16
12103023700,94.09
12103023800,88.78
12103023900,161.61
12103024001,58.82
12103024002,128.56
12103024004,64.39
12103024005,112.96
12103024100,133.13
12103024200,119.99
12103024301,93.87
12103024302,134.57
12103024403,195.2
12103024406,159.12
12103024408,98.15
12103024409,150.32
12103024410,91.08
12103024411,101.63
12103024412,36.29
12103024413,126.15
12103024505,116.95
12103024507,81.77
12103024508,103.89
12103024509,53.79
12103024510,21.32
12103024511,44.7
12103024512,159.61
12103024513,318.41
12103024514,64.92
12103024601,116.22
12103024602,143.58
12103024701,179.51
12103024702,127.51
12103024703,100.88
12103024801,113.58
12103024803,115.79
12103024804,154.59
12103024805,154.47
12103024901,86.4
12103024902,127
12103024904,107.5
12103024905,98.44
12103024906,108.02
12103025004,123.34
12103025007,137.42
12103025009,58.35
12103025010,206.29
12103025011,119.7
12103025012,106.85
12103025013,86.08
12103025014,69.09
12103025015,440.54
12103025016,91.79
12103025017,251.69
12103025018,219.25
12103025019,197.31
12103025106,159.9
12103025107,149.97
12103025108,253.9
12103025109,126.61
12103025110,135
12103025111,621.72
12103025112,90.23
12103025113,92.22
12103025114,225.68
12103025115,154.7
12103025116,147.45
12103025119,141.14
12103025120,88
12103025121,102.11
12103025122,115.09
12103025123,152.28
12103025203,240.68
12103025204,116.98
12103025205,145.34
12103025207,107.15
12103025208,123.31
12103025209,177.01
12103025303,174
12103025304,252.42
12103025305,481.1
12103025306,129.31
12103025307,129.06
12103025308,269.04
12103025401,121.15
12103025405,227.03
12103025407,94.16
12103025408,132.91
12103025411,63.29
12103025412,80.93
12103025413,174.11
12103025414,194.55
12103025415,89.08
12103025416,99.49
12103025417,315.92
12103025501,123.54
12103025503,347.86
12103025505,118.75
12103025506,98.74
12103025602,208.75
12103025603,124.61
12103025604,103.4
12103025700,175.79
12103025800,130.18
12103025900,231.32
12103026001,160.73
12103026002,116.19
12103026101,93.34
12103026102,120.66
12103026200,118.05
12103026300,84.24
12103026400,77.48
12103026500,112.01
12103026601,110.1
12103026602,115.51
12103026701,108.81
12103026702,131.72
12103026703,90.27
12103026804,86.72
12103026809,159.89
12103026811,150.4
12103026812,94.17
12103026813,193.04
12103026814,272.69
12103026815,110.02
12103026816,114.36
12103026817,90.6
12103026818,87.5
12103026819,151.8
12103026820,122.76
12103026821,89.97
12103026904,151.98
12103026907,126.93
12103026908,131.42
12103026909,181.05
12103026910,135.53
12103026911,285.03
12103026912,234.05
12103026913,264.45
12103027000,99.43
12103027101,298.06
12103027105,158.44
12103027106,118.56
12103027202,87.82
12103027204,116.9
12103027205,111.2
12103027206,87.95
12103027207,111.03
12103027208,77.26
12103027209,190.4
12103027210,121.05
12103027308,119.76
12103027309,116.03
12103027310,71.23
12103027314,221.26
12103027315,388.23
12103027316,228.38
12103027317,102.49
12103027318,123.24
12103027319,105.71
12103027320,47.53
12103027321,52.6
12103027322,106.18
12103027323,45.43
12103027324,80.38
12103027325,85.12
12103027326,125.37
12103027327,94.32
12103027401,121.32
12103027402,168.48
12103027403,135.14
12103027501,163.4
12103027502,109.96
12103027603,76.15
12103027604,193.07
12103027605,127.43
12103027606,129.64
12103027701,120.82
12103027703,120.17
12103027704,142.18
12103027801,157.17
12103027802,129.29
12103027901,93.3
12103027903,148.65
12103027904,119.76
12103028002,144.16
12103028003,160
12103028004,123.64
12103028102,107.97
12103028103,187.61
12103028104,327.32
12103028200,126.13
12103028300,122.19
12103028401,279.95
12103028402,176.42
12103028500,114.54
12103028600,136.1
12103028700,146.16
12105010300,88.55
12105010401,247.05
12105010402,62.92
12105010501,118.78
12105010502,97.34
12105010601,85.29
12105010603,118.81
12105010604,51.72
12105010701,112.73
12105010702,186.51
12105010800,170.32
12105010900,104.93
12105011000,182.88
12105011100,102.62
12105011202,187.95
12105011203,124.37
12105011204,65.59
12105011300,176.5
12105011400,264.97
12105011501,103.41
12105011502,102.83
12105011603,130.36
12105011604,117.82
12105011605,126.42
12105011606,91.79
12105011704,78.97
12105011721,114.12
12105011722,167.7
12105011731,72.75
12105011732,77.12
12105011821,94.96
12105011822,102.83
12105011832,54.42
12105011833,49.61
12105011834,119.18
12105011835,66.31
12105011836,102.22
12105011901,97.21
12105011902,106.68
12105011908,96.43
12105011909,51.33
12105011910,89.29
12105011911,66.14
12105011912,60.61
12105011913,53.19
12105012001,93.66
12105012002,159.92
12105012003,170.91
12105012004,98.59
12105012111,133.16
12105012113,101.85
12105012124,96.25
12105012125,95.94
12105012126,193.16
12105012127,122.44
12105012128,62.4
12105012129,80.58
12105012203,68.3
12105012204,149.4
12105012205,195.37
12105012206,317.9
12105012303,149.33
12105012304,92.53
12105012305,75.24
12105012306,118.47
12105012307,92.89
12105012309,102.71
12105012403,86.25
12105012404,62.92
12105012405,70.33
12105012406,71.3
12105012407,124.27
12105012408,70.18
12105012409,71.87
12105012410,65.76
12105012411,57.82
12105012502,86.42
12105012503,91.88
12105012504,110.78
12105012506,52.36
12105012507,71.47
12105012601,157.46
12105012602,66.3
12105012700,155.76
12105012802,106.59
12105012803,292.75
12105012804,246.31
12105012900,142.76
12105013001,77.85
12105013002,173.87
12105013101,86.77
12105013102,157.98
12105013103,107.07
12105013200,131.64
12105013300,149.25
12105013400,116.75
12105013500,239.42
12105013600,156.47
12105013701,293.81
12105013702,125.63
12105013801,226.05
12105013802,108.65
12105013901,122.17
12105013902,272.05
12105014001,120.36
12105014003,137.33
12105014005,113.75
12105014006,162.97
12105014103,35.49
12105014104,230.55
12105014105,124.16
12105014121,71.34
12105014123,137.97
12105014124,213.95
12105014125,101.65
12105014201,212.25
12105014202,166.79
12105014203,256.41
12105014301,208.6
12105014302,141.39
12105014400,144.14
12105014501,86.14
12105014502,40.07
12105014600,90.16
12105014701,156.57
12105014702,105.92
12105014802,83.95
12105014803,60.27
12105014804,93.33
12105014901,59.68
12105014902,55.79
12105015000,85.12
12105015101,136.99
12105015102,194.35
12105015200,161.16
12105015301,116.38
12105015302,165.65
12105015401,133.33
12105015402,113.13
12105015404,127.23
12105015405,165.04
12105015500,284.05
12105015600,184.01
12105015701,120.04
12105015702,80.65
12105015801,168.22
12105015802,32.17
12105015900,106.98
12105016001,108.13
12105016002,102.81
12105016003,101.45
12105016100,107.21
12105016400,137.3
12107950100,101.86
12107950201,126.14
12107950202,125.28
12107950300,99.19
12107950400,141.51
12107950500,108.15
12107950600,186.61
12107950700,119.88
12107950800,116
12107950900,122.25
12107951000,120.59
12107951100,131.58
12107951200,149.13
12107951300,158.03
12107951401,126.52
12107951402,129.84
12109020200,100
12109020300,110.44
12109020400,74.94
12109020500,161.37
12109020601,68.81
12109020602,43.44
12109020704,85.39
12109020705,142.88
12109020706,33.26
12109020707,90.82
12109020708,40.67
12109020710,65.65
12109020711,107.2
12109020801,126.51
12109020802,53.84
12109020803,86.9
12109020804,31.28
12109020805,33.98
12109020806,18.57
12109020807,56.24
12109020901,64.87
12109020902,56.05
12109021002,119.36
12109021003,86.56
12109021004,119.45
12109021101,114.8
12109021102,118.58
12109021103,107.76
12109021203,148.43
12109021204,129.45
12109021205,80.59
12109021206,137.99
12109021301,114.37
12109021302,115.24
12109021403,157.92
12109021404,117.5
12109021405,94.47
12109021406,103.53
12109021407,180.01
12111380100,237.6
12111380200,114.5
12111380300,128.99
12111380400,120.83
12111380500,121.57
12111380600,80
12111380700,127.32
12111380800,73.42
12111380901,147.3
12111380902,141.78
12111381000,179.74
12111381101,114.08
12111381102,220.36
12111381204,176.52
12111381300,158.64
12111381401,199.83
12111381402,67.76
12111381502,111.79
12111381503,80.9
12111381601,135.46
12111381602,297.46
12111381603,278.79
12111381701,142.71
12111381702,236.74
12111381802,239.41
12111381803,112.44
12111381804,129.69
12111381900,169.67
12111382002,107.35
12111382003,95.43
12111382006,139.13
12111382007,90.12
12111382008,102.77
12111382009,198.27
12111382010,232.97
12111382106,55.8
12111382108,143.66
12111382109,83.28
12111382110,54.31
12111382111,60.46
12111382112,60.34
12111382113,63.55
12111382200,209.89
12113010100,148.06
12113010200,236.2
12113010300,62.7
12113010400,104.25
12113010502,108.6
12113010503,91.73
12113010504,107.42
12113010600,137.25
12113010702,80.42
12113010704,61.09
12113010705,119.08
12113010706,72.49
12113010707,74.91
12113010708,72
12113010802,44.67
12113010808,53.13
12113010809,148.99
12113010811,47.73
12113010812,54.25
12113010813,79.25
12113010814,68.29
12113010815,92.89
12113010817,72.88
12113010819,58.79
12113010900,121.58
12115000101,180.33
12115000102,122.58
12115000200,198.11
12115000300,127.1
12115000401,79.29
12115000404,268.2
12115000405,88.52
12115000406,149.65
12115000407,87.26
12115000501,127.39
12115000502,142.1
12115000503,231.65
12115000601,73.18
12115000602,120.42
12115000700,158.39
12115000801,142.48
12115000802,130.53
12115000900,111.06
12115001000,73.39
12115001101,103.33
12115001102,92.21
12115001201,105.73
12115001202,87.34
12115001203,266.94
12115001204,109.65
12115001301,90.99
12115001302,139.23
12115001303,134.89
12115001304,108.95
12115001401,69.18
12115001402,57.48
12115001403,93.34
12115001503,62.62
12115001504,86.51
12115001505,50.2
12115001506,166.21
12115001507,162.11
12115001601,117.62
12115001602,132.95
12115001702,97.35
12115001703,225.78
12115001704,107.25
12115001801,138.46
12115001803,115.16
12115001804,96.7
12115001805,131.28
12115001903,128.12
12115001904,85.13
12115001905,196.92
12115001907,210.08
12115001908,224.49
12115002003,142.13
12115002004,298.17
12115002005,388.3
12115002007,181.59
12115002008,111.04
12115002009,180.58
12115002010,157.07
12115002100,92.48
12115002201,163.46
12115002202,139.33
12115002203,124.31
12115002302,249.26
12115002303,235.78
12115002304,179.2
12115002305,245.96
12115002401,161.84
12115002402,287.42
12115002504,123.79
12115002505,102.17
12115002507,116.52
12115002508,131.03
12115002509,145.42
12115002510,176.03
12115002511,149.11
12115002601,201.01
12115002602,190.17
12115002603,146.23
12115002604,221.08
12115002605,169.64
12115002710,190.19
12115002711,111.31
12115002712,57.54
12115002713,62.91
12115002714,109.3
12115002715,168.61
12115002716,127.91
12115002718,196.02
12115002719,169.32
12115002720,180.54
12115002721,102.06
12115002722,108.72
12115002723,217.74
12115002724,274.41
12117020101,157.59
12117020102,92.94
12117020201,208.84
12117020202,95.13
12117020301,88.6
12117020302,71.01
12117020401,64.25
12117020402,101.38
12117020500,107
12117020600,41.4
12117020701,82.42
12117020703,38.94
12117020704,66.51
12117020705,219.46
12117020803,42.56
12117020805,70.17
12117020806,64.56
12117020807,73.57
12117020808,74.3
12117020810,68.83
12117020811,73.21
12117020812,115.46
12117020901,88.39
12117020902,212.03
12117020903,73.98
12117021000,57.27
12117021100,107.46
12117021201,101.71
12117021203,29.33
12117021204,40.31
12117021306,76.6
12117021307,65.8
12117021311,61.49
12117021312,33
12117021313,50.45
12117021314,78.54
12117021315,63.49
12117021316,51.49
12117021317,27.36
12117021318,62.9
12117021319,55.65
12117021320,52.18
12117021321,72.99
12117021401,69.75
12117021403,56.23
12117021404,84.03
12117021502,105.8
12117021503,220.84
12117021504,269.5
12117021505,101.87
12117021506,125.6
12117021604,69.11
12117021606,100.69
12117021608,77.41
12117021609,72.39
12117021611,68.55
12117021612,82.46
12117021613,69.07
12117021614,102.21
12117021615,42.51
12117021616,164.25
12117021704,71.75
12117021705,64.95
12117021706,112.29
12117021707,35.25
12117021708,69.98
12117021802,109.38
12117021803,61.89
12117021805,114.39
12117021806,173.25
12117021901,56.75
12117021902,91.21
12117022001,122.43
12117022002,103.64
12117022004,76.86
12117022005,108.95
12117022101,110.08
12117022104,105.54
12117022105,87.47
12117022106,63.34
12117022201,100.68
12117022205,77.69
12117022206,74.78
12117022207,72.57
12117022208,119.52
12117022209,137.2
12119910100,214.89
12119910300,168.58
12119910401,273.18
12119910402,165.13
12119910500,99.8
12119910601,179.83
12119910602,136.89
12119910700,153.98
12119910800,456.27
12119910900,14.66
12119911000,0
12119911200,146.56
12119911301,234.43
12119911302,143.74
12119911400,125.54
12119911500,195.27
12119911701,237.74
12119911702,317.46
12121970100,196.25
12121970200,153.42
12121970301,132.34
12121970302,212.8
12121970400,113.36
12121970500,121.68
12121970600,111.19
12123950100,113.86
12123950200,119.3
12123950300,134.14
12123950400,75
12125960100,51.09
12125960200,132.23
12125960300,85.49
12127080100,164.62
12127080201,209.95
12127080202,158.68
12127080300,157.77
12127080400,202.5
12127080500,191.41
12127080600,274.01
12127080700,189.44
12127080803,124.93
12127080804,230.32
12127080805,155.66
12127080806,147.73
12127080807,228.59
12127080901,327.18
12127080902,126.65
12127081000,255.51
12127081101,212.68
12127081102,158.41
12127081200,127.11
12127081300,192.2
12127081500,204.18
12127081600,121.85
12127081700,174.63
12127081800,126.29
12127081900,97.52
12127082000,205.88
12127082100,130.23
12127082201,296.65
12127082202,167.93
12127082301,163.56
12127082401,102.87
12127082404,165.79
12127082405,199.22
12127082406,114.31
12127082410,143.6
12127082411,120.69
12127082412,112.74
12127082413,74.76
12127082414,248.11
12127082415,197.2
12127082503,136.73
12127082506,203.63
12127082507,220.44
12127082508,105.81
12127082509,131.7
12127082510,235.52
12127082511,199.04
12127082604,168.81
12127082605,247.79
12127082606,146.12
12127082607,144.23
12127082701,120.04
12127082703,161.57
12127082704,127.08
12127082705,282.11
12127082801,165.38
12127082802,199.43
12127082902,160.61
12127082903,169.2
12127082904,235.11
12127083003,209.39
12127083005,193.37
12127083006,163.67
12127083007,78.71
12127083008,218.45
12127083009,172.89
12127083203,107.53
12127083205,104.58
12127083206,52.6
12127083207,138.91
12127083208,99.7
12127083209,108.98
12127090101,114.47
12127090102,99.75
12127090202,129.98
12127090203,133.46
12127090204,109.93
12127090303,206.22
12127090304,121.12
12127090305,91.4
12127090306,101.16
12127090307,126.38
12127090400,169.13
12127090500,502.54
12127090600,218.11
12127090701,114.86
12127090702,236.38
12127090803,70.39
12127090804,120.16
12127090805,302.51
12127090806,231.11
12127090902,111.32
12127090903,190.76
12127090904,125.61
12127091001,105.1
12127091005,107.39
12127091013,101.65
12127091015,175.44
12127091016,132.22
12127091017,92.69
12127091018,95.41
12127091019,124.44
12127091020,82.84
12127091021,79.37
12127091022,131.44
12127091023,111.15
12127091024,98.47
12127091025,61.54
12127091026,108.87
12127091027,150.21
12127091028,97.33
12127091029,107.53
12127092500,137.72
12129010100,119.09
12129010201,92.53
12129010202,50.52
12129010203,95.88
12131950101,105.86
12131950102,181.56
12131950200,149.98
12131950301,142.83
12131950302,153.93
12131950400,177.87
12131950501,64.62
12131950502,97.3
12131950601,78.43
12131950602,70.29
12131950603,86.54
12133970102,109.42
12133970103,211.58
12133970104,164.34
12133970200,186.83
12133970301,133.98
12133970302,87.37
12133970303,171.44
