State,Tract,Total Population
FL,12001000200,6834
FL,12001000301,3849
FL,12001000302,2374
FL,12001000400,5996
FL,12001000500,5202
FL,12001000600,4689
FL,12001000700,6212
FL,12001000806,2043
FL,12001000808,3466
FL,12001000809,1215
FL,12001000901,5093
FL,12001000902,6634
FL,12001001000,5777
FL,12001001100,6952
FL,12001001201,3531
FL,12001001202,6898
FL,12001001203,3481
FL,12001001400,4389
FL,12001001514,1549
FL,12001001515,5174
FL,12001001516,2005
FL,12001001517,5435
FL,12001001519,2742
FL,12001001520,2282
FL,12001001521,4431
FL,12001001603,1493
FL,12001001604,8042
FL,12001001701,5944
FL,12001001702,5244
FL,12001001801,7718
FL,12001001802,2493
FL,12001001803,6076
FL,12001001805,1493
FL,12001001806,9348
FL,12001001811,6966
FL,12001001813,3309
FL,12001001814,2873
FL,12001001902,3103
FL,12001001907,2844
FL,12001001908,4192
FL,12001002000,6005
FL,12001002101,2163
FL,12001002102,876
FL,12001002201,4972
FL,12001002202,5806
FL,12001002204,11270
FL,12001002205,10684
FL,12001002207,3389
FL,12001002208,2467
FL,12001002209,8528
FL,12001002210,4977
FL,12001002217,5870
FL,12001002218,2350
FL,12001002219,6947
FL,12001002220,2152
FL,12001110800,2018
FL,12003040101,6961
FL,12003040102,7531
FL,12003040201,7384
FL,12003040202,5661
FL,12005000201,5327
FL,12005000202,5814
FL,12005000300,7419
FL,12005000400,9049
FL,12005000500,6037
FL,12005000600,1477
FL,12005000700,3557
FL,12005000803,5540
FL,12005000804,2093
FL,12005000805,4577
FL,12005000806,4106
FL,12005000900,4549
FL,12005001000,2361
FL,12005001100,4586
FL,12005001200,3496
FL,12005001301,5523
FL,12005001302,7214
FL,12005001402,7857
FL,12005001403,2056
FL,12005001404,7377
FL,12005001501,5718
FL,12005001502,6025
FL,12005001600,3651
FL,12005001700,2971
FL,12005001800,1839
FL,12005001900,4805
FL,12005002000,1438
FL,12005002200,4828
FL,12005002300,3828
FL,12005002400,4212
FL,12005002500,3208
FL,12005002601,2440
FL,12005002603,2751
FL,12005002604,8146
FL,12005002605,1112
FL,12005002606,1492
FL,12005002607,1115
FL,12005002608,2757
FL,12005002701,4508
FL,12005002702,2467
FL,12005002703,3090
FL,12005002704,5468
FL,12005002705,2233
FL,12005990000,0
FL,12007000100,5585
FL,12007000200,8520
FL,12007000300,7136
FL,12007000400,5534
FL,12009060101,3734
FL,12009060102,3122
FL,12009060200,5867
FL,12009060300,5036
FL,12009060400,4115
FL,12009060500,4497
FL,12009060600,5415
FL,12009060700,2555
FL,12009061001,4216
FL,12009061002,3329
FL,12009061100,6117
FL,12009061201,7376
FL,12009061202,3414
FL,12009062103,7736
FL,12009062104,7728
FL,12009062106,3216
FL,12009062107,3068
FL,12009062108,6031
FL,12009062109,4408
FL,12009062301,3767
FL,12009062302,3336
FL,12009062400,7067
FL,12009062500,4631
FL,12009062600,3247
FL,12009062800,3938
FL,12009062900,4960
FL,12009063000,4406
FL,12009063102,8463
FL,12009063104,3667
FL,12009063105,9378
FL,12009063106,4084
FL,12009063107,11093
FL,12009064102,4629
FL,12009064123,5990
FL,12009064124,4564
FL,12009064125,5991
FL,12009064126,4341
FL,12009064127,7608
FL,12009064128,12827
FL,12009064201,2064
FL,12009064202,3022
FL,12009064301,6174
FL,12009064302,6894
FL,12009064400,4857
FL,12009064500,4445
FL,12009064601,6994
FL,12009064602,2629
FL,12009064700,4063
FL,12009064800,2879
FL,12009064901,6529
FL,12009064902,3661
FL,12009065001,3238
FL,12009065021,11668
FL,12009065022,5238
FL,12009065121,6809
FL,12009065122,7090
FL,12009065123,3761
FL,12009065124,2642
FL,12009065125,6026
FL,12009065201,6008
FL,12009065202,4907
FL,12009065231,5753
FL,12009065234,3890
FL,12009065235,5010
FL,12009065236,1492
FL,12009066101,4441
FL,12009066103,1945
FL,12009066104,4748
FL,12009066200,2676
FL,12009066301,6724
FL,12009066302,4580
FL,12009066400,4729
FL,12009066500,3774
FL,12009066600,4173
FL,12009066700,4918
FL,12009066800,1726
FL,12009066900,6810
FL,12009067100,1442
FL,12009068101,2045
FL,12009068102,3349
FL,12009068200,2989
FL,12009068300,2647
FL,12009068400,2139
FL,12009068501,2610
FL,12009068502,2386
FL,12009068601,1957
FL,12009068602,4067
FL,12009069100,4604
FL,12009069200,2599
FL,12009069300,3153
FL,12009069400,6421
FL,12009069700,2599
FL,12009069801,3599
FL,12009069802,4769
FL,12009069901,7797
FL,12009069902,4441
FL,12009071100,4118
FL,12009071200,16127
FL,12009071301,4942
FL,12009071322,9593
FL,12009071332,14087
FL,12009071334,8729
FL,12009071335,4515
FL,12009071336,6491
FL,12009071337,7918
FL,12009071338,8942
FL,12009071339,6989
FL,12009071340,12266
FL,12009071400,3374
FL,12009071500,2330
FL,12009071600,4195
FL,12009980000,0
FL,12009980100,0
FL,12009990000,0
FL,12011010102,2967
FL,12011010103,3048
FL,12011010104,2153
FL,12011010200,6229
FL,12011010304,4341
FL,12011010305,4393
FL,12011010306,2610
FL,12011010307,4096
FL,12011010308,4930
FL,12011010401,5015
FL,12011010402,3158
FL,12011010403,4674
FL,12011010405,7202
FL,12011010406,4175
FL,12011010407,5210
FL,12011010502,4017
FL,12011010503,15127
FL,12011010504,6886
FL,12011010601,9147
FL,12011010603,5651
FL,12011010604,4742
FL,12011010605,7305
FL,12011010606,7651
FL,12011010607,10533
FL,12011010609,4222
FL,12011010610,6731
FL,12011010611,4330
FL,12011010612,6098
FL,12011010701,6306
FL,12011010702,9957
FL,12011010800,7811
FL,12011010901,2581
FL,12011010902,2868
FL,12011011000,1465
FL,12011020101,8368
FL,12011020103,5873
FL,12011020104,2888
FL,12011020204,5718
FL,12011020205,6377
FL,12011020206,4583
FL,12011020207,5826
FL,12011020209,2637
FL,12011020210,6843
FL,12011020211,2639
FL,12011020212,3196
FL,12011020302,7397
FL,12011020308,6403
FL,12011020309,6281
FL,12011020311,3255
FL,12011020312,5391
FL,12011020313,6359
FL,12011020314,5274
FL,12011020315,5234
FL,12011020316,3924
FL,12011020317,3375
FL,12011020318,9384
FL,12011020319,6489
FL,12011020320,5373
FL,12011020321,1882
FL,12011020322,3025
FL,12011020323,3792
FL,12011020324,6462
FL,12011020325,3175
FL,12011020326,6663
FL,12011020404,8620
FL,12011020405,5020
FL,12011020406,7896
FL,12011020407,7612
FL,12011020409,7446
FL,12011020411,7497
FL,12011020412,3530
FL,12011020413,7550
FL,12011020414,4355
FL,12011020415,4358
FL,12011020501,5764
FL,12011020502,7337
FL,12011030100,4597
FL,12011030201,4223
FL,12011030202,1608
FL,12011030203,4596
FL,12011030301,3224
FL,12011030302,8602
FL,12011030401,3814
FL,12011030402,3788
FL,12011030500,5445
FL,12011030600,8347
FL,12011030702,3413
FL,12011030703,4317
FL,12011030704,5095
FL,12011030705,4312
FL,12011030801,8879
FL,12011030802,6714
FL,12011030902,3023
FL,12011030903,4204
FL,12011030904,4455
FL,12011031001,2325
FL,12011031002,4342
FL,12011031101,2317
FL,12011031102,3251
FL,12011031202,5980
FL,12011031203,982
FL,12011031204,2701
FL,12011031205,1524
FL,12011040101,1495
FL,12011040102,2848
FL,12011040203,1597
FL,12011040204,2484
FL,12011040205,5473
FL,12011040206,2292
FL,12011040300,4419
FL,12011040401,2305
FL,12011040402,2879
FL,12011040502,2998
FL,12011040503,2087
FL,12011040504,3014
FL,12011040601,3457
FL,12011040602,2930
FL,12011040701,2487
FL,12011040702,4330
FL,12011040801,5716
FL,12011040802,4638
FL,12011040901,5415
FL,12011040902,3861
FL,12011041000,3380
FL,12011041100,4770
FL,12011041200,4697
FL,12011041300,8563
FL,12011041400,3348
FL,12011041500,3952
FL,12011041600,6259
FL,12011041700,4425
FL,12011041801,1866
FL,12011041802,3391
FL,12011041900,3177
FL,12011042000,3127
FL,12011042100,2188
FL,12011042200,2670
FL,12011042301,3505
FL,12011042302,1277
FL,12011042400,1383
FL,12011042500,6724
FL,12011042600,5902
FL,12011042700,5107
FL,12011042800,7885
FL,12011042900,9601
FL,12011043001,1462
FL,12011043002,7868
FL,12011043100,4734
FL,12011043301,5120
FL,12011043302,2280
FL,12011050100,4700
FL,12011050204,5801
FL,12011050205,2758
FL,12011050206,3516
FL,12011050207,7152
FL,12011050208,4823
FL,12011050301,9465
FL,12011050306,4156
FL,12011050307,7226
FL,12011050308,2970
FL,12011050309,2185
FL,12011050310,5754
FL,12011050311,3319
FL,12011050312,2134
FL,12011050401,4235
FL,12011050402,4256
FL,12011050501,3915
FL,12011050502,4968
FL,12011050601,3543
FL,12011050602,3568
FL,12011050701,3851
FL,12011050702,5809
FL,12011050800,5095
FL,12011050900,6110
FL,12011051001,3472
FL,12011051002,2855
FL,12011060105,6786
FL,12011060107,3334
FL,12011060109,2833
FL,12011060111,5825
FL,12011060112,6982
FL,12011060113,6208
FL,12011060114,6525
FL,12011060115,7272
FL,12011060116,7671
FL,12011060117,6587
FL,12011060118,4760
FL,12011060119,6012
FL,12011060120,8104
FL,12011060121,5518
FL,12011060122,5016
FL,12011060123,3068
FL,12011060124,5680
FL,12011060125,2449
FL,12011060126,5261
FL,12011060127,3043
FL,12011060128,5719
FL,12011060203,6480
FL,12011060206,4839
FL,12011060207,3456
FL,12011060208,6318
FL,12011060209,2980
FL,12011060210,3400
FL,12011060211,4000
FL,12011060212,3316
FL,12011060213,4522
FL,12011060302,7181
FL,12011060303,6979
FL,12011060304,3713
FL,12011060305,2270
FL,12011060306,1870
FL,12011060401,4780
FL,12011060402,6732
FL,12011060403,5415
FL,12011060501,7416
FL,12011060503,4768
FL,12011060504,4720
FL,12011060505,4872
FL,12011060603,4935
FL,12011060605,3782
FL,12011060606,5564
FL,12011060607,3124
FL,12011060608,6715
FL,12011060609,3297
FL,12011060700,3182
FL,12011060801,1969
FL,12011060802,6850
FL,12011060900,4294
FL,12011061001,6566
FL,12011061002,9767
FL,12011061100,8197
FL,12011070101,9230
FL,12011070102,1261
FL,12011070204,5866
FL,12011070205,6441
FL,12011070207,6597
FL,12011070208,8036
FL,12011070209,5114
FL,12011070210,3579
FL,12011070211,6159
FL,12011070304,7833
FL,12011070305,8130
FL,12011070306,7796
FL,12011070310,3162
FL,12011070311,6614
FL,12011070312,7372
FL,12011070313,11092
FL,12011070314,5010
FL,12011070315,5976
FL,12011070316,5291
FL,12011070317,15395
FL,12011070318,6623
FL,12011070319,4738
FL,12011070320,7813
FL,12011070321,2852
FL,12011070322,7549
FL,12011070401,7219
FL,12011070402,3102
FL,12011070403,5523
FL,12011070404,3580
FL,12011070405,5651
FL,12011070501,5880
FL,12011070502,12140
FL,12011070601,5431
FL,12011070602,4849
FL,12011080101,5219
FL,12011080102,4974
FL,12011080103,1535
FL,12011080200,973
FL,12011080402,2519
FL,12011080403,6549
FL,12011080405,2863
FL,12011080406,5633
FL,12011080500,7777
FL,12011090101,5480
FL,12011090102,1842
FL,12011090200,4092
FL,12011090301,2608
FL,12011090302,7119
FL,12011090401,4325
FL,12011090403,3345
FL,12011090404,5265
FL,12011090502,6970
FL,12011090503,2582
FL,12011090504,2910
FL,12011090601,3030
FL,12011090602,6732
FL,12011090700,7386
FL,12011090801,4134
FL,12011090802,4282
FL,12011090900,5670
FL,12011091000,4183
FL,12011091100,7083
FL,12011091201,5181
FL,12011091202,5881
FL,12011091300,4361
FL,12011091400,6417
FL,12011091500,5599
FL,12011091600,5703
FL,12011091701,4104
FL,12011091702,4504
FL,12011091801,6423
FL,12011091802,3372
FL,12011091901,3690
FL,12011091902,4609
FL,12011092000,4076
FL,12011100101,7553
FL,12011100103,3358
FL,12011100104,2544
FL,12011100105,2967
FL,12011100201,1699
FL,12011100202,5166
FL,12011100300,7090
FL,12011100400,6163
FL,12011100501,968
FL,12011100502,3537
FL,12011100600,5577
FL,12011100700,4981
FL,12011100801,3654
FL,12011100802,9133
FL,12011110100,7335
FL,12011110301,6368
FL,12011110302,9307
FL,12011110303,4257
FL,12011110307,5920
FL,12011110308,6883
FL,12011110309,6478
FL,12011110311,6860
FL,12011110312,7756
FL,12011110313,6569
FL,12011110319,6428
FL,12011110320,12138
FL,12011110321,5665
FL,12011110322,11527
FL,12011110323,6791
FL,12011110324,16925
FL,12011110325,22872
FL,12011110326,5032
FL,12011110327,7047
FL,12011110328,4885
FL,12011110330,3954
FL,12011110331,11101
FL,12011110332,5397
FL,12011110333,7442
FL,12011110334,2579
FL,12011110335,8719
FL,12011110336,8219
FL,12011110337,6413
FL,12011110338,3952
FL,12011110339,3978
FL,12011110340,7141
FL,12011110341,4153
FL,12011110342,13448
FL,12011110343,8575
FL,12011110402,5147
FL,12011110403,5761
FL,12011110404,7302
FL,12011110501,3688
FL,12011110502,5831
FL,12011110600,5557
FL,12011980000,0
FL,12011990000,0
FL,12013010100,2363
FL,12013010200,3635
FL,12013010300,8460
FL,12015010100,5072
FL,12015010200,4613
FL,12015010301,3134
FL,12015010302,3844
FL,12015010401,3045
FL,12015010402,2267
FL,12015010403,2010
FL,12015010404,4775
FL,12015010501,5405
FL,12015010502,7644
FL,12015020101,7284
FL,12015020103,6123
FL,12015020104,2643
FL,12015020201,8253
FL,12015020202,7278
FL,12015020301,5473
FL,12015020302,4140
FL,12015020303,4822
FL,12015020400,8756
FL,12015020501,4611
FL,12015020502,1670
FL,12015020601,2753
FL,12015020602,3334
FL,12015020700,4569
FL,12015020800,4764
FL,12015020900,7204
FL,12015021001,1696
FL,12015021002,3306
FL,12015021003,3281
FL,12015030100,6374
FL,12015030200,7686
FL,12015030301,2515
FL,12015030302,3596
FL,12015030401,2179
FL,12015030402,2033
FL,12015030501,3731
FL,12015030502,5569
FL,12015030503,5784
FL,12015990000,0
FL,12017450101,6399
FL,12017450102,3657
FL,12017450201,3927
FL,12017450202,5217
FL,12017450302,9011
FL,12017450303,5963
FL,12017450304,10404
FL,12017450400,5943
FL,12017450500,4135
FL,12017450601,4760
FL,12017450602,4322
FL,12017450701,7159
FL,12017450702,8463
FL,12017450800,4451
FL,12017450901,2998
FL,12017450902,2673
FL,12017451000,5971
FL,12017451101,2360
FL,12017451102,5916
FL,12017451200,3899
FL,12017451300,3083
FL,12017451400,5380
FL,12017451501,2852
FL,12017451502,6753
FL,12017451601,5544
FL,12017451602,6166
FL,12017451700,3967
FL,12017990000,0
FL,12019030102,8033
FL,12019030103,5357
FL,12019030104,3430
FL,12019030201,18400
FL,12019030202,8832
FL,12019030203,17952
FL,12019030301,8648
FL,12019030303,3094
FL,12019030304,4270
FL,12019030400,2240
FL,12019030500,2828
FL,12019030600,4567
FL,12019030701,8024
FL,12019030702,14957
FL,12019030703,12330
FL,12019030801,5875
FL,12019030802,6622
FL,12019030902,10011
FL,12019030903,4225
FL,12019030904,6711
FL,12019031101,3405
FL,12019031104,3629
FL,12019031105,2106
FL,12019031106,6793
FL,12019031107,388
FL,12019031108,1420
FL,12019031200,14944
FL,12019031300,6236
FL,12019031400,5077
FL,12019031500,2887
FL,12021000101,1360
FL,12021000102,1352
FL,12021000200,2241
FL,12021000301,3242
FL,12021000302,1689
FL,12021000401,2633
FL,12021000402,1904
FL,12021000500,1706
FL,12021000600,1320
FL,12021000700,1659
FL,12021010102,6165
FL,12021010105,4509
FL,12021010106,4336
FL,12021010107,4308
FL,12021010108,3593
FL,12021010109,2228
FL,12021010110,4440
FL,12021010205,2617
FL,12021010208,3050
FL,12021010209,2149
FL,12021010210,3577
FL,12021010211,1862
FL,12021010212,6048
FL,12021010213,4166
FL,12021010215,2762
FL,12021010300,4333
FL,12021010401,4650
FL,12021010405,12495
FL,12021010408,3118
FL,12021010410,10027
FL,12021010411,8250
FL,12021010412,9184
FL,12021010413,7925
FL,12021010414,7489
FL,12021010415,16782
FL,12021010416,6338
FL,12021010417,5168
FL,12021010418,6055
FL,12021010419,4012
FL,12021010420,7552
FL,12021010505,7187
FL,12021010506,5617
FL,12021010507,4222
FL,12021010508,3868
FL,12021010509,5605
FL,12021010510,3089
FL,12021010601,2794
FL,12021010602,3482
FL,12021010604,3311
FL,12021010605,3289
FL,12021010606,2626
FL,12021010701,4154
FL,12021010702,3278
FL,12021010801,3808
FL,12021010802,11456
FL,12021010803,4338
FL,12021010902,3621
FL,12021010903,5381
FL,12021010904,1701
FL,12021010905,3263
FL,12021011001,1594
FL,12021011002,2198
FL,12021011102,9288
FL,12021011103,2502
FL,12021011105,2849
FL,12021011106,3329
FL,12021011201,9270
FL,12021011202,25444
FL,12021011204,4315
FL,12021011205,2778
FL,12021011301,6730
FL,12021011302,6783
FL,12021011400,5310
FL,12021990000,0
FL,12023110201,4309
FL,12023110202,5692
FL,12023110300,9210
FL,12023110400,2844
FL,12023110500,7177
FL,12023110601,8614
FL,12023110602,4873
FL,12023110700,4569
FL,12023110800,5539
FL,12023110901,5673
FL,12023110903,4070
FL,12023110904,5914
FL,12027010101,4141
FL,12027010102,4556
FL,12027010200,5407
FL,12027010301,7459
FL,12027010302,2267
FL,12027010403,3336
FL,12027010404,3554
FL,12027010405,1237
FL,12027010406,3718
FL,12029970101,5100
FL,12029970102,6986
FL,12029970200,4237
FL,12029990000,0
FL,12031000100,5725
FL,12031000200,2693
FL,12031000300,2197
FL,12031000600,5947
FL,12031000700,3995
FL,12031000800,2779
FL,12031001000,4418
FL,12031001100,1909
FL,12031001200,2133
FL,12031001300,3774
FL,12031001400,5296
FL,12031001500,4205
FL,12031001600,1326
FL,12031002101,2969
FL,12031002102,2769
FL,12031002200,4246
FL,12031002300,1724
FL,12031002400,1854
FL,12031002501,3670
FL,12031002502,3727
FL,12031002600,3433
FL,12031002701,3673
FL,12031002702,3786
FL,12031002801,4653
FL,12031002802,4332
FL,12031002901,3506
FL,12031002902,3230
FL,12031010101,6905
FL,12031010102,10152
FL,12031010103,6338
FL,12031010201,10178
FL,12031010202,3323
FL,12031010301,4959
FL,12031010303,7472
FL,12031010304,7755
FL,12031010401,3540
FL,12031010402,4222
FL,12031010500,16223
FL,12031010600,5790
FL,12031010700,5416
FL,12031010800,5356
FL,12031010900,3394
FL,12031011000,4180
FL,12031011100,3334
FL,12031011200,2718
FL,12031011300,3323
FL,12031011400,2192
FL,12031011500,4711
FL,12031011600,3911
FL,12031011700,3023
FL,12031011800,2924
FL,12031011901,7466
FL,12031011902,11115
FL,12031011903,5175
FL,12031012000,4803
FL,12031012100,1769
FL,12031012200,7369
FL,12031012300,3615
FL,12031012400,2855
FL,12031012500,4163
FL,12031012601,2710
FL,12031012602,5546
FL,12031012702,5485
FL,12031012703,5636
FL,12031012704,5633
FL,12031012800,7287
FL,12031012900,2916
FL,12031013000,2461
FL,12031013100,2141
FL,12031013200,2941
FL,12031013300,7625
FL,12031013402,5152
FL,12031013403,3127
FL,12031013404,3193
FL,12031013502,3571
FL,12031013503,9129
FL,12031013504,6195
FL,12031013521,11806
FL,12031013522,3947
FL,12031013721,11108
FL,12031013723,7406
FL,12031013726,8487
FL,12031013727,7810
FL,12031013800,3547
FL,12031013901,6025
FL,12031013902,5359
FL,12031013904,4198
FL,12031013905,4238
FL,12031013906,4294
FL,12031014001,4626
FL,12031014002,2404
FL,12031014101,4651
FL,12031014102,3729
FL,12031014202,4466
FL,12031014203,4792
FL,12031014204,5195
FL,12031014311,5156
FL,12031014312,7191
FL,12031014326,7217
FL,12031014328,6990
FL,12031014329,3171
FL,12031014330,4706
FL,12031014331,4862
FL,12031014332,7989
FL,12031014333,3390
FL,12031014334,5112
FL,12031014335,8462
FL,12031014336,6897
FL,12031014337,10301
FL,12031014338,4530
FL,12031014401,14249
FL,12031014404,8702
FL,12031014406,7480
FL,12031014408,4101
FL,12031014409,11280
FL,12031014410,7437
FL,12031014411,8084
FL,12031014412,16925
FL,12031014413,5244
FL,12031014500,4012
FL,12031014601,5777
FL,12031014603,4888
FL,12031014604,4904
FL,12031014701,8114
FL,12031014702,2975
FL,12031014800,4755
FL,12031014901,5935
FL,12031014902,6739
FL,12031015001,5400
FL,12031015002,4152
FL,12031015100,4315
FL,12031015200,3177
FL,12031015300,3024
FL,12031015400,2370
FL,12031015501,3281
FL,12031015502,4922
FL,12031015600,4107
FL,12031015700,5175
FL,12031015801,6595
FL,12031015802,7568
FL,12031015922,3170
FL,12031015923,9861
FL,12031015924,5046
FL,12031015925,5582
FL,12031015926,6090
FL,12031016000,7683
FL,12031016100,7838
FL,12031016200,2081
FL,12031016300,2445
FL,12031016400,5998
FL,12031016500,5082
FL,12031016601,5737
FL,12031016603,3297
FL,12031016604,4702
FL,12031016711,4132
FL,12031016722,7543
FL,12031016724,5355
FL,12031016725,3987
FL,12031016726,4087
FL,12031016727,3170
FL,12031016728,4710
FL,12031016729,6552
FL,12031016801,2392
FL,12031016803,6546
FL,12031016804,7550
FL,12031016805,7715
FL,12031016806,13694
FL,12031016807,4216
FL,12031016808,3667
FL,12031017100,5938
FL,12031017200,2060
FL,12031017300,7444
FL,12031017400,2538
FL,12031990000,0
FL,12033000100,1451
FL,12033000300,2320
FL,12033000400,3306
FL,12033000500,1281
FL,12033000600,1633
FL,12033000800,4507
FL,12033000900,2509
FL,12033001001,5738
FL,12033001002,3214
FL,12033001101,5424
FL,12033001103,2585
FL,12033001104,6789
FL,12033001201,4805
FL,12033001202,4825
FL,12033001300,4991
FL,12033001401,5577
FL,12033001402,7592
FL,12033001500,1419
FL,12033001600,3175
FL,12033001700,2357
FL,12033001800,2399
FL,12033001900,2003
FL,12033002000,1944
FL,12033002100,4292
FL,12033002200,3568
FL,12033002300,4359
FL,12033002400,6288
FL,12033002500,2903
FL,12033002601,3251
FL,12033002602,1435
FL,12033002603,8741
FL,12033002604,4455
FL,12033002605,5679
FL,12033002701,3242
FL,12033002703,2409
FL,12033002704,5413
FL,12033002801,3001
FL,12033002802,4858
FL,12033002803,3186
FL,12033002804,3764
FL,12033002900,4490
FL,12033003000,5868
FL,12033003100,4691
FL,12033003201,4730
FL,12033003203,4981
FL,12033003204,3123
FL,12033003301,4290
FL,12033003305,2613
FL,12033003306,5832
FL,12033003307,2462
FL,12033003308,3911
FL,12033003309,6506
FL,12033003400,5158
FL,12033003503,7286
FL,12033003505,4711
FL,12033003506,5229
FL,12033003507,7201
FL,12033003508,7462
FL,12033003603,8165
FL,12033003607,3272
FL,12033003608,8143
FL,12033003609,3581
FL,12033003610,6745
FL,12033003611,5167
FL,12033003612,4756
FL,12033003613,3675
FL,12033003614,6607
FL,12033003700,3922
FL,12033003800,4141
FL,12033003900,4008
FL,12033004000,4510
FL,12033990000,0
FL,12035060103,2182
FL,12035060104,4469
FL,12035060105,4117
FL,12035060106,2765
FL,12035060107,5110
FL,12035060204,8127
FL,12035060205,7872
FL,12035060206,4820
FL,12035060207,5229
FL,12035060208,6969
FL,12035060209,7392
FL,12035060210,4398
FL,12035060211,6741
FL,12035060212,5956
FL,12035060213,6170
FL,12035060214,8105
FL,12035060301,5466
FL,12035060302,3631
FL,12035060303,2666
FL,12035060304,2830
FL,12035990000,0
FL,12037970100,4199
FL,12037970200,2982
FL,12037970302,2709
FL,12037970304,1785
FL,12037990000,0
FL,12037990100,0
FL,12039020101,4240
FL,12039020102,5421
FL,12039020300,5167
FL,12039020400,4746
FL,12039020500,5711
FL,12039020600,4332
FL,12039020701,5225
FL,12039020702,6135
FL,12039020800,5136
FL,12041950100,5620
FL,12041950201,2047
FL,12041950202,3284
FL,12041950203,2846
FL,12041950204,3394
FL,12043000100,2477
FL,12043000200,7230
FL,12043000300,3490
FL,12043990000,0
FL,12045960100,7628
FL,12045960200,4104
FL,12045960300,4286
FL,12045990000,0
FL,12047960100,8242
FL,12047960200,4417
FL,12047960300,1579
FL,12049970101,4027
FL,12049970102,3516
FL,12049970201,4266
FL,12049970202,1232
FL,12049970300,7980
FL,12049970400,6305
FL,12051000100,7455
FL,12051000200,7113
FL,12051000300,6985
FL,12051000401,4135
FL,12051000402,8444
FL,12051000600,4932
FL,12051990000,0
FL,12053040101,5152
FL,12053040102,2080
FL,12053040201,2708
FL,12053040202,5560
FL,12053040301,1667
FL,12053040302,4065
FL,12053040303,2468
FL,12053040400,2653
FL,12053040501,4162
FL,12053040502,3300
FL,12053040601,2404
FL,12053040602,2820
FL,12053040701,6436
FL,12053040702,4798
FL,12053040801,3571
FL,12053040802,4543
FL,12053040901,5798
FL,12053040905,6598
FL,12053040906,6404
FL,12053040907,2712
FL,12053040908,7208
FL,12053040909,4537
FL,12053040910,3818
FL,12053040911,4745
FL,12053041003,3594
FL,12053041004,6971
FL,12053041005,2343
FL,12053041006,7003
FL,12053041103,4270
FL,12053041104,2733
FL,12053041105,4523
FL,12053041106,4381
FL,12053041201,4130
FL,12053041203,3958
FL,12053041204,3293
FL,12053041302,3468
FL,12053041303,2465
FL,12053041304,1661
FL,12053041305,1330
FL,12053041401,5010
FL,12053041402,5542
FL,12053041501,3178
FL,12053041502,3470
FL,12053041600,5614
FL,12053990000,0
FL,12055960101,2881
FL,12055960102,1286
FL,12055960103,4318
FL,12055960200,4058
FL,12055960300,5363
FL,12055960400,7528
FL,12055960501,1320
FL,12055960502,7420
FL,12055960601,3063
FL,12055960602,6552
FL,12055960700,3880
FL,12055960800,2488
FL,12055960900,2822
FL,12055961000,4320
FL,12055961100,3763
FL,12055961200,5116
FL,12055961301,5906
FL,12055961302,4592
FL,12055961400,5161
FL,12055961500,4713
FL,12055961601,1225
FL,12055961602,1094
FL,12055961603,6987
FL,12055961700,4298
FL,12055980000,23
FL,12055980100,0
FL,12055980200,0
FL,12057000101,4051
FL,12057000102,6187
FL,12057000201,3579
FL,12057000202,5597
FL,12057000300,7513
FL,12057000401,2560
FL,12057000402,2839
FL,12057000500,3651
FL,12057000601,5169
FL,12057000602,2544
FL,12057000700,5888
FL,12057000800,3415
FL,12057000901,2785
FL,12057000902,4172
FL,12057001001,3913
FL,12057001002,5118
FL,12057001100,2594
FL,12057001200,2558
FL,12057001300,6494
FL,12057001400,4755
FL,12057001500,2624
FL,12057001600,1918
FL,12057001700,4322
FL,12057001800,3913
FL,12057001900,3279
FL,12057002000,3069
FL,12057002100,2990
FL,12057002200,1821
FL,12057002300,3489
FL,12057002400,3588
FL,12057002500,6213
FL,12057002600,1262
FL,12057002700,6910
FL,12057002800,3201
FL,12057002900,2128
FL,12057003000,2696
FL,12057003100,2753
FL,12057003200,2559
FL,12057003300,2132
FL,12057003400,2841
FL,12057003500,2588
FL,12057003600,4889
FL,12057003700,960
FL,12057003800,1016
FL,12057003900,2277
FL,12057004000,623
FL,12057004100,1597
FL,12057004200,1265
FL,12057004300,2322
FL,12057004400,2141
FL,12057004500,4054
FL,12057004600,4654
FL,12057004700,2734
FL,12057004800,4046
FL,12057004900,4641
FL,12057005000,5963
FL,12057005101,1446
FL,12057005102,3713
FL,12057005301,3100
FL,12057005302,1953
FL,12057005401,5349
FL,12057005500,2393
FL,12057005700,3971
FL,12057005800,4801
FL,12057005900,6433
FL,12057006000,5441
FL,12057006101,3293
FL,12057006103,3778
FL,12057006200,4181
FL,12057006300,4414
FL,12057006400,4122
FL,12057006501,3860
FL,12057006502,2071
FL,12057006600,4050
FL,12057006700,5737
FL,12057006801,4496
FL,12057006802,3490
FL,12057006900,5668
FL,12057007001,3734
FL,12057007002,3383
FL,12057007102,2913
FL,12057007103,4188
FL,12057007200,4180
FL,12057007300,2369
FL,12057010103,4197
FL,12057010105,4577
FL,12057010106,5501
FL,12057010107,3613
FL,12057010108,1937
FL,12057010203,1728
FL,12057010204,5862
FL,12057010205,10015
FL,12057010209,12171
FL,12057010210,4263
FL,12057010211,5714
FL,12057010212,5312
FL,12057010213,1830
FL,12057010214,204
FL,12057010303,3566
FL,12057010304,3944
FL,12057010305,3866
FL,12057010401,5671
FL,12057010402,5974
FL,12057010501,5742
FL,12057010502,2471
FL,12057010600,3120
FL,12057010701,6099
FL,12057010702,2829
FL,12057010805,5569
FL,12057010808,2329
FL,12057010809,2962
FL,12057010810,3445
FL,12057010811,6819
FL,12057010812,5865
FL,12057010813,4879
FL,12057010814,2193
FL,12057010815,1870
FL,12057010816,3795
FL,12057010817,4524
FL,12057010818,5488
FL,12057010900,5375
FL,12057011003,4623
FL,12057011005,2893
FL,12057011006,5557
FL,12057011007,3249
FL,12057011008,6878
FL,12057011010,5081
FL,12057011012,7309
FL,12057011013,3929
FL,12057011014,1281
FL,12057011015,6233
FL,12057011016,4046
FL,12057011103,3570
FL,12057011106,1949
FL,12057011107,7160
FL,12057011108,1458
FL,12057011109,3348
FL,12057011203,3481
FL,12057011204,5515
FL,12057011205,2737
FL,12057011206,2625
FL,12057011301,3328
FL,12057011303,2962
FL,12057011304,5617
FL,12057011407,2194
FL,12057011408,2844
FL,12057011409,2846
FL,12057011410,7000
FL,12057011411,1925
FL,12057011412,3268
FL,12057011413,5627
FL,12057011414,7076
FL,12057011415,5235
FL,12057011416,7322
FL,12057011417,4788
FL,12057011418,3986
FL,12057011504,2179
FL,12057011506,8087
FL,12057011507,7336
FL,12057011509,6426
FL,12057011510,4851
FL,12057011512,3804
FL,12057011514,5734
FL,12057011515,3481
FL,12057011516,2839
FL,12057011517,9361
FL,12057011518,4106
FL,12057011519,2337
FL,12057011520,5527
FL,12057011521,3840
FL,12057011522,3922
FL,12057011523,1781
FL,12057011524,5158
FL,12057011603,4614
FL,12057011605,6592
FL,12057011606,7568
FL,12057011607,7917
FL,12057011608,1400
FL,12057011610,5040
FL,12057011611,4086
FL,12057011612,6339
FL,12057011613,5755
FL,12057011614,6888
FL,12057011615,4695
FL,12057011706,8331
FL,12057011708,4211
FL,12057011709,1100
FL,12057011710,6277
FL,12057011712,5878
FL,12057011802,6949
FL,12057011803,6507
FL,12057011804,5452
FL,12057011901,5775
FL,12057011902,7773
FL,12057011904,1640
FL,12057011905,1651
FL,12057011906,4908
FL,12057012001,2557
FL,12057012002,3975
FL,12057012103,7867
FL,12057012104,7574
FL,12057012106,5177
FL,12057012107,4456
FL,12057012108,3492
FL,12057012206,6552
FL,12057012207,6889
FL,12057012208,6942
FL,12057012209,4606
FL,12057012210,5473
FL,12057012211,2650
FL,12057012212,4402
FL,12057012213,4431
FL,12057012301,6175
FL,12057012303,3089
FL,12057012304,5189
FL,12057012401,4797
FL,12057012402,2992
FL,12057012403,6442
FL,12057012501,4083
FL,12057012503,4485
FL,12057012504,3419
FL,12057012600,5530
FL,12057012701,6783
FL,12057012702,3677
FL,12057012800,4010
FL,12057012900,3507
FL,12057013001,3919
FL,12057013002,4967
FL,12057013003,3260
FL,12057013004,4190
FL,12057013100,3279
FL,12057013203,3530
FL,12057013204,3279
FL,12057013205,8012
FL,12057013206,6355
FL,12057013207,3891
FL,12057013208,5048
FL,12057013305,4728
FL,12057013307,3794
FL,12057013310,2940
FL,12057013311,2984
FL,12057013312,4625
FL,12057013313,5304
FL,12057013314,3082
FL,12057013315,4062
FL,12057013316,2837
FL,12057013317,2387
FL,12057013318,3656
FL,12057013319,6456
FL,12057013320,4132
FL,12057013321,7682
FL,12057013322,8136
FL,12057013406,1356
FL,12057013407,6814
FL,12057013409,4911
FL,12057013410,5705
FL,12057013411,2154
FL,12057013412,3903
FL,12057013413,3982
FL,12057013414,6423
FL,12057013415,3891
FL,12057013501,3967
FL,12057013503,3636
FL,12057013504,3685
FL,12057013505,3540
FL,12057013602,2011
FL,12057013604,1215
FL,12057013702,9617
FL,12057013703,6515
FL,12057013704,9867
FL,12057013801,2778
FL,12057013802,3589
FL,12057013803,1544
FL,12057013804,10099
FL,12057013806,1447
FL,12057013807,7477
FL,12057013903,4025
FL,12057013907,1978
FL,12057013908,9289
FL,12057013912,4025
FL,12057013913,8247
FL,12057013914,3777
FL,12057013915,8165
FL,12057013916,11383
FL,12057013917,8362
FL,12057013918,2078
FL,12057013919,6854
FL,12057013920,4240
FL,12057013921,2741
FL,12057013922,7514
FL,12057013923,5789
FL,12057014002,3157
FL,12057014003,1509
FL,12057014007,4067
FL,12057014008,3351
FL,12057014009,1929
FL,12057014010,2586
FL,12057014011,3659
FL,12057014012,2926
FL,12057014013,1124
FL,12057014014,2134
FL,12057014015,1636
FL,12057014016,908
FL,12057014104,1731
FL,12057014106,2990
FL,12057014108,6285
FL,12057014109,6197
FL,12057014117,2962
FL,12057014118,4087
FL,12057014119,5833
FL,12057014121,5184
FL,12057014122,4569
FL,12057980100,0
FL,12057980200,0
FL,12057980300,50
FL,12057980400,84
FL,12057980500,19
FL,12057980600,0
FL,12057980700,0
FL,12057990000,0
FL,12057990100,0
FL,12059960100,4017
FL,12059960200,5507
FL,12059960300,2973
FL,12059960400,6986
FL,12061050100,7275
FL,12061050200,4275
FL,12061050301,3658
FL,12061050302,6689
FL,12061050401,3669
FL,12061050402,2132
FL,12061050501,5023
FL,12061050503,4996
FL,12061050504,1377
FL,12061050505,3468
FL,12061050601,2053
FL,12061050602,5407
FL,12061050603,5302
FL,12061050604,1551
FL,12061050605,1753
FL,12061050606,11856
FL,12061050702,5610
FL,12061050703,9438
FL,12061050704,2705
FL,12061050705,5288
FL,12061050802,8904
FL,12061050804,5807
FL,12061050805,3924
FL,12061050806,4735
FL,12061050807,5212
FL,12061050808,4714
FL,12061050902,5438
FL,12061050903,7320
FL,12061050904,8402
FL,12061980000,0
FL,12061990000,0
FL,12063210100,3832
FL,12063210200,1408
FL,12063210300,6147
FL,12063210400,3365
FL,12063210500,4434
FL,12063210600,5483
FL,12063210700,4196
FL,12063210800,5139
FL,12063210900,6226
FL,12063211000,4627
FL,12063211100,3714
FL,12065250101,6422
FL,12065250102,3879
FL,12065250200,3784
FL,12065990000,0
FL,12067960100,2815
FL,12067960200,5869
FL,12069030102,3740
FL,12069030104,1587
FL,12069030105,8839
FL,12069030106,1381
FL,12069030107,5910
FL,12069030108,4304
FL,12069030203,8898
FL,12069030204,4768
FL,12069030206,4347
FL,12069030207,5240
FL,12069030208,4605
FL,12069030209,2566
FL,12069030302,3864
FL,12069030305,2663
FL,12069030306,4025
FL,12069030307,4049
FL,12069030308,3966
FL,12069030405,5873
FL,12069030406,4054
FL,12069030407,3508
FL,12069030408,3756
FL,12069030409,4677
FL,12069030410,3379
FL,12069030411,6157
FL,12069030502,5845
FL,12069030503,1517
FL,12069030504,7680
FL,12069030601,4199
FL,12069030602,2264
FL,12069030701,1853
FL,12069030702,4468
FL,12069030803,4354
FL,12069030804,1595
FL,12069030805,3751
FL,12069030806,3356
FL,12069030807,3792
FL,12069030902,15230
FL,12069030912,6290
FL,12069030913,1618
FL,12069030914,5533
FL,12069031000,7664
FL,12069031101,7019
FL,12069031102,7326
FL,12069031103,1888
FL,12069031202,6660
FL,12069031203,6129
FL,12069031204,14582
FL,12069031205,2656
FL,12069031301,5909
FL,12069031305,7933
FL,12069031306,6590
FL,12069031307,17701
FL,12069031308,6177
FL,12069031309,10852
FL,12069031310,17057
FL,12069031311,20571
FL,12071000301,4901
FL,12071000302,5688
FL,12071000401,2900
FL,12071000402,2389
FL,12071000502,3686
FL,12071000503,4483
FL,12071000504,2418
FL,12071000600,4339
FL,12071000700,2177
FL,12071000800,1516
FL,12071000900,2991
FL,12071001000,6682
FL,12071001101,3048
FL,12071001102,4212
FL,12071001201,9600
FL,12071001202,10659
FL,12071001300,2702
FL,12071001401,5892
FL,12071001402,2796
FL,12071001501,2660
FL,12071001502,6731
FL,12071001601,5063
FL,12071001602,3057
FL,12071001701,2929
FL,12071001703,3815
FL,12071001705,3328
FL,12071001706,3420
FL,12071001707,5527
FL,12071001801,4579
FL,12071001802,2390
FL,12071001903,2898
FL,12071001906,7520
FL,12071001907,6065
FL,12071001908,904
FL,12071001910,2253
FL,12071001911,973
FL,12071001912,1850
FL,12071001913,1661
FL,12071001914,5123
FL,12071001915,2911
FL,12071010102,9094
FL,12071010103,10115
FL,12071010104,2026
FL,12071010105,5525
FL,12071010201,12309
FL,12071010203,6824
FL,12071010204,11054
FL,12071010302,5980
FL,12071010303,6318
FL,12071010304,9971
FL,12071010305,3498
FL,12071010306,5843
FL,12071010307,7062
FL,12071010404,7598
FL,12071010405,9421
FL,12071010406,6287
FL,12071010407,7365
FL,12071010409,11159
FL,12071010410,11033
FL,12071010411,4054
FL,12071010412,4561
FL,12071010501,3848
FL,12071010502,5701
FL,12071010601,4366
FL,12071010602,2332
FL,12071010701,3801
FL,12071010702,2457
FL,12071010801,2442
FL,12071010802,3495
FL,12071010803,1948
FL,12071020101,4031
FL,12071020102,4375
FL,12071020201,1569
FL,12071020202,2651
FL,12071020300,5495
FL,12071020400,2701
FL,12071020501,2568
FL,12071020502,3908
FL,12071020600,3357
FL,12071020700,3852
FL,12071020800,3793
FL,12071030100,2921
FL,12071030201,1299
FL,12071030202,6383
FL,12071030203,1841
FL,12071030204,898
FL,12071030300,2928
FL,12071040108,3678
FL,12071040109,5891
FL,12071040110,2354
FL,12071040111,2579
FL,12071040112,2849
FL,12071040113,1768
FL,12071040114,5425
FL,12071040115,5953
FL,12071040116,7749
FL,12071040117,3333
FL,12071040118,971
FL,12071040119,1557
FL,12071040120,1347
FL,12071040121,4313
FL,12071040122,7461
FL,12071040123,4647
FL,12071040124,6374
FL,12071040125,2127
FL,12071040126,3362
FL,12071040127,3584
FL,12071040203,11669
FL,12071040205,5741
FL,12071040206,1490
FL,12071040207,4354
FL,12071040208,2022
FL,12071040209,3342
FL,12071040210,2437
FL,12071040301,8370
FL,12071040302,4865
FL,12071040303,7133
FL,12071040304,5154
FL,12071040305,3460
FL,12071040308,4370
FL,12071040309,7179
FL,12071040310,2835
FL,12071040311,4428
FL,12071040312,1917
FL,12071040313,1718
FL,12071040314,2772
FL,12071050103,1069
FL,12071050104,2730
FL,12071050105,1845
FL,12071050106,3606
FL,12071050203,4820
FL,12071050204,2209
FL,12071050205,1697
FL,12071050206,3444
FL,12071050207,2453
FL,12071050208,5824
FL,12071050209,8701
FL,12071050305,3204
FL,12071050306,2044
FL,12071050307,3978
FL,12071050308,8824
FL,12071050310,6103
FL,12071050311,7362
FL,12071050312,3009
FL,12071050313,5530
FL,12071050314,4330
FL,12071050400,12028
FL,12071050500,6625
FL,12071050601,2870
FL,12071050602,5714
FL,12071060101,767
FL,12071060102,2961
FL,12071060201,789
FL,12071060202,1736
FL,12071060203,1391
FL,12071060300,1042
FL,12071070101,1474
FL,12071070102,3076
FL,12071070200,3479
FL,12071080100,225
FL,12071080202,2648
FL,12071080203,1761
FL,12071080204,2719
FL,12071080300,1983
FL,12071090100,724
FL,12071980000,0
FL,12071990000,0
FL,12073000200,3845
FL,12073000301,1487
FL,12073000302,2141
FL,12073000303,4225
FL,12073000400,2439
FL,12073000500,2408
FL,12073000600,3984
FL,12073000700,1927
FL,12073000800,3236
FL,12073000901,8535
FL,12073000903,2236
FL,12073000904,3436
FL,12073000905,3147
FL,12073001001,2863
FL,12073001002,2519
FL,12073001101,2510
FL,12073001102,2363
FL,12073001200,1026
FL,12073001300,5054
FL,12073001401,1892
FL,12073001402,5305
FL,12073001500,4681
FL,12073001601,5213
FL,12073001602,3181
FL,12073001700,7249
FL,12073001801,4814
FL,12073001802,6006
FL,12073001901,2143
FL,12073001902,4494
FL,12073002003,2852
FL,12073002004,6666
FL,12073002005,3391
FL,12073002006,4404
FL,12073002101,4619
FL,12073002103,4157
FL,12073002104,8479
FL,12073002201,5663
FL,12073002205,5924
FL,12073002206,3236
FL,12073002207,2465
FL,12073002208,5452
FL,12073002302,3330
FL,12073002303,4230
FL,12073002304,3211
FL,12073002403,2562
FL,12073002408,7599
FL,12073002410,6201
FL,12073002411,1340
FL,12073002412,9655
FL,12073002413,2661
FL,12073002414,4393
FL,12073002415,4169
FL,12073002416,2861
FL,12073002417,7497
FL,12073002505,6016
FL,12073002507,2371
FL,12073002508,9776
FL,12073002509,4425
FL,12073002510,6228
FL,12073002511,1314
FL,12073002512,3683
FL,12073002513,4786
FL,12073002603,4529
FL,12073002604,3130
FL,12073002605,5121
FL,12073002606,3336
FL,12073002701,5066
FL,12073002702,4733
FL,12075970101,2418
FL,12075970102,8291
FL,12075970200,4348
FL,12075970301,1272
FL,12075970302,6163
FL,12075970400,2534
FL,12075970500,7427
FL,12075970600,4036
FL,12075970700,3224
FL,12075990000,0
FL,12077950100,2343
FL,12077950200,6004
FL,12079110100,2779
FL,12079110200,3766
FL,12079110301,2163
FL,12079110302,5983
FL,12079110400,3827
FL,12081000101,1342
FL,12081000103,4849
FL,12081000105,4956
FL,12081000106,4912
FL,12081000201,4300
FL,12081000202,3948
FL,12081000304,2319
FL,12081000305,6514
FL,12081000306,6365
FL,12081000307,3278
FL,12081000308,4798
FL,12081000309,4326
FL,12081000310,4437
FL,12081000403,1714
FL,12081000405,3325
FL,12081000406,4571
FL,12081000407,4214
FL,12081000408,5267
FL,12081000501,3547
FL,12081000503,3896
FL,12081000504,3536
FL,12081000601,2982
FL,12081000603,4111
FL,12081000604,3547
FL,12081000703,2665
FL,12081000704,6598
FL,12081000705,5160
FL,12081000803,7865
FL,12081000804,3759
FL,12081000805,6931
FL,12081000807,7009
FL,12081000808,5433
FL,12081000809,5818
FL,12081000810,5753
FL,12081000901,5551
FL,12081000902,5568
FL,12081001000,6013
FL,12081001104,4991
FL,12081001105,3754
FL,12081001106,4247
FL,12081001107,4136
FL,12081001108,2568
FL,12081001202,4447
FL,12081001203,4551
FL,12081001204,5644
FL,12081001300,3392
FL,12081001402,1709
FL,12081001403,4736
FL,12081001404,3572
FL,12081001501,4669
FL,12081001502,6262
FL,12081001601,5117
FL,12081001602,4255
FL,12081001701,1684
FL,12081001703,1780
FL,12081001704,746
FL,12081001800,4399
FL,12081001904,5260
FL,12081001907,5233
FL,12081001908,6580
FL,12081001909,3203
FL,12081001910,4919
FL,12081001911,7574
FL,12081001912,5709
FL,12081001913,4137
FL,12081001914,2539
FL,12081002003,4915
FL,12081002005,4681
FL,12081002007,8195
FL,12081002008,5584
FL,12081002010,3299
FL,12081002011,4081
FL,12081002012,4507
FL,12081002013,13658
FL,12081002014,4754
FL,12081002015,6780
FL,12081002016,5950
FL,12081002017,4148
FL,12081990000,0
FL,12083000100,5832
FL,12083000200,6767
FL,12083000301,8212
FL,12083000302,3431
FL,12083000401,2244
FL,12083000402,4556
FL,12083000501,1641
FL,12083000502,1256
FL,12083000601,3232
FL,12083000602,5647
FL,12083000604,3840
FL,12083000605,2455
FL,12083000701,5472
FL,12083000702,7789
FL,12083000801,12786
FL,12083000802,10369
FL,12083000901,5673
FL,12083000902,9753
FL,12083001003,1431
FL,12083001004,13910
FL,12083001005,6748
FL,12083001006,9905
FL,12083001007,5585
FL,12083001008,4546
FL,12083001102,2688
FL,12083001103,6735
FL,12083001104,6648
FL,12083001204,7595
FL,12083001205,4128
FL,12083001206,2175
FL,12083001207,13495
FL,12083001208,3894
FL,12083001301,6206
FL,12083001302,7064
FL,12083001401,5250
FL,12083001402,4611
FL,12083001500,3621
FL,12083001600,3639
FL,12083001700,5469
FL,12083001800,1614
FL,12083001900,2564
FL,12083002001,2883
FL,12083002002,3668
FL,12083002100,4994
FL,12083002201,3429
FL,12083002202,3628
FL,12083002203,6912
FL,12083002301,5749
FL,12083002302,6744
FL,12083002401,5304
FL,12083002402,5256
FL,12083002502,11683
FL,12083002503,5577
FL,12083002504,5264
FL,12083002601,6966
FL,12083002602,7810
FL,12083002604,3712
FL,12083002605,3781
FL,12083002606,6590
FL,12083002701,6254
FL,12083002702,7098
FL,12083980000,0
FL,12083980100,0
FL,12085000100,2653
FL,12085000200,3511
FL,12085000300,5729
FL,12085000400,8432
FL,12085000501,4420
FL,12085000502,2075
FL,12085000603,5711
FL,12085000604,6184
FL,12085000606,5413
FL,12085000607,3058
FL,12085000610,4171
FL,12085000700,3223
FL,12085000800,2105
FL,12085000901,2181
FL,12085000902,4745
FL,12085001000,6198
FL,12085001102,6681
FL,12085001103,2353
FL,12085001104,8361
FL,12085001200,2280
FL,12085001301,6359
FL,12085001302,4554
FL,12085001404,6050
FL,12085001406,4198
FL,12085001407,1955
FL,12085001408,3807
FL,12085001409,3712
FL,12085001410,5790
FL,12085001500,3706
FL,12085001601,4538
FL,12085001602,1138
FL,12085001700,10298
FL,12085001801,6833
FL,12085001802,3297
FL,12085990000,0
FL,12085990100,0
FL,12086000107,2457
FL,12086000109,4370
FL,12086000113,7526
FL,12086000115,2662
FL,12086000118,1103
FL,12086000119,4594
FL,12086000120,4373
FL,12086000121,1365
FL,12086000122,3589
FL,12086000123,4571
FL,12086000124,3056
FL,12086000125,3735
FL,12086000126,1975
FL,12086000127,3238
FL,12086000128,2606
FL,12086000129,2040
FL,12086000130,2348
FL,12086000131,2799
FL,12086000132,5640
FL,12086000133,7043
FL,12086000134,3279
FL,12086000140,3949
FL,12086000202,6935
FL,12086000204,4721
FL,12086000206,6567
FL,12086000209,7303
FL,12086000211,2905
FL,12086000212,4666
FL,12086000213,5314
FL,12086000214,6391
FL,12086000215,4384
FL,12086000216,4700
FL,12086000217,6960
FL,12086000218,3579
FL,12086000219,4587
FL,12086000220,5263
FL,12086000301,7171
FL,12086000302,2751
FL,12086000305,8598
FL,12086000306,5197
FL,12086000307,4953
FL,12086000308,5780
FL,12086000402,3886
FL,12086000403,6773
FL,12086000404,7554
FL,12086000405,4821
FL,12086000408,4399
FL,12086000409,4742
FL,12086000410,4648
FL,12086000411,5494
FL,12086000412,7112
FL,12086000413,4523
FL,12086000414,4806
FL,12086000501,7871
FL,12086000503,8150
FL,12086000504,5294
FL,12086000505,6070
FL,12086000601,5108
FL,12086000602,5694
FL,12086000603,5335
FL,12086000604,6813
FL,12086000605,4338
FL,12086000607,5229
FL,12086000608,7234
FL,12086000705,5212
FL,12086000706,8278
FL,12086000707,7626
FL,12086000708,7093
FL,12086000709,6791
FL,12086000710,5217
FL,12086000711,5561
FL,12086000712,2765
FL,12086000804,5292
FL,12086000805,6414
FL,12086000806,4734
FL,12086000807,3742
FL,12086000808,4260
FL,12086000901,7691
FL,12086000902,6071
FL,12086000903,3086
FL,12086001002,6355
FL,12086001003,4965
FL,12086001004,7075
FL,12086001005,2081
FL,12086001006,4716
FL,12086001101,6017
FL,12086001102,5524
FL,12086001103,3992
FL,12086001104,4857
FL,12086001203,8096
FL,12086001204,5954
FL,12086001205,3048
FL,12086001206,5146
FL,12086001301,4242
FL,12086001302,4999
FL,12086001401,5619
FL,12086001402,6910
FL,12086001501,4255
FL,12086001502,4065
FL,12086001602,7010
FL,12086001603,3737
FL,12086001605,3886
FL,12086001606,4815
FL,12086001701,4746
FL,12086001702,3391
FL,12086001703,4620
FL,12086001801,4192
FL,12086001802,3812
FL,12086001803,3010
FL,12086001901,4554
FL,12086001903,3477
FL,12086001904,4414
FL,12086002001,3844
FL,12086002003,3883
FL,12086002004,3234
FL,12086002100,2636
FL,12086002201,4196
FL,12086002202,6459
FL,12086002300,4803
FL,12086002402,6025
FL,12086002403,4840
FL,12086002404,5066
FL,12086002501,5449
FL,12086002502,5318
FL,12086002600,6309
FL,12086002702,3881
FL,12086002703,5784
FL,12086002705,3040
FL,12086002706,4421
FL,12086002800,1312
FL,12086002900,6850
FL,12086003001,2369
FL,12086003003,6825
FL,12086003004,5214
FL,12086003100,4295
FL,12086003400,1882
FL,12086003601,4197
FL,12086003602,7047
FL,12086003702,4907
FL,12086003703,1532
FL,12086003704,1290
FL,12086003705,1289
FL,12086003706,1348
FL,12086003707,1439
FL,12086003801,5972
FL,12086003803,2959
FL,12086003804,5844
FL,12086003906,3121
FL,12086003909,1641
FL,12086003911,4719
FL,12086003912,4851
FL,12086003913,4855
FL,12086003914,4519
FL,12086003915,5699
FL,12086003916,4343
FL,12086003917,5073
FL,12086003918,3003
FL,12086003919,2314
FL,12086003921,3673
FL,12086003922,2275
FL,12086004000,5844
FL,12086004102,3416
FL,12086004103,2166
FL,12086004105,2473
FL,12086004106,3815
FL,12086004203,4502
FL,12086004204,2100
FL,12086004205,2257
FL,12086004206,1303
FL,12086004301,2168
FL,12086004303,2594
FL,12086004304,2323
FL,12086004403,3450
FL,12086004404,2021
FL,12086004405,3426
FL,12086004406,2581
FL,12086004500,3757
FL,12086004602,4160
FL,12086004605,3997
FL,12086004607,3121
FL,12086004608,1796
FL,12086004701,5453
FL,12086004702,6247
FL,12086004703,5268
FL,12086004901,3822
FL,12086004902,8250
FL,12086005001,8109
FL,12086005002,5733
FL,12086005102,4262
FL,12086005103,2977
FL,12086005104,4496
FL,12086005201,6643
FL,12086005202,5757
FL,12086005302,7126
FL,12086005303,4110
FL,12086005304,5060
FL,12086005403,1691
FL,12086005405,3901
FL,12086005406,4242
FL,12086005407,2468
FL,12086005409,4240
FL,12086005410,3811
FL,12086005501,7409
FL,12086005502,6721
FL,12086005600,6321
FL,12086005701,6529
FL,12086005703,7804
FL,12086005704,9040
FL,12086005801,8485
FL,12086005802,11846
FL,12086005901,4820
FL,12086005902,4306
FL,12086005903,5740
FL,12086005904,4844
FL,12086006001,6455
FL,12086006002,5604
FL,12086006101,6032
FL,12086006102,6092
FL,12086006201,3123
FL,12086006203,2011
FL,12086006205,4257
FL,12086006206,2856
FL,12086006301,7590
FL,12086006302,5226
FL,12086006401,4655
FL,12086006402,3805
FL,12086006403,3670
FL,12086006501,3801
FL,12086006503,2545
FL,12086006504,2585
FL,12086006601,7166
FL,12086006602,5386
FL,12086006702,8702
FL,12086006705,3120
FL,12086006706,2019
FL,12086006707,4175
FL,12086006709,1078
FL,12086006711,2932
FL,12086006713,2295
FL,12086006714,1708
FL,12086006801,2919
FL,12086006802,3467
FL,12086006900,6470
FL,12086007001,10820
FL,12086007002,7885
FL,12086007101,2590
FL,12086007103,1498
FL,12086007104,3405
FL,12086007200,2947
FL,12086007300,3936
FL,12086007400,7343
FL,12086007501,2900
FL,12086007503,960
FL,12086007601,3015
FL,12086007603,3644
FL,12086007604,6215
FL,12086007605,4224
FL,12086007606,5411
FL,12086007701,6201
FL,12086007702,6027
FL,12086007704,4988
FL,12086007705,4476
FL,12086007801,1105
FL,12086007804,7054
FL,12086007805,4418
FL,12086007806,4538
FL,12086007807,4788
FL,12086007901,3662
FL,12086007902,3059
FL,12086008000,6772
FL,12086008101,3580
FL,12086008102,5307
FL,12086008202,4299
FL,12086008205,3757
FL,12086008206,3940
FL,12086008207,4303
FL,12086008208,5074
FL,12086008209,4904
FL,12086008304,10028
FL,12086008305,5214
FL,12086008306,8639
FL,12086008307,7359
FL,12086008308,5501
FL,12086008309,5133
FL,12086008405,6017
FL,12086008407,6555
FL,12086008409,5474
FL,12086008410,5969
FL,12086008412,6140
FL,12086008414,7816
FL,12086008415,5253
FL,12086008416,3207
FL,12086008417,5099
FL,12086008418,2814
FL,12086008419,4627
FL,12086008501,7535
FL,12086008502,4974
FL,12086008601,5103
FL,12086008602,6233
FL,12086008701,6066
FL,12086008702,6207
FL,12086008803,6624
FL,12086008804,7213
FL,12086008805,5827
FL,12086008806,4141
FL,12086008901,7427
FL,12086008902,6920
FL,12086008904,2533
FL,12086008906,5319
FL,12086008907,4876
FL,12086009006,10767
FL,12086009010,5842
FL,12086009014,4483
FL,12086009015,6166
FL,12086009017,6272
FL,12086009019,4667
FL,12086009020,2817
FL,12086009021,5088
FL,12086009022,2132
FL,12086009023,7283
FL,12086009024,5658
FL,12086009026,2288
FL,12086009027,3941
FL,12086009028,5541
FL,12086009029,4115
FL,12086009030,5182
FL,12086009031,3844
FL,12086009034,7973
FL,12086009035,5624
FL,12086009036,8927
FL,12086009038,9350
FL,12086009039,5438
FL,12086009040,1174
FL,12086009043,4597
FL,12086009044,2790
FL,12086009046,1361
FL,12086009047,3441
FL,12086009100,8468
FL,12086009200,3381
FL,12086009305,5150
FL,12086009306,7041
FL,12086009307,6443
FL,12086009308,7755
FL,12086009309,6993
FL,12086009311,6461
FL,12086009312,5470
FL,12086009313,5146
FL,12086009314,4709
FL,12086009315,2990
FL,12086009400,6397
FL,12086009501,5539
FL,12086009503,4436
FL,12086009504,4996
FL,12086009600,6994
FL,12086009703,3297
FL,12086009704,5449
FL,12086009705,4314
FL,12086009706,4048
FL,12086009803,5698
FL,12086009804,3276
FL,12086009806,3072
FL,12086009807,7579
FL,12086009808,5060
FL,12086009901,10262
FL,12086009903,4999
FL,12086009904,3015
FL,12086009905,5976
FL,12086009906,5772
FL,12086010001,5864
FL,12086010005,7344
FL,12086010006,8966
FL,12086010009,8201
FL,12086010010,5231
FL,12086010011,6668
FL,12086010012,5920
FL,12086010013,4232
FL,12086010015,4110
FL,12086010016,5230
FL,12086010193,3515
FL,12086010198,3843
FL,12086010201,4699
FL,12086010204,7429
FL,12086010205,5893
FL,12086010207,3959
FL,12086010208,5129
FL,12086010209,5817
FL,12086010210,6806
FL,12086010300,8832
FL,12086010400,4290
FL,12086010500,11742
FL,12086010604,5160
FL,12086010606,7231
FL,12086010608,5393
FL,12086010609,5783
FL,12086010610,4208
FL,12086010612,10573
FL,12086010613,5461
FL,12086010614,8926
FL,12086010617,7588
FL,12086010703,13533
FL,12086010704,11659
FL,12086010801,7892
FL,12086010802,8969
FL,12086010900,6457
FL,12086011001,10561
FL,12086011003,5252
FL,12086011005,6899
FL,12086011007,8363
FL,12086011008,4460
FL,12086011009,6014
FL,12086011101,9148
FL,12086011102,6942
FL,12086011201,7136
FL,12086011202,7257
FL,12086011300,9479
FL,12086011401,18678
FL,12086011403,7127
FL,12086011404,9365
FL,12086011500,7290
FL,12086011600,6304
FL,12086011700,7181
FL,12086011800,3245
FL,12086011900,5460
FL,12086012000,8957
FL,12086012100,16180
FL,12086012200,5624
FL,12086012300,7003
FL,12086012400,9786
FL,12086012500,7110
FL,12086012600,7432
FL,12086012700,8090
FL,12086012800,9335
FL,12086012900,4359
FL,12086013000,5230
FL,12086013100,5632
FL,12086013200,6401
FL,12086013300,5855
FL,12086013400,6390
FL,12086013500,6093
FL,12086013600,5910
FL,12086013700,5869
FL,12086013800,8260
FL,12086013900,5000
FL,12086014000,186
FL,12086014100,3230
FL,12086014200,5399
FL,12086014300,3582
FL,12086014400,4904
FL,12086014500,4806
FL,12086014600,8316
FL,12086014700,6913
FL,12086014800,6566
FL,12086014900,6086
FL,12086015000,9046
FL,12086015100,13635
FL,12086015200,8031
FL,12086015300,6427
FL,12086015400,5485
FL,12086015500,6193
FL,12086015600,4292
FL,12086015700,2660
FL,12086015800,4644
FL,12086015900,4234
FL,12086016000,5153
FL,12086016100,5345
FL,12086016200,3563
FL,12086016300,5238
FL,12086016400,6902
FL,12086016500,9241
FL,12086016600,3970
FL,12086016700,5588
FL,12086016800,4454
FL,12086016900,4905
FL,12086017000,5808
FL,12086017100,6774
FL,12086017200,4599
FL,12086017300,5052
FL,12086017400,6184
FL,12086017500,4516
FL,12086017600,7263
FL,12086017700,4737
FL,12086017800,6497
FL,12086017900,9035
FL,12086018000,9408
FL,12086018100,5462
FL,12086018200,2817
FL,12086018300,5948
FL,12086018400,4004
FL,12086018500,4649
FL,12086018600,10268
FL,12086018700,5048
FL,12086018800,7990
FL,12086018900,6571
FL,12086019000,6238
FL,12086019100,4858
FL,12086019200,5395
FL,12086019300,8329
FL,12086019400,7937
FL,12086019500,6777
FL,12086019600,6362
FL,12086019700,3843
FL,12086019800,9337
FL,12086019900,12063
FL,12086020000,6604
FL,12086020100,5270
FL,12086020200,5143
FL,12086020300,3690
FL,12086490100,1883
FL,12086980100,0
FL,12086980200,0
FL,12086980300,4539
FL,12086980400,0
FL,12086980500,0
FL,12086980600,0
FL,12086980700,843
FL,12086980800,0
FL,12086980900,0
FL,12086981000,62
FL,12086990000,0
FL,12087970200,1093
FL,12087970300,2367
FL,12087970400,3756
FL,12087970500,2349
FL,12087970600,1599
FL,12087970700,2589
FL,12087970800,4193
FL,12087970900,1700
FL,12087971001,1307
FL,12087971002,1610
FL,12087971100,3508
FL,12087971200,2417
FL,12087971300,1515
FL,12087971401,3574
FL,12087971402,1811
FL,12087971501,1896
FL,12087971502,3175
FL,12087971600,2128
FL,12087971700,3414
FL,12087971800,5393
FL,12087971900,6386
FL,12087972000,3234
FL,12087972100,4967
FL,12087972200,3453
FL,12087972300,2659
FL,12087972400,2765
FL,12087972500,1120
FL,12087972600,732
FL,12087980000,35
FL,12087980100,0
FL,12087990000,0
FL,12089050101,6694
FL,12089050102,2893
FL,12089050201,1668
FL,12089050202,6642
FL,12089050203,3851
FL,12089050301,8730
FL,12089050302,7685
FL,12089050303,13216
FL,12089050400,8521
FL,12089050502,7684
FL,12089050503,6636
FL,12089050504,4215
FL,12089990000,0
FL,12091020100,7769
FL,12091020200,1927
FL,12091020301,7926
FL,12091020302,6699
FL,12091020400,7462
FL,12091020500,8043
FL,12091020600,10137
FL,12091020700,11175
FL,12091020800,5212
FL,12091020900,6203
FL,12091021001,6028
FL,12091021002,4948
FL,12091021101,3273
FL,12091021102,8059
FL,12091021200,6442
FL,12091021400,1608
FL,12091021501,3687
FL,12091021502,4361
FL,12091021600,2182
FL,12091021700,2810
FL,12091021801,5137
FL,12091021802,4973
FL,12091021900,8259
FL,12091022001,3971
FL,12091022002,3648
FL,12091022100,3297
FL,12091022300,2629
FL,12091022400,3960
FL,12091022500,3990
FL,12091022600,3390
FL,12091022700,3722
FL,12091022800,2472
FL,12091022900,4544
FL,12091023100,8190
FL,12091023200,1934
FL,12091023303,1312
FL,12091023304,4328
FL,12091023305,4174
FL,12091023306,2922
FL,12091023307,1890
FL,12091023308,2898
FL,12091990100,0
FL,12091990200,0
FL,12093910101,6228
FL,12093910102,2727
FL,12093910201,4317
FL,12093910202,4548
FL,12093910300,1985
FL,12093910401,3481
FL,12093910402,2741
FL,12093910403,3264
FL,12093910500,4491
FL,12093910601,4419
FL,12093910602,2027
FL,12093990000,0
FL,12095010200,4777
FL,12095010300,2455
FL,12095010400,1379
FL,12095010500,1286
FL,12095010802,2855
FL,12095011000,3125
FL,12095011100,3392
FL,12095011200,3339
FL,12095011300,5308
FL,12095011600,5296
FL,12095011701,4684
FL,12095011702,2970
FL,12095012000,7962
FL,12095012100,7343
FL,12095012201,5573
FL,12095012202,5458
FL,12095012303,8642
FL,12095012304,6967
FL,12095012305,8034
FL,12095012306,3480
FL,12095012307,6766
FL,12095012401,8601
FL,12095012402,5845
FL,12095012403,4969
FL,12095012500,2145
FL,12095012600,5307
FL,12095012701,5059
FL,12095012800,3735
FL,12095012900,2652
FL,12095013201,4621
FL,12095013202,6503
FL,12095013300,7139
FL,12095013402,3706
FL,12095013403,3711
FL,12095013405,2171
FL,12095013406,3781
FL,12095013503,2432
FL,12095013505,4477
FL,12095013507,7402
FL,12095013508,2993
FL,12095013509,1311
FL,12095013510,2075
FL,12095013511,5225
FL,12095013512,5783
FL,12095013603,5174
FL,12095013604,6091
FL,12095013605,3993
FL,12095013606,3526
FL,12095013607,5074
FL,12095013701,4972
FL,12095013702,5721
FL,12095013801,2528
FL,12095013802,2796
FL,12095013803,2650
FL,12095013900,3737
FL,12095014000,6223
FL,12095014100,6695
FL,12095014200,10379
FL,12095014301,5543
FL,12095014302,6030
FL,12095014400,3540
FL,12095014502,5095
FL,12095014503,4979
FL,12095014504,6124
FL,12095014601,7719
FL,12095014605,4670
FL,12095014606,7267
FL,12095014607,5909
FL,12095014608,4531
FL,12095014609,6119
FL,12095014701,5235
FL,12095014702,5580
FL,12095014703,2223
FL,12095014704,13168
FL,12095014804,6873
FL,12095014805,5972
FL,12095014806,4429
FL,12095014807,6368
FL,12095014808,12497
FL,12095014809,2921
FL,12095014810,5814
FL,12095014811,5209
FL,12095014812,5856
FL,12095014813,4083
FL,12095014904,6813
FL,12095014906,6434
FL,12095014908,7579
FL,12095014909,3373
FL,12095015001,1701
FL,12095015002,5498
FL,12095015003,6938
FL,12095015004,10129
FL,12095015103,6636
FL,12095015104,5297
FL,12095015105,3932
FL,12095015106,7975
FL,12095015201,8610
FL,12095015202,7002
FL,12095015300,3442
FL,12095015402,2146
FL,12095015501,4726
FL,12095015601,2315
FL,12095015602,2393
FL,12095015701,1947
FL,12095015702,1889
FL,12095015801,1801
FL,12095015802,2540
FL,12095015901,2497
FL,12095015902,1580
FL,12095016001,2088
FL,12095016002,2606
FL,12095016100,4119
FL,12095016200,6440
FL,12095016301,6351
FL,12095016302,4411
FL,12095016402,2387
FL,12095016406,2067
FL,12095016407,6052
FL,12095016408,2304
FL,12095016409,3498
FL,12095016410,8419
FL,12095016411,3127
FL,12095016412,4961
FL,12095016503,6061
FL,12095016504,5635
FL,12095016505,3063
FL,12095016507,18625
FL,12095016508,9208
FL,12095016509,4260
FL,12095016510,4002
FL,12095016511,4780
FL,12095016601,11369
FL,12095016602,9451
FL,12095016704,21615
FL,12095016709,7934
FL,12095016710,4791
FL,12095016712,8364
FL,12095016713,7407
FL,12095016714,3312
FL,12095016715,6255
FL,12095016716,5343
FL,12095016717,3191
FL,12095016723,4631
FL,12095016724,6482
FL,12095016727,11669
FL,12095016728,4941
FL,12095016729,18472
FL,12095016730,31526
FL,12095016731,6722
FL,12095016732,16586
FL,12095016733,6165
FL,12095016734,12928
FL,12095016802,10168
FL,12095016803,2701
FL,12095016804,4284
FL,12095016806,15980
FL,12095016807,21171
FL,12095016902,5343
FL,12095016903,16778
FL,12095016904,4557
FL,12095016906,3949
FL,12095016907,7272
FL,12095017001,4217
FL,12095017004,5267
FL,12095017006,3924
FL,12095017008,11140
FL,12095017011,5636
FL,12095017012,3004
FL,12095017013,7801
FL,12095017014,12734
FL,12095017015,7769
FL,12095017016,9987
FL,12095017017,5887
FL,12095017103,20686
FL,12095017104,28818
FL,12095017105,18364
FL,12095017107,7462
FL,12095017108,9679
FL,12095017109,6353
FL,12095017200,4208
FL,12095017300,10712
FL,12095017400,10669
FL,12095017501,12070
FL,12095017503,6145
FL,12095017504,9004
FL,12095017600,4423
FL,12095017701,5936
FL,12095017702,2185
FL,12095017703,4933
FL,12095017802,15917
FL,12095017804,9942
FL,12095017805,3082
FL,12095017806,5081
FL,12095017807,3943
FL,12095017808,3545
FL,12095017901,3136
FL,12095017902,6331
FL,12095018000,2842
FL,12095018100,2807
FL,12095018200,11100
FL,12095018300,2366
FL,12095018400,2637
FL,12095018500,4082
FL,12095018700,5739
FL,12095018800,3889
FL,12095018900,7703
FL,12095990000,0
FL,12097040801,925
FL,12097040802,7951
FL,12097040803,9020
FL,12097040804,6085
FL,12097040901,4493
FL,12097040902,8004
FL,12097041001,10023
FL,12097041002,12536
FL,12097041100,21011
FL,12097041300,16618
FL,12097041500,14169
FL,12097041600,3887
FL,12097041700,5958
FL,12097041800,2988
FL,12097041900,6135
FL,12097042000,7711
FL,12097042100,11079
FL,12097042200,9302
FL,12097042300,6747
FL,12097042400,8014
FL,12097042500,8142
FL,12097042601,3909
FL,12097042602,14297
FL,12097042701,9195
FL,12097042702,7250
FL,12097042800,12223
FL,12097042900,20083
FL,12097043100,3566
FL,12097043201,152
FL,12097043202,440
FL,12097043203,4408
FL,12097043204,18921
FL,12097043205,1609
FL,12097043206,328
FL,12097043301,1608
FL,12097043302,13765
FL,12097043400,5566
FL,12097043500,5306
FL,12097043600,7338
FL,12097043700,6392
FL,12097043800,8014
FL,12099000101,7572
FL,12099000102,3221
FL,12099000202,6191
FL,12099000204,3760
FL,12099000205,6413
FL,12099000206,7816
FL,12099000208,4357
FL,12099000209,7710
FL,12099000210,5849
FL,12099000211,4090
FL,12099000213,2924
FL,12099000214,7724
FL,12099000215,9189
FL,12099000301,4108
FL,12099000303,4330
FL,12099000304,5702
FL,12099000405,3071
FL,12099000406,2714
FL,12099000407,1962
FL,12099000408,3863
FL,12099000410,3719
FL,12099000505,2900
FL,12099000507,825
FL,12099000509,1718
FL,12099000511,2356
FL,12099000600,1488
FL,12099000702,2898
FL,12099000703,3841
FL,12099000802,2907
FL,12099000803,3423
FL,12099000804,3172
FL,12099000902,3065
FL,12099000903,5615
FL,12099000904,4169
FL,12099000905,4709
FL,12099001002,6256
FL,12099001003,4939
FL,12099001004,5468
FL,12099001101,6625
FL,12099001102,2263
FL,12099001200,4847
FL,12099001301,5613
FL,12099001302,4679
FL,12099001402,2628
FL,12099001403,2974
FL,12099001404,3527
FL,12099001500,2964
FL,12099001600,3295
FL,12099001700,4737
FL,12099001801,5323
FL,12099001802,4274
FL,12099001904,3330
FL,12099001907,3105
FL,12099001908,6525
FL,12099001909,2941
FL,12099001910,1489
FL,12099001911,940
FL,12099001912,1667
FL,12099001913,1860
FL,12099001914,2227
FL,12099001915,6714
FL,12099001916,3508
FL,12099001917,4399
FL,12099002005,4524
FL,12099002006,4256
FL,12099002100,4650
FL,12099002200,2222
FL,12099002300,2844
FL,12099002400,1772
FL,12099002600,1240
FL,12099002700,5460
FL,12099002800,3829
FL,12099002900,5733
FL,12099003000,6474
FL,12099003101,8203
FL,12099003102,6604
FL,12099003201,5176
FL,12099003202,6364
FL,12099003300,4621
FL,12099003400,3873
FL,12099003504,799
FL,12099003507,2524
FL,12099003509,2556
FL,12099003511,1776
FL,12099003600,6329
FL,12099003700,5825
FL,12099003800,8080
FL,12099003901,4518
FL,12099003902,6420
FL,12099004005,3827
FL,12099004007,5889
FL,12099004008,6738
FL,12099004009,4147
FL,12099004010,3378
FL,12099004011,6037
FL,12099004012,3943
FL,12099004013,3605
FL,12099004101,5446
FL,12099004102,3034
FL,12099004201,9285
FL,12099004202,4855
FL,12099004203,3002
FL,12099004300,6205
FL,12099004401,4274
FL,12099004402,4819
FL,12099004500,6778
FL,12099004601,3816
FL,12099004602,4986
FL,12099004702,6526
FL,12099004704,7390
FL,12099004705,4733
FL,12099004706,2567
FL,12099004809,1557
FL,12099004810,4884
FL,12099004811,3775
FL,12099004812,9162
FL,12099004813,6316
FL,12099004815,7137
FL,12099004816,3383
FL,12099004817,4014
FL,12099004818,2600
FL,12099004819,4511
FL,12099004902,2292
FL,12099004903,5144
FL,12099004904,6073
FL,12099005000,5832
FL,12099005101,3159
FL,12099005102,5865
FL,12099005202,4156
FL,12099005203,2132
FL,12099005204,3981
FL,12099005300,4141
FL,12099005405,913
FL,12099005407,1716
FL,12099005409,892
FL,12099005411,3390
FL,12099005501,3682
FL,12099005502,6570
FL,12099005601,5657
FL,12099005602,2785
FL,12099005701,4137
FL,12099005702,7123
FL,12099005807,4384
FL,12099005808,5707
FL,12099005810,1711
FL,12099005811,3553
FL,12099005812,4338
FL,12099005813,6171
FL,12099005814,4914
FL,12099005815,4874
FL,12099005816,5834
FL,12099005817,6125
FL,12099005903,8321
FL,12099005915,5256
FL,12099005916,7711
FL,12099005917,4532
FL,12099005918,3266
FL,12099005921,7692
FL,12099005922,5814
FL,12099005923,3619
FL,12099005926,4241
FL,12099005930,3649
FL,12099005931,3266
FL,12099005933,2940
FL,12099005934,2449
FL,12099005935,2178
FL,12099005936,3265
FL,12099005937,1784
FL,12099005938,3453
FL,12099005939,1281
FL,12099005940,1902
FL,12099005942,2203
FL,12099005943,2247
FL,12099005944,2356
FL,12099005945,5265
FL,12099005946,8654
FL,12099005947,4406
FL,12099005949,3265
FL,12099005950,5116
FL,12099005951,4376
FL,12099005952,1297
FL,12099005953,4854
FL,12099005954,4280
FL,12099005955,4777
FL,12099005956,802
FL,12099006005,3838
FL,12099006006,2378
FL,12099006007,3654
FL,12099006008,2647
FL,12099006009,1993
FL,12099006010,4068
FL,12099006011,3159
FL,12099006012,4516
FL,12099006100,4234
FL,12099006201,4396
FL,12099006202,2321
FL,12099006203,2267
FL,12099006300,6224
FL,12099006401,1829
FL,12099006402,4103
FL,12099006501,1671
FL,12099006502,3900
FL,12099006602,3224
FL,12099006603,5443
FL,12099006604,5540
FL,12099006605,5301
FL,12099006700,2752
FL,12099006801,6298
FL,12099006802,3842
FL,12099006906,4558
FL,12099006907,3380
FL,12099006908,4826
FL,12099006909,2519
FL,12099006910,2091
FL,12099006911,3119
FL,12099006912,3914
FL,12099007002,4478
FL,12099007005,3614
FL,12099007006,4432
FL,12099007007,4108
FL,12099007008,4726
FL,12099007009,3532
FL,12099007010,1629
FL,12099007011,2855
FL,12099007100,2283
FL,12099007201,6726
FL,12099007202,4591
FL,12099007203,5700
FL,12099007301,4507
FL,12099007302,5187
FL,12099007407,2082
FL,12099007410,1644
FL,12099007412,1309
FL,12099007414,1638
FL,12099007416,3080
FL,12099007418,985
FL,12099007420,3300
FL,12099007501,3422
FL,12099007504,3015
FL,12099007505,2495
FL,12099007602,4898
FL,12099007603,2357
FL,12099007604,7626
FL,12099007605,4855
FL,12099007607,5845
FL,12099007610,5019
FL,12099007612,5045
FL,12099007613,3584
FL,12099007614,4184
FL,12099007615,3835
FL,12099007616,3039
FL,12099007617,1769
FL,12099007618,4441
FL,12099007705,4714
FL,12099007710,4746
FL,12099007713,16822
FL,12099007716,5150
FL,12099007721,5111
FL,12099007723,2726
FL,12099007724,6022
FL,12099007725,6386
FL,12099007730,6316
FL,12099007731,4530
FL,12099007732,5781
FL,12099007733,3519
FL,12099007734,2311
FL,12099007735,5606
FL,12099007736,3985
FL,12099007738,3889
FL,12099007739,3071
FL,12099007740,5604
FL,12099007741,4038
FL,12099007742,5087
FL,12099007743,4883
FL,12099007744,2876
FL,12099007746,1147
FL,12099007747,2766
FL,12099007748,4650
FL,12099007749,5837
FL,12099007750,4744
FL,12099007751,3558
FL,12099007752,7211
FL,12099007753,8238
FL,12099007754,5064
FL,12099007756,5731
FL,12099007757,4317
FL,12099007758,6552
FL,12099007759,1521
FL,12099007760,4171
FL,12099007762,1827
FL,12099007763,7399
FL,12099007764,1915
FL,12099007765,9704
FL,12099007766,3424
FL,12099007767,3697
FL,12099007805,6165
FL,12099007808,5350
FL,12099007809,3496
FL,12099007812,5836
FL,12099007813,6954
FL,12099007814,2007
FL,12099007817,8276
FL,12099007818,2057
FL,12099007820,2993
FL,12099007821,2998
FL,12099007822,6141
FL,12099007823,4295
FL,12099007828,1473
FL,12099007830,3549
FL,12099007831,3836
FL,12099007832,2616
FL,12099007833,4653
FL,12099007834,1636
FL,12099007835,3970
FL,12099007836,7955
FL,12099007837,6512
FL,12099007838,8151
FL,12099007839,6868
FL,12099007908,8240
FL,12099007909,3814
FL,12099007910,7802
FL,12099007912,8980
FL,12099008001,3682
FL,12099008002,4649
FL,12099008101,7323
FL,12099008102,0
FL,12099008201,4066
FL,12099008202,3096
FL,12099008203,5620
FL,12099008301,1784
FL,12099008302,5896
FL,12099980000,0
FL,12099980100,0
FL,12099980200,0
FL,12099980400,0
FL,12099980500,0
FL,12099990000,0
FL,12099990100,0
FL,12101030101,2711
FL,12101030102,2833
FL,12101030202,2761
FL,12101030203,1494
FL,12101030204,1132
FL,12101030205,2229
FL,12101030301,2225
FL,12101030302,2235
FL,12101030303,3513
FL,12101030404,2937
FL,12101030405,1938
FL,12101030406,2093
FL,12101030407,2806
FL,12101030408,2194
FL,12101030409,2424
FL,12101030410,1997
FL,12101030411,3017
FL,12101030412,2607
FL,12101030501,1422
FL,12101030502,4451
FL,12101030601,2056
FL,12101030602,2678
FL,12101030700,3949
FL,12101030800,2958
FL,12101030901,3843
FL,12101030903,2694
FL,12101030904,2850
FL,12101030905,3529
FL,12101031003,5919
FL,12101031005,4058
FL,12101031006,1880
FL,12101031007,5199
FL,12101031008,2248
FL,12101031009,3094
FL,12101031010,5136
FL,12101031011,2568
FL,12101031012,4852
FL,12101031013,3094
FL,12101031014,3441
FL,12101031101,4819
FL,12101031102,4934
FL,12101031203,2357
FL,12101031204,2827
FL,12101031205,4053
FL,12101031206,2822
FL,12101031207,2460
FL,12101031208,3611
FL,12101031301,3798
FL,12101031302,6818
FL,12101031401,3760
FL,12101031404,4004
FL,12101031405,1981
FL,12101031406,2837
FL,12101031407,2709
FL,12101031408,2664
FL,12101031409,7399
FL,12101031503,2970
FL,12101031504,1849
FL,12101031505,5966
FL,12101031506,3869
FL,12101031507,5754
FL,12101031508,3898
FL,12101031601,4903
FL,12101031602,6634
FL,12101031603,9205
FL,12101031604,6330
FL,12101031605,3352
FL,12101031701,2285
FL,12101031703,4525
FL,12101031704,5674
FL,12101031705,4330
FL,12101031706,3017
FL,12101031707,3788
FL,12101031708,5646
FL,12101031804,3941
FL,12101031805,3725
FL,12101031806,5173
FL,12101031807,3163
FL,12101031808,3146
FL,12101031809,2792
FL,12101031901,2278
FL,12101031902,8377
FL,12101031903,6241
FL,12101032001,6282
FL,12101032005,3791
FL,12101032006,8159
FL,12101032007,2887
FL,12101032008,5228
FL,12101032009,7885
FL,12101032010,3197
FL,12101032011,4765
FL,12101032012,3939
FL,12101032013,5745
FL,12101032014,6953
FL,12101032103,6971
FL,12101032104,4846
FL,12101032105,6264
FL,12101032106,8379
FL,12101032107,5953
FL,12101032108,4589
FL,12101032109,3749
FL,12101032110,3182
FL,12101032111,3593
FL,12101032112,4158
FL,12101032113,4224
FL,12101032200,5120
FL,12101032300,2575
FL,12101032401,2817
FL,12101032402,3408
FL,12101032500,5413
FL,12101032601,3334
FL,12101032602,3398
FL,12101032700,2926
FL,12101032801,1672
FL,12101032802,3194
FL,12101032803,1797
FL,12101032804,2661
FL,12101032901,5179
FL,12101032902,1778
FL,12101032903,3204
FL,12101032904,2467
FL,12101033005,3957
FL,12101033006,2193
FL,12101033007,1833
FL,12101033008,2241
FL,12101033009,2810
FL,12101033010,3931
FL,12101033011,1743
FL,12101033012,2309
FL,12101033013,2869
FL,12101033014,2954
FL,12101033101,2483
FL,12101033102,1382
FL,12101990000,0
FL,12103020101,4939
FL,12103020105,5194
FL,12103020106,3560
FL,12103020107,1648
FL,12103020108,2074
FL,12103020201,5176
FL,12103020202,3561
FL,12103020206,4189
FL,12103020207,2668
FL,12103020208,2423
FL,12103020209,4028
FL,12103020301,3309
FL,12103020302,3999
FL,12103020400,2500
FL,12103020500,3674
FL,12103020600,4197
FL,12103020700,3463
FL,12103020800,5184
FL,12103021200,3514
FL,12103021500,3311
FL,12103021600,2436
FL,12103021800,3175
FL,12103021900,2762
FL,12103022000,3034
FL,12103022100,5258
FL,12103022200,4222
FL,12103022301,3060
FL,12103022302,3700
FL,12103022401,3656
FL,12103022402,4993
FL,12103022501,4951
FL,12103022502,3977
FL,12103022503,5370
FL,12103022601,3497
FL,12103022602,4735
FL,12103022700,4155
FL,12103022801,4821
FL,12103022802,3742
FL,12103022901,2851
FL,12103022902,2493
FL,12103023000,2484
FL,12103023100,2305
FL,12103023200,2864
FL,12103023300,2355
FL,12103023400,1675
FL,12103023500,3252
FL,12103023600,3067
FL,12103023700,2657
FL,12103023800,2478
FL,12103023900,2042
FL,12103024001,3230
FL,12103024002,5445
FL,12103024004,5280
FL,12103024005,3187
FL,12103024100,4507
FL,12103024200,5167
FL,12103024301,4261
FL,12103024302,4533
FL,12103024403,4252
FL,12103024406,5656
FL,12103024408,4279
FL,12103024409,2927
FL,12103024410,3623
FL,12103024411,4231
FL,12103024412,4133
FL,12103024413,5232
FL,12103024505,7268
FL,12103024507,3669
FL,12103024508,5583
FL,12103024509,3532
FL,12103024510,5159
FL,12103024511,9173
FL,12103024512,3258
FL,12103024513,4020
FL,12103024514,4621
FL,12103024601,3786
FL,12103024602,5920
FL,12103024701,3231
FL,12103024702,2039
FL,12103024703,3073
FL,12103024801,4314
FL,12103024803,2591
FL,12103024804,2264
FL,12103024805,2719
FL,12103024901,5671
FL,12103024902,6693
FL,12103024904,3442
FL,12103024905,6908
FL,12103024906,3888
FL,12103025004,6243
FL,12103025007,4148
FL,12103025009,4113
FL,12103025010,4799
FL,12103025011,5514
FL,12103025012,5428
FL,12103025013,4066
FL,12103025014,4921
FL,12103025015,2792
FL,12103025016,1961
FL,12103025017,2662
FL,12103025018,2691
FL,12103025019,2230
FL,12103025106,2439
FL,12103025107,3934
FL,12103025108,2245
FL,12103025109,4344
FL,12103025110,5037
FL,12103025111,2670
FL,12103025112,3214
FL,12103025113,2711
FL,12103025114,3279
FL,12103025115,3426
FL,12103025116,2238
FL,12103025119,5243
FL,12103025120,3409
FL,12103025121,4603
FL,12103025122,5561
FL,12103025123,1773
FL,12103025203,5609
FL,12103025204,3505
FL,12103025205,3853
FL,12103025207,7093
FL,12103025208,1703
FL,12103025209,4915
FL,12103025303,5230
FL,12103025304,3209
FL,12103025305,2910
FL,12103025306,1392
FL,12103025307,4804
FL,12103025308,2193
FL,12103025401,4705
FL,12103025405,3700
FL,12103025407,5629
FL,12103025408,6546
FL,12103025411,2054
FL,12103025412,5066
FL,12103025413,3159
FL,12103025414,2570
FL,12103025415,4266
FL,12103025416,3317
FL,12103025417,2374
FL,12103025501,4371
FL,12103025503,4772
FL,12103025505,2779
FL,12103025506,6178
FL,12103025602,3018
FL,12103025603,2568
FL,12103025604,1354
FL,12103025700,3982
FL,12103025800,4148
FL,12103025900,5274
FL,12103026001,2862
FL,12103026002,2754
FL,12103026101,2357
FL,12103026102,1326
FL,12103026200,2033
FL,12103026300,7716
FL,12103026400,6582
FL,12103026500,7321
FL,12103026601,3088
FL,12103026602,2424
FL,12103026701,4687
FL,12103026702,6681
FL,12103026703,6979
FL,12103026804,5535
FL,12103026809,2877
FL,12103026811,6250
FL,12103026812,4885
FL,12103026813,3678
FL,12103026814,2237
FL,12103026815,4908
FL,12103026816,5771
FL,12103026817,5077
FL,12103026818,4457
FL,12103026819,2108
FL,12103026820,4806
FL,12103026821,2890
FL,12103026904,4935
FL,12103026907,5751
FL,12103026908,4109
FL,12103026909,4474
FL,12103026910,5755
FL,12103026911,3754
FL,12103026912,4059
FL,12103026913,3063
FL,12103027000,5129
FL,12103027101,3959
FL,12103027105,3282
FL,12103027106,4639
FL,12103027202,5466
FL,12103027204,4876
FL,12103027205,6565
FL,12103027206,6708
FL,12103027207,5224
FL,12103027208,7119
FL,12103027209,1208
FL,12103027210,4461
FL,12103027308,3841
FL,12103027309,1896
FL,12103027310,8985
FL,12103027314,3706
FL,12103027315,5847
FL,12103027316,3897
FL,12103027317,5659
FL,12103027318,4057
FL,12103027319,5203
FL,12103027320,4418
FL,12103027321,1521
FL,12103027322,6404
FL,12103027323,3082
FL,12103027324,3981
FL,12103027325,3642
FL,12103027326,3669
FL,12103027327,4453
FL,12103027401,2885
FL,12103027402,6173
FL,12103027403,1628
FL,12103027501,5202
FL,12103027502,7912
FL,12103027603,2495
FL,12103027604,2279
FL,12103027605,1648
FL,12103027606,1697
FL,12103027701,2814
FL,12103027703,1165
FL,12103027704,2532
FL,12103027801,1527
FL,12103027802,2707
FL,12103027901,2358
FL,12103027903,1480
FL,12103027904,3006
FL,12103028002,3954
FL,12103028003,3375
FL,12103028004,2022
FL,12103028102,3427
FL,12103028103,1759
FL,12103028104,3269
FL,12103028200,2537
FL,12103028300,3601
FL,12103028401,1536
FL,12103028402,1247
FL,12103028500,2008
FL,12103028600,4188
FL,12103028700,2942
FL,12103990000,0
FL,12103990100,0
FL,12105010300,4517
FL,12105010401,1781
FL,12105010402,4768
FL,12105010501,1768
FL,12105010502,4212
FL,12105010601,3869
FL,12105010603,3535
FL,12105010604,3287
FL,12105010701,4258
FL,12105010702,3914
FL,12105010800,3875
FL,12105010900,4765
FL,12105011000,2898
FL,12105011100,3508
FL,12105011202,1809
FL,12105011203,4181
FL,12105011204,1677
FL,12105011300,1983
FL,12105011400,4642
FL,12105011501,6189
FL,12105011502,5835
FL,12105011603,2378
FL,12105011604,4838
FL,12105011605,3085
FL,12105011606,1852
FL,12105011704,5065
FL,12105011721,2804
FL,12105011722,2743
FL,12105011731,5636
FL,12105011732,3501
FL,12105011821,3054
FL,12105011822,4279
FL,12105011832,4594
FL,12105011833,7660
FL,12105011834,6377
FL,12105011835,4524
FL,12105011836,4011
FL,12105011901,4835
FL,12105011902,3937
FL,12105011908,3837
FL,12105011909,3117
FL,12105011910,1568
FL,12105011911,3024
FL,12105011912,1650
FL,12105011913,2632
FL,12105012001,5445
FL,12105012002,2939
FL,12105012003,5032
FL,12105012004,2333
FL,12105012111,5332
FL,12105012113,6480
FL,12105012124,5922
FL,12105012125,3127
FL,12105012126,3831
FL,12105012127,7269
FL,12105012128,4808
FL,12105012129,7074
FL,12105012203,2489
FL,12105012204,6225
FL,12105012205,1382
FL,12105012206,5096
FL,12105012303,3884
FL,12105012304,5620
FL,12105012305,1595
FL,12105012306,2279
FL,12105012307,3445
FL,12105012309,1363
FL,12105012403,12985
FL,12105012404,2384
FL,12105012405,5545
FL,12105012406,4488
FL,12105012407,1368
FL,12105012408,3990
FL,12105012409,2087
FL,12105012410,2585
FL,12105012411,6572
FL,12105012502,8216
FL,12105012503,17959
FL,12105012504,6409
FL,12105012506,7067
FL,12105012507,5877
FL,12105012601,4636
FL,12105012602,6486
FL,12105012700,6420
FL,12105012802,3565
FL,12105012803,3450
FL,12105012804,4263
FL,12105012900,5744
FL,12105013001,3725
FL,12105013002,4141
FL,12105013101,4264
FL,12105013102,3608
FL,12105013103,934
FL,12105013200,2127
FL,12105013300,2077
FL,12105013400,5910
FL,12105013500,3592
FL,12105013600,6263
FL,12105013701,1906
FL,12105013702,5970
FL,12105013801,2964
FL,12105013802,6535
FL,12105013901,2783
FL,12105013902,5330
FL,12105014001,5151
FL,12105014003,3568
FL,12105014005,3956
FL,12105014006,3068
FL,12105014103,12398
FL,12105014104,347
FL,12105014105,7007
FL,12105014121,2383
FL,12105014123,6378
FL,12105014124,2337
FL,12105014125,6001
FL,12105014201,5748
FL,12105014202,2638
FL,12105014203,2496
FL,12105014301,1582
FL,12105014302,6507
FL,12105014400,7909
FL,12105014501,7662
FL,12105014502,4243
FL,12105014600,3771
FL,12105014701,4918
FL,12105014702,9441
FL,12105014802,2978
FL,12105014803,2489
FL,12105014804,8572
FL,12105014901,9719
FL,12105014902,6990
FL,12105015000,5874
FL,12105015101,3358
FL,12105015102,2161
FL,12105015200,4840
FL,12105015301,4468
FL,12105015302,2294
FL,12105015401,3300
FL,12105015402,3359
FL,12105015404,1179
FL,12105015405,2666
FL,12105015500,4119
FL,12105015600,2989
FL,12105015701,2749
FL,12105015702,4588
FL,12105015801,2140
FL,12105015802,4352
FL,12105015900,2150
FL,12105016001,2127
FL,12105016002,1848
FL,12105016003,2760
FL,12105016100,1026
FL,12105016400,2185
FL,12105980000,0
FL,12107950100,3927
FL,12107950201,5787
FL,12107950202,3113
FL,12107950300,6654
FL,12107950400,2756
FL,12107950500,6565
FL,12107950600,5466
FL,12107950700,4421
FL,12107950800,3276
FL,12107950900,5808
FL,12107951000,4395
FL,12107951100,4332
FL,12107951200,4895
FL,12107951300,3164
FL,12107951401,3794
FL,12107951402,4082
FL,12107980000,0
FL,12109020200,2500
FL,12109020300,3622
FL,12109020400,3336
FL,12109020500,3904
FL,12109020601,5377
FL,12109020602,18184
FL,12109020704,3279
FL,12109020705,5879
FL,12109020706,3307
FL,12109020707,5175
FL,12109020708,3688
FL,12109020710,2285
FL,12109020711,4571
FL,12109020801,8774
FL,12109020802,4086
FL,12109020803,4718
FL,12109020804,3836
FL,12109020805,14713
FL,12109020806,9692
FL,12109020807,1956
FL,12109020901,8787
FL,12109020902,30506
FL,12109021002,4608
FL,12109021003,6585
FL,12109021004,2679
FL,12109021101,5662
FL,12109021102,5060
FL,12109021103,1856
FL,12109021203,8287
FL,12109021204,927
FL,12109021205,1365
FL,12109021206,6957
FL,12109021301,6820
FL,12109021302,5727
FL,12109021403,1773
FL,12109021404,3149
FL,12109021405,5928
FL,12109021406,5409
FL,12109021407,1611
FL,12109990100,0
FL,12109990200,0
FL,12111380100,968
FL,12111380200,3144
FL,12111380300,6047
FL,12111380400,6621
FL,12111380500,5758
FL,12111380600,4250
FL,12111380700,8090
FL,12111380800,3405
FL,12111380901,2444
FL,12111380902,5854
FL,12111381000,1224
FL,12111381101,7451
FL,12111381102,4765
FL,12111381204,3399
FL,12111381300,3593
FL,12111381401,4704
FL,12111381402,7822
FL,12111381502,12523
FL,12111381503,10877
FL,12111381601,6201
FL,12111381602,3429
FL,12111381603,6062
FL,12111381701,2943
FL,12111381702,2112
FL,12111381802,4344
FL,12111381803,5336
FL,12111381804,5166
FL,12111381900,6542
FL,12111382002,8570
FL,12111382003,10374
FL,12111382006,8122
FL,12111382007,5215
FL,12111382008,7590
FL,12111382009,4388
FL,12111382010,2275
FL,12111382106,23655
FL,12111382108,19839
FL,12111382109,11888
FL,12111382110,7181
FL,12111382111,15381
FL,12111382112,8287
FL,12111382113,14635
FL,12111382200,6289
FL,12111980000,0
FL,12111990000,0
FL,12113010100,3512
FL,12113010200,3387
FL,12113010300,12759
FL,12113010400,2590
FL,12113010502,8287
FL,12113010503,6214
FL,12113010504,4934
FL,12113010600,6193
FL,12113010702,7212
FL,12113010704,6057
FL,12113010705,3275
FL,12113010706,9105
FL,12113010707,4272
FL,12113010708,5972
FL,12113010802,4925
FL,12113010808,9599
FL,12113010809,5101
FL,12113010811,15294
FL,12113010812,4977
FL,12113010813,4921
FL,12113010814,6150
FL,12113010815,9043
FL,12113010817,5351
FL,12113010819,11397
FL,12113010900,6251
FL,12113990000,0
FL,12115000101,4270
FL,12115000102,4650
FL,12115000200,5401
FL,12115000300,3934
FL,12115000401,4162
FL,12115000404,1305
FL,12115000405,3841
FL,12115000406,3408
FL,12115000407,3782
FL,12115000501,1727
FL,12115000502,3589
FL,12115000503,3583
FL,12115000601,2323
FL,12115000602,3820
FL,12115000700,2841
FL,12115000801,1895
FL,12115000802,2758
FL,12115000900,2251
FL,12115001000,3679
FL,12115001101,5226
FL,12115001102,5639
FL,12115001201,7945
FL,12115001202,4351
FL,12115001203,4383
FL,12115001204,4195
FL,12115001301,3187
FL,12115001302,4094
FL,12115001303,3262
FL,12115001304,2111
FL,12115001401,8384
FL,12115001402,4697
FL,12115001403,6857
FL,12115001503,3513
FL,12115001504,3121
FL,12115001505,4781
FL,12115001506,6257
FL,12115001507,5922
FL,12115001601,3911
FL,12115001602,3836
FL,12115001702,5855
FL,12115001703,3189
FL,12115001704,2704
FL,12115001801,3539
FL,12115001803,2605
FL,12115001804,2792
FL,12115001805,1752
FL,12115001903,1561
FL,12115001904,3054
FL,12115001905,1168
FL,12115001907,952
FL,12115001908,980
FL,12115002003,4151
FL,12115002004,3924
FL,12115002005,3966
FL,12115002007,2368
FL,12115002008,2972
FL,12115002009,7365
FL,12115002010,6303
FL,12115002100,6812
FL,12115002201,3120
FL,12115002202,4378
FL,12115002203,4183
FL,12115002302,4373
FL,12115002303,5047
FL,12115002304,2288
FL,12115002305,1423
FL,12115002401,2657
FL,12115002402,3688
FL,12115002504,2989
FL,12115002505,2349
FL,12115002507,5407
FL,12115002508,3358
FL,12115002509,4126
FL,12115002510,3863
FL,12115002511,3018
FL,12115002601,2189
FL,12115002602,2787
FL,12115002603,1778
FL,12115002604,2714
FL,12115002605,2299
FL,12115002710,2629
FL,12115002711,9882
FL,12115002712,36147
FL,12115002713,8743
FL,12115002714,5215
FL,12115002715,7710
FL,12115002716,7427
FL,12115002718,6836
FL,12115002719,3957
FL,12115002720,2991
FL,12115002721,4899
FL,12115002722,8462
FL,12115002723,2526
FL,12115002724,2478
FL,12115990000,0
FL,12117020101,1396
FL,12117020102,1076
FL,12117020201,2059
FL,12117020202,4520
FL,12117020301,2483
FL,12117020302,2394
FL,12117020401,2179
FL,12117020402,3551
FL,12117020500,2430
FL,12117020600,12802
FL,12117020701,15166
FL,12117020703,6420
FL,12117020704,6465
FL,12117020705,3053
FL,12117020803,7049
FL,12117020805,8408
FL,12117020806,6815
FL,12117020807,7068
FL,12117020808,4172
FL,12117020810,3487
FL,12117020811,5327
FL,12117020812,3811
FL,12117020901,4186
FL,12117020902,2028
FL,12117020903,10949
FL,12117021000,4889
FL,12117021100,3257
FL,12117021201,5801
FL,12117021203,6820
FL,12117021204,10420
FL,12117021306,8747
FL,12117021307,7903
FL,12117021311,4716
FL,12117021312,4242
FL,12117021313,6937
FL,12117021314,4329
FL,12117021315,8505
FL,12117021316,4273
FL,12117021317,9504
FL,12117021318,9062
FL,12117021319,1797
FL,12117021320,7283
FL,12117021321,3425
FL,12117021401,6882
FL,12117021403,8892
FL,12117021404,7378
FL,12117021502,5104
FL,12117021503,1766
FL,12117021504,3154
FL,12117021505,4712
FL,12117021506,3105
FL,12117021604,4341
FL,12117021606,6952
FL,12117021608,6201
FL,12117021609,2901
FL,12117021611,5252
FL,12117021612,4123
FL,12117021613,3330
FL,12117021614,6066
FL,12117021615,3293
FL,12117021616,3592
FL,12117021704,4181
FL,12117021705,4927
FL,12117021706,3117
FL,12117021707,5673
FL,12117021708,7288
FL,12117021802,4937
FL,12117021803,3070
FL,12117021805,1661
FL,12117021806,4733
FL,12117021901,4934
FL,12117021902,4495
FL,12117022001,2532
FL,12117022002,3763
FL,12117022004,2602
FL,12117022005,7618
FL,12117022101,6359
FL,12117022104,6917
FL,12117022105,3544
FL,12117022106,8367
FL,12117022201,5860
FL,12117022205,3218
FL,12117022206,6018
FL,12117022207,6890
FL,12117022208,4518
FL,12117022209,3790
FL,12119910100,3211
FL,12119910300,1483
FL,12119910401,2599
FL,12119910402,3028
FL,12119910500,4910
FL,12119910601,4393
FL,12119910602,2995
FL,12119910700,5650
FL,12119910800,3945
FL,12119910900,6823
FL,12119911000,1694
FL,12119911200,40256
FL,12119911301,4095
FL,12119911302,974
FL,12119911400,13462
FL,12119911500,1946
FL,12119911701,10053
FL,12119911702,5229
FL,12119980000,8
FL,12121970100,6675
FL,12121970200,3976
FL,12121970301,1738
FL,12121970302,6955
FL,12121970400,7675
FL,12121970500,9780
FL,12121970600,7015
FL,12123950100,3513
FL,12123950200,5113
FL,12123950300,5591
FL,12123950400,8133
FL,12123990000,0
FL,12125960100,3719
FL,12125960200,7487
FL,12125960300,4094
FL,12127080100,8565
FL,12127080201,2572
FL,12127080202,2899
FL,12127080300,3486
FL,12127080400,3358
FL,12127080500,2560
FL,12127080600,3248
FL,12127080700,4223
FL,12127080803,5043
FL,12127080804,7685
FL,12127080805,5782
FL,12127080806,2843
FL,12127080807,5512
FL,12127080901,4065
FL,12127080902,3869
FL,12127081000,3718
FL,12127081101,2398
FL,12127081102,1957
FL,12127081200,4091
FL,12127081300,1769
FL,12127081500,2008
FL,12127081600,2462
FL,12127081700,6929
FL,12127081800,3009
FL,12127081900,2461
FL,12127082000,2720
FL,12127082100,4684
FL,12127082201,3371
FL,12127082202,1846
FL,12127082301,7459
FL,12127082401,3694
FL,12127082404,2292
FL,12127082405,3865
FL,12127082406,2887
FL,12127082410,6894
FL,12127082411,4060
FL,12127082412,2661
FL,12127082413,3879
FL,12127082414,3708
FL,12127082415,3144
FL,12127082503,6363
FL,12127082506,4027
FL,12127082507,7122
FL,12127082508,4442
FL,12127082509,4252
FL,12127082510,3694
FL,12127082511,2512
FL,12127082604,2488
FL,12127082605,3390
FL,12127082606,3148
FL,12127082607,2288
FL,12127082701,1916
FL,12127082703,2909
FL,12127082704,2282
FL,12127082705,2375
FL,12127082801,2600
FL,12127082802,3861
FL,12127082902,5728
FL,12127082903,4669
FL,12127082904,5019
FL,12127083003,6113
FL,12127083005,3620
FL,12127083006,6293
FL,12127083007,5082
FL,12127083008,2884
FL,12127083009,3644
FL,12127083203,7440
FL,12127083205,3538
FL,12127083206,3042
FL,12127083207,7415
FL,12127083208,12538
FL,12127083209,6148
FL,12127090101,3931
FL,12127090102,3609
FL,12127090202,6924
FL,12127090203,5395
FL,12127090204,7732
FL,12127090303,2764
FL,12127090304,4706
FL,12127090305,3720
FL,12127090306,5239
FL,12127090307,6251
FL,12127090400,5617
FL,12127090500,1771
FL,12127090600,6648
FL,12127090701,5572
FL,12127090702,4865
FL,12127090803,4972
FL,12127090804,8239
FL,12127090805,5785
FL,12127090806,4500
FL,12127090902,10331
FL,12127090903,4351
FL,12127090904,5493
FL,12127091001,5804
FL,12127091005,2328
FL,12127091013,7477
FL,12127091015,4446
FL,12127091016,5748
FL,12127091017,3884
FL,12127091018,7861
FL,12127091019,5143
FL,12127091020,6277
FL,12127091021,2394
FL,12127091022,8293
FL,12127091023,3059
FL,12127091024,7820
FL,12127091025,4712
FL,12127091026,6797
FL,12127091027,7456
FL,12127091028,4829
FL,12127091029,5115
FL,12127092500,4284
FL,12127990000,0
FL,12129010100,5206
FL,12129010201,9294
FL,12129010202,8116
FL,12129010203,8970
FL,12129990000,0
FL,12131950101,7179
FL,12131950102,2864
FL,12131950200,5934
FL,12131950301,6161
FL,12131950302,5392
FL,12131950400,3036
FL,12131950501,4488
FL,12131950502,4625
FL,12131950601,10710
FL,12131950602,3130
FL,12131950603,9938
FL,12131990000,0
FL,12133970102,1645
FL,12133970103,3403
FL,12133970104,2860
FL,12133970200,3265
FL,12133970301,2463
FL,12133970302,6753
FL,12133970303,4083
