Tract,County
12001000200,10
12001000301,10
12001000302,10
12001000400,10
12001000500,10
12001000600,10
12001000700,10
12001000806,10
12001000808,10
12001000809,10
12001000901,10
12001000902,10
12001001000,10
12001001100,10
12001001201,10
12001001202,10
12001001203,10
12001001400,10
12001001514,10
12001001515,10
12001001516,10
12001001517,10
12001001519,10
12001001520,10
12001001521,10
12001001603,10
12001001604,10
12001001701,10
12001001702,10
12001001801,10
12001001802,10
12001001803,10
12001001805,10
12001001806,10
12001001811,10
12001001813,10
12001001814,10
12001001902,10
12001001907,10
12001001908,10
12001002000,10
12001002101,10
12001002102,10
12001002201,10
12001002202,10
12001002204,10
12001002205,10
12001002207,10
12001002208,10
12001002209,10
12001002210,10
12001002217,10
12001002218,10
12001002219,10
12001002220,10
12001110800,11
12003040101,30
12003040102,30
12003040201,30
12003040202,30
12005000201,50
12005000202,50
12005000300,50
12005000400,50
12005000500,50
12005000600,50
12005000700,50
12005000803,50
12005000804,50
12005000805,50
12005000806,50
12005000900,50
12005001000,50
12005001100,50
12005001200,50
12005001301,50
12005001302,50
12005001402,50
12005001403,50
12005001404,50
12005001501,50
12005001502,50
12005001600,50
12005001700,50
12005001800,50
12005001900,50
12005002000,50
12005002200,50
12005002300,50
12005002400,50
12005002500,50
12005002601,50
12005002603,50
12005002604,50
12005002605,50
12005002606,50
12005002607,50
12005002608,50
12005002701,50
12005002702,50
12005002703,50
12005002704,50
12005002705,50
12007000100,70
12007000200,70
12007000300,70
12007000400,70
12009060101,90
12009060102,90
12009060200,90
12009060300,90
12009060400,90
12009060500,90
12009060600,90
12009060700,90
12009061001,90
12009061002,90
12009061100,90
12009061201,90
12009061202,90
12009062103,90
12009062104,90
12009062106,90
12009062107,90
12009062108,90
12009062109,90
12009062301,90
12009062302,90
12009062400,90
12009062500,90
12009062600,90
12009062800,90
12009062900,90
12009063000,90
12009063102,90
12009063104,90
12009063105,90
12009063106,90
12009063107,90
12009064102,90
12009064123,90
12009064124,90
12009064125,90
12009064126,90
12009064127,90
12009064128,90
12009064201,90
12009064202,90
12009064301,90
12009064302,90
12009064400,90
12009064500,90
12009064601,90
12009064602,90
12009064700,90
12009064800,90
12009064901,90
12009064902,90
12009065001,90
12009065021,90
12009065022,90
12009065121,90
12009065122,90
12009065123,90
12009065124,90
12009065125,90
12009065201,90
12009065202,90
12009065231,90
12009065234,90
12009065235,90
12009065236,90
12009066101,90
12009066103,90
12009066104,90
12009066200,90
12009066301,90
12009066302,90
12009066400,90
12009066500,90
12009066600,90
12009066700,90
12009066800,90
12009066900,90
12009067100,90
12009068101,90
12009068102,90
12009068200,90
12009068300,90
12009068400,90
12009068501,90
12009068502,90
12009068601,90
12009068602,90
12009069100,90
12009069200,90
12009069300,90
12009069400,90
12009069700,90
12009069801,90
12009069802,90
12009069901,90
12009069902,90
12009071100,90
12009071200,90
12009071301,90
12009071322,90
12009071332,90
12009071334,90
12009071335,90
12009071336,90
12009071337,90
12009071338,90
12009071339,90
12009071340,90
12009071400,90
12009071500,90
12009071600,90
12011010102,110
12011010103,110
12011010104,110
12011010200,110
12011010304,110
12011010305,110
12011010306,110
12011010307,110
12011010308,110
12011010401,110
12011010402,110
12011010403,110
12011010405,110
12011010406,110
12011010407,110
12011010502,110
12011010503,110
12011010504,110
12011010601,110
12011010603,110
12011010604,110
12011010605,110
12011010606,110
12011010607,110
12011010609,110
12011010610,110
12011010611,110
12011010612,110
12011010701,110
12011010702,110
12011010800,110
12011010901,110
12011010902,110
12011011000,110
12011020101,110
12011020103,110
12011020104,110
12011020204,110
12011020205,110
12011020206,110
12011020207,110
12011020209,110
12011020210,110
12011020211,110
12011020212,110
12011020302,110
12011020308,110
12011020309,110
12011020311,110
12011020312,110
12011020313,110
12011020314,110
12011020315,110
12011020316,110
12011020317,110
12011020318,110
12011020319,110
12011020320,110
12011020321,110
12011020322,110
12011020323,110
12011020324,110
12011020325,110
12011020326,110
12011020404,110
12011020405,110
12011020406,110
12011020407,110
12011020409,110
12011020411,110
12011020412,110
12011020413,110
12011020414,110
12011020415,110
12011020501,110
12011020502,110
12011030100,110
12011030201,110
12011030202,110
12011030203,110
12011030301,110
12011030302,110
12011030401,110
12011030402,110
12011030500,110
12011030600,110
12011030702,110
12011030703,110
12011030704,110
12011030705,110
12011030801,110
12011030802,110
12011030902,110
12011030903,110
12011030904,110
12011031001,110
12011031002,110
12011031101,110
12011031102,110
12011031202,110
12011031203,110
12011031204,110
12011031205,110
12011040101,110
12011040102,110
12011040203,110
12011040204,110
12011040205,110
12011040206,110
12011040300,110
12011040401,110
12011040402,110
12011040502,110
12011040503,110
12011040504,110
12011040601,110
12011040602,110
12011040701,110
12011040702,110
12011040801,110
12011040802,110
12011040901,110
12011040902,110
12011041000,110
12011041100,110
12011041200,110
12011041300,110
12011041400,110
12011041500,110
12011041600,110
12011041700,110
12011041801,110
12011041802,110
12011041900,110
12011042000,110
12011042100,110
12011042200,110
12011042301,110
12011042302,110
12011042400,110
12011042500,110
12011042600,110
12011042700,110
12011042800,110
12011042900,110
12011043001,110
12011043002,110
12011043100,110
12011043301,110
12011043302,110
12011050100,110
12011050204,110
12011050205,110
12011050206,110
12011050207,110
12011050208,110
12011050301,110
12011050306,110
12011050307,110
12011050308,110
12011050309,110
12011050310,110
12011050311,110
12011050312,110
12011050401,110
12011050402,110
12011050501,110
12011050502,110
12011050601,110
12011050602,110
12011050701,110
12011050702,110
12011050800,110
12011050900,110
12011051001,110
12011051002,110
12011060105,110
12011060107,110
12011060109,110
12011060111,110
12011060112,110
12011060113,110
12011060114,110
12011060115,110
12011060116,110
12011060117,110
12011060118,110
12011060119,110
12011060120,110
12011060121,110
12011060122,110
12011060123,110
12011060124,110
12011060125,110
12011060126,110
12011060127,110
12011060128,110
12011060203,110
12011060206,110
12011060207,110
12011060208,110
12011060209,110
12011060210,110
12011060211,110
12011060212,110
12011060213,110
12011060302,110
12011060303,110
12011060304,110
12011060305,110
12011060306,110
12011060401,110
12011060402,110
12011060403,110
12011060501,110
12011060503,110
12011060504,110
12011060505,110
12011060603,110
12011060605,110
12011060606,110
12011060607,110
12011060608,110
12011060609,110
12011060700,110
12011060801,110
12011060802,110
12011060900,110
12011061001,110
12011061002,110
12011061100,110
12011070101,110
12011070102,110
12011070204,110
12011070205,110
12011070207,110
12011070208,110
12011070209,110
12011070210,110
12011070211,110
12011070304,110
12011070305,110
12011070306,110
12011070310,110
12011070311,110
12011070312,110
12011070313,110
12011070314,110
12011070315,110
12011070316,110
12011070317,110
12011070318,110
12011070319,110
12011070320,110
12011070321,110
12011070322,110
12011070401,110
12011070402,110
12011070403,110
12011070404,110
12011070405,110
12011070501,110
12011070502,110
12011070601,110
12011070602,110
12011080101,110
12011080102,110
12011080103,110
12011080200,110
12011080402,110
12011080403,110
12011080405,110
12011080406,110
12011080500,110
12011090101,110
12011090102,110
12011090200,110
12011090301,110
12011090302,110
12011090401,110
12011090403,110
12011090404,110
12011090502,110
12011090503,110
12011090504,110
12011090601,110
12011090602,110
12011090700,110
12011090801,110
12011090802,110
12011090900,110
12011091000,110
12011091100,110
12011091201,110
12011091202,110
12011091300,110
12011091400,110
12011091500,110
12011091600,110
12011091701,110
12011091702,110
12011091801,110
12011091802,110
12011091901,110
12011091902,110
12011092000,110
12011100101,111
12011100103,111
12011100104,111
12011100105,111
12011100201,111
12011100202,111
12011100300,111
12011100400,111
12011100501,111
12011100502,111
12011100600,111
12011100700,111
12011100801,111
12011100802,111
12011110100,111
12011110301,111
12011110302,111
12011110303,111
12011110307,111
12011110308,111
12011110309,111
12011110311,111
12011110312,111
12011110313,111
12011110319,111
12011110320,111
12011110321,111
12011110322,111
12011110323,111
12011110324,111
12011110325,111
12011110326,111
12011110327,111
12011110328,111
12011110330,111
12011110331,111
12011110332,111
12011110333,111
12011110334,111
12011110335,111
12011110336,111
12011110337,111
12011110338,111
12011110339,111
12011110340,111
12011110341,111
12011110342,111
12011110343,111
12011110402,111
12011110403,111
12011110404,111
12011110501,111
12011110502,111
12011110600,111
12013010100,130
12013010200,130
12013010300,130
12015010100,150
12015010200,150
12015010301,150
12015010302,150
12015010401,150
12015010402,150
12015010403,150
12015010404,150
12015010501,150
12015010502,150
12015020101,150
12015020103,150
12015020104,150
12015020201,150
12015020202,150
12015020301,150
12015020302,150
12015020303,150
12015020400,150
12015020501,150
12015020502,150
12015020601,150
12015020602,150
12015020700,150
12015020800,150
12015020900,150
12015021001,150
12015021002,150
12015021003,150
12015030100,150
12015030200,150
12015030301,150
12015030302,150
12015030401,150
12015030402,150
12015030501,150
12015030502,150
12015030503,150
12017450101,174
12017450102,174
12017450201,174
12017450202,174
12017450302,174
12017450303,174
12017450304,174
12017450400,174
12017450500,174
12017450601,174
12017450602,174
12017450701,174
12017450702,174
12017450800,174
12017450901,174
12017450902,174
12017451000,174
12017451101,174
12017451102,174
12017451200,174
12017451300,174
12017451400,174
12017451501,174
12017451502,174
12017451601,174
12017451602,174
12017451700,174
12019030102,190
12019030103,190
12019030104,190
12019030201,190
12019030202,190
12019030203,190
12019030301,190
12019030303,190
12019030304,190
12019030400,190
12019030500,190
12019030600,190
12019030701,190
12019030702,190
12019030703,190
12019030801,190
12019030802,190
12019030902,190
12019030903,190
12019030904,190
12019031101,190
12019031104,190
12019031105,190
12019031106,190
12019031107,190
12019031108,190
12019031200,190
12019031300,190
12019031400,190
12019031500,190
12021000101,210
12021000102,210
12021000200,210
12021000301,210
12021000302,210
12021000401,210
12021000402,210
12021000500,210
12021000600,210
12021000700,210
12021010102,210
12021010105,210
12021010106,210
12021010107,210
12021010108,210
12021010109,210
12021010110,210
12021010205,210
12021010208,210
12021010209,210
12021010210,210
12021010211,210
12021010212,210
12021010213,210
12021010215,210
12021010300,210
12021010401,210
12021010405,210
12021010408,210
12021010410,210
12021010411,210
12021010412,210
12021010413,210
12021010414,210
12021010415,210
12021010416,210
12021010417,210
12021010418,210
12021010419,210
12021010420,210
12021010505,210
12021010506,210
12021010507,210
12021010508,210
12021010509,210
12021010510,210
12021010601,210
12021010602,210
12021010604,210
12021010605,210
12021010606,210
12021010701,210
12021010702,210
12021010801,210
12021010802,210
12021010803,210
12021010902,210
12021010903,210
12021010904,210
12021010905,210
12021011001,210
12021011002,210
12021011102,210
12021011103,210
12021011105,210
12021011106,210
12021011201,210
12021011202,210
12021011204,210
12021011205,210
12021011301,210
12021011302,210
12021011400,210
12023110201,231
12023110202,231
12023110300,231
12023110400,231
12023110500,231
12023110601,231
12023110602,231
12023110700,231
12023110800,231
12023110901,231
12023110903,231
12023110904,231
12027010101,270
12027010102,270
12027010200,270
12027010301,270
12027010302,270
12027010403,270
12027010404,270
12027010405,270
12027010406,270
12029970101,299
12029970102,299
12029970200,299
12031000100,310
12031000200,310
12031000300,310
12031000600,310
12031000700,310
12031000800,310
12031001000,310
12031001100,310
12031001200,310
12031001300,310
12031001400,310
12031001500,310
12031001600,310
12031002101,310
12031002102,310
12031002200,310
12031002300,310
12031002400,310
12031002501,310
12031002502,310
12031002600,310
12031002701,310
12031002702,310
12031002801,310
12031002802,310
12031002901,310
12031002902,310
12031010101,310
12031010102,310
12031010103,310
12031010201,310
12031010202,310
12031010301,310
12031010303,310
12031010304,310
12031010401,310
12031010402,310
12031010500,310
12031010600,310
12031010700,310
12031010800,310
12031010900,310
12031011000,310
12031011100,310
12031011200,310
12031011300,310
12031011400,310
12031011500,310
12031011600,310
12031011700,310
12031011800,310
12031011901,310
12031011902,310
12031011903,310
12031012000,310
12031012100,310
12031012200,310
12031012300,310
12031012400,310
12031012500,310
12031012601,310
12031012602,310
12031012702,310
12031012703,310
12031012704,310
12031012800,310
12031012900,310
12031013000,310
12031013100,310
12031013200,310
12031013300,310
12031013402,310
12031013403,310
12031013404,310
12031013502,310
12031013503,310
12031013504,310
12031013521,310
12031013522,310
12031013721,310
12031013723,310
12031013726,310
12031013727,310
12031013800,310
12031013901,310
12031013902,310
12031013904,310
12031013905,310
12031013906,310
12031014001,310
12031014002,310
12031014101,310
12031014102,310
12031014202,310
12031014203,310
12031014204,310
12031014311,310
12031014312,310
12031014326,310
12031014328,310
12031014329,310
12031014330,310
12031014331,310
12031014332,310
12031014333,310
12031014334,310
12031014335,310
12031014336,310
12031014337,310
12031014338,310
12031014401,310
12031014404,310
12031014406,310
12031014408,310
12031014409,310
12031014410,310
12031014411,310
12031014412,310
12031014413,310
12031014500,310
12031014601,310
12031014603,310
12031014604,310
12031014701,310
12031014702,310
12031014800,310
12031014901,310
12031014902,310
12031015001,310
12031015002,310
12031015100,310
12031015200,310
12031015300,310
12031015400,310
12031015501,310
12031015502,310
12031015600,310
12031015700,310
12031015801,310
12031015802,310
12031015922,310
12031015923,310
12031015924,310
12031015925,310
12031015926,310
12031016000,310
12031016100,310
12031016200,310
12031016300,310
12031016400,310
12031016500,310
12031016601,310
12031016603,310
12031016604,310
12031016711,310
12031016722,310
12031016724,310
12031016725,310
12031016726,310
12031016727,310
12031016728,310
12031016729,310
12031016801,310
12031016803,310
12031016804,310
12031016805,310
12031016806,310
12031016807,310
12031016808,310
12031017100,310
12031017200,310
12031017300,310
12031017400,310
12033000100,330
12033000300,330
12033000400,330
12033000500,330
12033000600,330
12033000800,330
12033000900,330
12033001001,330
12033001002,330
12033001101,330
12033001103,330
12033001104,330
12033001201,330
12033001202,330
12033001300,330
12033001401,330
12033001402,330
12033001500,330
12033001600,330
12033001700,330
12033001800,330
12033001900,330
12033002000,330
12033002100,330
12033002200,330
12033002300,330
12033002400,330
12033002500,330
12033002601,330
12033002602,330
12033002603,330
12033002604,330
12033002605,330
12033002701,330
12033002703,330
12033002704,330
12033002801,330
12033002802,330
12033002803,330
12033002804,330
12033002900,330
12033003000,330
12033003100,330
12033003201,330
12033003203,330
12033003204,330
12033003301,330
12033003305,330
12033003306,330
12033003307,330
12033003308,330
12033003309,330
12033003400,330
12033003503,330
12033003505,330
12033003506,330
12033003507,330
12033003508,330
12033003603,330
12033003607,330
12033003608,330
12033003609,330
12033003610,330
12033003611,330
12033003612,330
12033003613,330
12033003614,330
12033003700,330
12033003800,330
12033003900,330
12033004000,330
12035060103,350
12035060104,350
12035060105,350
12035060106,350
12035060107,350
12035060204,350
12035060205,350
12035060206,350
12035060207,350
12035060208,350
12035060209,350
12035060210,350
12035060211,350
12035060212,350
12035060213,350
12035060214,350
12035060301,350
12035060302,350
12035060303,350
12035060304,350
12037970100,379
12037970200,379
12037970302,379
12037970304,379
12039020101,390
12039020102,390
12039020300,390
12039020400,390
12039020500,390
12039020600,390
12039020701,390
12039020702,390
12039020800,390
12041950100,419
12041950201,419
12041950202,419
12041950203,419
12041950204,419
12043000100,430
12043000200,430
12043000300,430
12045960100,459
12045960200,459
12045960300,459
12047960100,479
12047960200,479
12047960300,479
12049970101,499
12049970102,499
12049970201,499
12049970202,499
12049970300,499
12049970400,499
12051000100,510
12051000200,510
12051000300,510
12051000401,510
12051000402,510
12051000600,510
12053040101,530
12053040102,530
12053040201,530
12053040202,530
12053040301,530
12053040302,530
12053040303,530
12053040400,530
12053040501,530
12053040502,530
12053040601,530
12053040602,530
12053040701,530
12053040702,530
12053040801,530
12053040802,530
12053040901,530
12053040905,530
12053040906,530
12053040907,530
12053040908,530
12053040909,530
12053040910,530
12053040911,530
12053041003,530
12053041004,530
12053041005,530
12053041006,530
12053041103,530
12053041104,530
12053041105,530
12053041106,530
12053041201,530
12053041203,530
12053041204,530
12053041302,530
12053041303,530
12053041304,530
12053041305,530
12053041401,530
12053041402,530
12053041501,530
12053041502,530
12053041600,530
12055960101,559
12055960102,559
12055960103,559
12055960200,559
12055960300,559
12055960400,559
12055960501,559
12055960502,559
12055960601,559
12055960602,559
12055960700,559
12055960800,559
12055960900,559
12055961000,559
12055961100,559
12055961200,559
12055961301,559
12055961302,559
12055961400,559
12055961500,559
12055961601,559
12055961602,559
12055961603,559
12055961700,559
12057000101,570
12057000102,570
12057000201,570
12057000202,570
12057000300,570
12057000401,570
12057000402,570
12057000500,570
12057000601,570
12057000602,570
12057000700,570
12057000800,570
12057000901,570
12057000902,570
12057001001,570
12057001002,570
12057001100,570
12057001200,570
12057001300,570
12057001400,570
12057001500,570
12057001600,570
12057001700,570
12057001800,570
12057001900,570
12057002000,570
12057002100,570
12057002200,570
12057002300,570
12057002400,570
12057002500,570
12057002600,570
12057002700,570
12057002800,570
12057002900,570
12057003000,570
12057003100,570
12057003200,570
12057003300,570
12057003400,570
12057003500,570
12057003600,570
12057003700,570
12057003800,570
12057003900,570
12057004000,570
12057004100,570
12057004200,570
12057004300,570
12057004400,570
12057004500,570
12057004600,570
12057004700,570
12057004800,570
12057004900,570
12057005000,570
12057005101,570
12057005102,570
12057005301,570
12057005302,570
12057005401,570
12057005500,570
12057005700,570
12057005800,570
12057005900,570
12057006000,570
12057006101,570
12057006103,570
12057006200,570
12057006300,570
12057006400,570
12057006501,570
12057006502,570
12057006600,570
12057006700,570
12057006801,570
12057006802,570
12057006900,570
12057007001,570
12057007002,570
12057007102,570
12057007103,570
12057007200,570
12057007300,570
12057010103,570
12057010105,570
12057010106,570
12057010107,570
12057010108,570
12057010203,570
12057010204,570
12057010205,570
12057010209,570
12057010210,570
12057010211,570
12057010212,570
12057010213,570
12057010214,570
12057010303,570
12057010304,570
12057010305,570
12057010401,570
12057010402,570
12057010501,570
12057010502,570
12057010600,570
12057010701,570
12057010702,570
12057010805,570
12057010808,570
12057010809,570
12057010810,570
12057010811,570
12057010812,570
12057010813,570
12057010814,570
12057010815,570
12057010816,570
12057010817,570
12057010818,570
12057010900,570
12057011003,570
12057011005,570
12057011006,570
12057011007,570
12057011008,570
12057011010,570
12057011012,570
12057011013,570
12057011014,570
12057011015,570
12057011016,570
12057011103,570
12057011106,570
12057011107,570
12057011108,570
12057011109,570
12057011203,570
12057011204,570
12057011205,570
12057011206,570
12057011301,570
12057011303,570
12057011304,570
12057011407,570
12057011408,570
12057011409,570
12057011410,570
12057011411,570
12057011412,570
12057011413,570
12057011414,570
12057011415,570
12057011416,570
12057011417,570
12057011418,570
12057011504,570
12057011506,570
12057011507,570
12057011509,570
12057011510,570
12057011512,570
12057011514,570
12057011515,570
12057011516,570
12057011517,570
12057011518,570
12057011519,570
12057011520,570
12057011521,570
12057011522,570
12057011523,570
12057011524,570
12057011603,570
12057011605,570
12057011606,570
12057011607,570
12057011608,570
12057011610,570
12057011611,570
12057011612,570
12057011613,570
12057011614,570
12057011615,570
12057011706,570
12057011708,570
12057011709,570
12057011710,570
12057011712,570
12057011802,570
12057011803,570
12057011804,570
12057011901,570
12057011902,570
12057011904,570
12057011905,570
12057011906,570
12057012001,570
12057012002,570
12057012103,570
12057012104,570
12057012106,570
12057012107,570
12057012108,570
12057012206,570
12057012207,570
12057012208,570
12057012209,570
12057012210,570
12057012211,570
12057012212,570
12057012213,570
12057012301,570
12057012303,570
12057012304,570
12057012401,570
12057012402,570
12057012403,570
12057012501,570
12057012503,570
12057012504,570
12057012600,570
12057012701,570
12057012702,570
12057012800,570
12057012900,570
12057013001,570
12057013002,570
12057013003,570
12057013004,570
12057013100,570
12057013203,570
12057013204,570
12057013205,570
12057013206,570
12057013207,570
12057013208,570
12057013305,570
12057013307,570
12057013310,570
12057013311,570
12057013312,570
12057013313,570
12057013314,570
12057013315,570
12057013316,570
12057013317,570
12057013318,570
12057013319,570
12057013320,570
12057013321,570
12057013322,570
12057013406,570
12057013407,570
12057013409,570
12057013410,570
12057013411,570
12057013412,570
12057013413,570
12057013414,570
12057013415,570
12057013501,570
12057013503,570
12057013504,570
12057013505,570
12057013602,570
12057013604,570
12057013702,570
12057013703,570
12057013704,570
12057013801,570
12057013802,570
12057013803,570
12057013804,570
12057013806,570
12057013807,570
12057013903,570
12057013907,570
12057013908,570
12057013912,570
12057013913,570
12057013914,570
12057013915,570
12057013916,570
12057013917,570
12057013918,570
12057013919,570
12057013920,570
12057013921,570
12057013922,570
12057013923,570
12057014002,570
12057014003,570
12057014007,570
12057014008,570
12057014009,570
12057014010,570
12057014011,570
12057014012,570
12057014013,570
12057014014,570
12057014015,570
12057014016,570
12057014104,570
12057014106,570
12057014108,570
12057014109,570
12057014117,570
12057014118,570
12057014119,570
12057014121,570
12057014122,570
12057980300,579
12057980400,579
12057980500,579
12057980600,579
12059960100,599
12059960200,599
12059960300,599
12059960400,599
12061050100,610
12061050200,610
12061050301,610
12061050302,610
12061050401,610
12061050402,610
12061050501,610
12061050503,610
12061050504,610
12061050505,610
12061050601,610
12061050602,610
12061050603,610
12061050604,610
12061050605,610
12061050606,610
12061050702,610
12061050703,610
12061050704,610
12061050705,610
12061050802,610
12061050804,610
12061050805,610
12061050806,610
12061050807,610
12061050808,610
12061050902,610
12061050903,610
12061050904,610
12063210100,632
12063210200,632
12063210300,632
12063210400,632
12063210500,632
12063210600,632
12063210700,632
12063210800,632
12063210900,632
12063211000,632
12063211100,632
12065250101,652
12065250102,652
12065250200,652
12067960100,679
12067960200,679
12069030102,690
12069030104,690
12069030105,690
12069030106,690
12069030107,690
12069030108,690
12069030203,690
12069030204,690
12069030206,690
12069030207,690
12069030208,690
12069030209,690
12069030302,690
12069030305,690
12069030306,690
12069030307,690
12069030308,690
12069030405,690
12069030406,690
12069030407,690
12069030408,690
12069030409,690
12069030410,690
12069030411,690
12069030502,690
12069030503,690
12069030504,690
12069030601,690
12069030602,690
12069030701,690
12069030702,690
12069030803,690
12069030804,690
12069030805,690
12069030806,690
12069030807,690
12069030902,690
12069030912,690
12069030913,690
12069030914,690
12069031000,690
12069031101,690
12069031102,690
12069031103,690
12069031202,690
12069031203,690
12069031204,690
12069031205,690
12069031301,690
12069031305,690
12069031306,690
12069031307,690
12069031308,690
12069031309,690
12069031310,690
12069031311,690
12071000301,710
12071000302,710
12071000401,710
12071000402,710
12071000502,710
12071000503,710
12071000504,710
12071000600,710
12071000700,710
12071000800,710
12071000900,710
12071001000,710
12071001101,710
12071001102,710
12071001201,710
12071001202,710
12071001300,710
12071001401,710
12071001402,710
12071001501,710
12071001502,710
12071001601,710
12071001602,710
12071001701,710
12071001703,710
12071001705,710
12071001706,710
12071001707,710
12071001801,710
12071001802,710
12071001903,710
12071001906,710
12071001907,710
12071001908,710
12071001910,710
12071001911,710
12071001912,710
12071001913,710
12071001914,710
12071001915,710
12071010102,710
12071010103,710
12071010104,710
12071010105,710
12071010201,710
12071010203,710
12071010204,710
12071010302,710
12071010303,710
12071010304,710
12071010305,710
12071010306,710
12071010307,710
12071010404,710
12071010405,710
12071010406,710
12071010407,710
12071010409,710
12071010410,710
12071010411,710
12071010412,710
12071010501,710
12071010502,710
12071010601,710
12071010602,710
12071010701,710
12071010702,710
12071010801,710
12071010802,710
12071010803,710
12071020101,710
12071020102,710
12071020201,710
12071020202,710
12071020300,710
12071020400,710
12071020501,710
12071020502,710
12071020600,710
12071020700,710
12071020800,710
12071030100,710
12071030201,710
12071030202,710
12071030203,710
12071030204,710
12071030300,710
12071040108,710
12071040109,710
12071040110,710
12071040111,710
12071040112,710
12071040113,710
12071040114,710
12071040115,710
12071040116,710
12071040117,710
12071040118,710
12071040119,710
12071040120,710
12071040121,710
12071040122,710
12071040123,710
12071040124,710
12071040125,710
12071040126,710
12071040127,710
12071040203,710
12071040205,710
12071040206,710
12071040207,710
12071040208,710
12071040209,710
12071040210,710
12071040301,710
12071040302,710
12071040303,710
12071040304,710
12071040305,710
12071040308,710
12071040309,710
12071040310,710
12071040311,710
12071040312,710
12071040313,710
12071040314,710
12071050103,710
12071050104,710
12071050105,710
12071050106,710
12071050203,710
12071050204,710
12071050205,710
12071050206,710
12071050207,710
12071050208,710
12071050209,710
12071050305,710
12071050306,710
12071050307,710
12071050308,710
12071050310,710
12071050311,710
12071050312,710
12071050313,710
12071050314,710
12071050400,710
12071050500,710
12071050601,710
12071050602,710
12071060101,710
12071060102,710
12071060201,710
12071060202,710
12071060203,710
12071060300,710
12071070101,710
12071070102,710
12071070200,710
12071080100,710
12071080202,710
12071080203,710
12071080204,710
12071080300,710
12071090100,710
12073000200,730
12073000301,730
12073000302,730
12073000303,730
12073000400,730
12073000500,730
12073000600,730
12073000700,730
12073000800,730
12073000901,730
12073000903,730
12073000904,730
12073000905,730
12073001001,730
12073001002,730
12073001101,730
12073001102,730
12073001200,730
12073001401,730
12073001402,730
12073001500,730
12073001601,730
12073001602,730
12073001700,730
12073001801,730
12073001802,730
12073001901,730
12073001902,730
12073002003,730
12073002004,730
12073002005,730
12073002006,730
12073002101,730
12073002103,730
12073002104,730
12073002201,730
12073002205,730
12073002206,730
12073002207,730
12073002208,730
12073002302,730
12073002303,730
12073002304,730
12073002403,730
12073002408,730
12073002410,730
12073002411,730
12073002412,730
12073002413,730
12073002414,730
12073002415,730
12073002416,730
12073002417,730
12073002505,730
12073002507,730
12073002508,730
12073002509,730
12073002510,730
12073002511,730
12073002512,730
12073002513,730
12073002603,730
12073002604,730
12073002605,730
12073002606,730
12073002701,730
12073002702,730
12075970101,759
12075970102,759
12075970200,759
12075970301,759
12075970302,759
12075970400,759
12075970500,759
12075970600,759
12075970700,759
12077950100,779
12077950200,779
12079110100,791
12079110200,791
12079110301,791
12079110302,791
12079110400,791
12081000101,810
12081000103,810
12081000105,810
12081000106,810
12081000201,810
12081000202,810
12081000304,810
12081000305,810
12081000306,810
12081000307,810
12081000308,810
12081000309,810
12081000310,810
12081000403,810
12081000405,810
12081000406,810
12081000407,810
12081000408,810
12081000501,810
12081000503,810
12081000504,810
12081000601,810
12081000603,810
12081000604,810
12081000703,810
12081000704,810
12081000705,810
12081000803,810
12081000804,810
12081000805,810
12081000807,810
12081000808,810
12081000809,810
12081000810,810
12081000901,810
12081000902,810
12081001000,810
12081001104,810
12081001105,810
12081001106,810
12081001107,810
12081001108,810
12081001202,810
12081001203,810
12081001204,810
12081001300,810
12081001402,810
12081001403,810
12081001404,810
12081001501,810
12081001502,810
12081001601,810
12081001602,810
12081001701,810
12081001703,810
12081001704,810
12081001800,810
12081001904,810
12081001907,810
12081001908,810
12081001909,810
12081001910,810
12081001911,810
12081001912,810
12081001913,810
12081001914,810
12081002003,810
12081002005,810
12081002007,810
12081002008,810
12081002010,810
12081002011,810
12081002012,810
12081002013,810
12081002014,810
12081002015,810
12081002016,810
12081002017,810
12083000100,830
12083000200,830
12083000301,830
12083000302,830
12083000401,830
12083000402,830
12083000501,830
12083000502,830
12083000601,830
12083000602,830
12083000604,830
12083000605,830
12083000701,830
12083000702,830
12083000801,830
12083000802,830
12083000901,830
12083000902,830
12083001003,830
12083001004,830
12083001005,830
12083001006,830
12083001007,830
12083001008,830
12083001102,830
12083001103,830
12083001104,830
12083001204,830
12083001205,830
12083001206,830
12083001207,830
12083001208,830
12083001301,830
12083001302,830
12083001401,830
12083001402,830
12083001500,830
12083001600,830
12083001700,830
12083001800,830
12083001900,830
12083002001,830
12083002002,830
12083002100,830
12083002201,830
12083002202,830
12083002203,830
12083002301,830
12083002302,830
12083002401,830
12083002402,830
12083002502,830
12083002503,830
12083002504,830
12083002601,830
12083002602,830
12083002604,830
12083002605,830
12083002606,830
12083002701,830
12083002702,830
12085000100,850
12085000200,850
12085000300,850
12085000400,850
12085000501,850
12085000502,850
12085000603,850
12085000604,850
12085000606,850
12085000607,850
12085000610,850
12085000700,850
12085000800,850
12085000901,850
12085000902,850
12085001000,850
12085001102,850
12085001103,850
12085001104,850
12085001200,850
12085001301,850
12085001302,850
12085001404,850
12085001406,850
12085001407,850
12085001408,850
12085001409,850
12085001410,850
12085001500,850
12085001601,850
12085001602,850
12085001700,850
12085001801,850
12085001802,850
12086000107,860
12086000109,860
12086000113,860
12086000115,860
12086000118,860
12086000119,860
12086000120,860
12086000121,860
12086000122,860
12086000123,860
12086000124,860
12086000125,860
12086000126,860
12086000127,860
12086000128,860
12086000129,860
12086000130,860
12086000131,860
12086000132,860
12086000133,860
12086000134,860
12086000140,860
12086000202,860
12086000204,860
12086000206,860
12086000209,860
12086000211,860
12086000212,860
12086000213,860
12086000214,860
12086000215,860
12086000216,860
12086000217,860
12086000218,860
12086000219,860
12086000220,860
12086000301,860
12086000302,860
12086000305,860
12086000306,860
12086000307,860
12086000308,860
12086000402,860
12086000403,860
12086000404,860
12086000405,860
12086000408,860
12086000409,860
12086000410,860
12086000411,860
12086000412,860
12086000413,860
12086000414,860
12086000501,860
12086000503,860
12086000504,860
12086000505,860
12086000601,860
12086000602,860
12086000603,860
12086000604,860
12086000605,860
12086000607,860
12086000608,860
12086000705,860
12086000706,860
12086000707,860
12086000708,860
12086000709,860
12086000710,860
12086000711,860
12086000712,860
12086000804,860
12086000805,860
12086000806,860
12086000807,860
12086000808,860
12086000901,860
12086000902,860
12086000903,860
12086001002,860
12086001003,860
12086001004,860
12086001005,860
12086001006,860
12086001101,860
12086001102,860
12086001103,860
12086001104,860
12086001203,860
12086001204,860
12086001205,860
12086001206,860
12086001301,860
12086001302,860
12086001401,860
12086001402,860
12086001501,860
12086001502,860
12086001602,860
12086001603,860
12086001605,860
12086001606,860
12086001701,860
12086001702,860
12086001703,860
12086001801,860
12086001802,860
12086001803,860
12086001901,860
12086001903,860
12086001904,860
12086002001,860
12086002003,860
12086002004,860
12086002100,860
12086002201,860
12086002202,860
12086002300,860
12086002402,860
12086002403,860
12086002404,860
12086002501,860
12086002502,860
12086002600,860
12086002702,860
12086002703,860
12086002705,860
12086002706,860
12086002800,860
12086002900,860
12086003001,860
12086003003,860
12086003004,860
12086003100,860
12086003400,860
12086003601,860
12086003602,860
12086003702,860
12086003703,860
12086003704,860
12086003705,860
12086003706,860
12086003707,860
12086003801,860
12086003803,860
12086003804,860
12086003906,860
12086003909,860
12086003911,860
12086003912,860
12086003913,860
12086003914,860
12086003915,860
12086003916,860
12086003917,860
12086003918,860
12086003919,860
12086003921,860
12086003922,860
12086004000,860
12086004102,860
12086004103,860
12086004105,860
12086004106,860
12086004203,860
12086004204,860
12086004205,860
12086004206,860
12086004301,860
12086004303,860
12086004304,860
12086004403,860
12086004404,860
12086004405,860
12086004406,860
12086004500,860
12086004602,860
12086004605,860
12086004607,860
12086004608,860
12086004701,860
12086004702,860
12086004703,860
12086004901,860
12086004902,860
12086005001,860
12086005002,860
12086005102,860
12086005103,860
12086005104,860
12086005201,860
12086005202,860
12086005302,860
12086005303,860
12086005304,860
12086005403,860
12086005405,860
12086005406,860
12086005407,860
12086005409,860
12086005410,860
12086005501,860
12086005502,860
12086005600,860
12086005701,860
12086005703,860
12086005704,860
12086005801,860
12086005802,860
12086005901,860
12086005902,860
12086005903,860
12086005904,860
12086006001,860
12086006002,860
12086006101,860
12086006102,860
12086006201,860
12086006203,860
12086006205,860
12086006206,860
12086006301,860
12086006302,860
12086006401,860
12086006402,860
12086006403,860
12086006501,860
12086006503,860
12086006504,860
12086006601,860
12086006602,860
12086006702,860
12086006705,860
12086006706,860
12086006707,860
12086006709,860
12086006711,860
12086006713,860
12086006714,860
12086006801,860
12086006802,860
12086006900,860
12086007001,860
12086007002,860
12086007101,860
12086007103,860
12086007104,860
12086007200,860
12086007300,860
12086007400,860
12086007501,860
12086007503,860
12086007601,860
12086007603,860
12086007604,860
12086007605,860
12086007606,860
12086007701,860
12086007702,860
12086007704,860
12086007705,860
12086007801,860
12086007804,860
12086007805,860
12086007806,860
12086007807,860
12086007901,860
12086007902,860
12086008000,860
12086008101,860
12086008102,860
12086008202,860
12086008205,860
12086008206,860
12086008207,860
12086008208,860
12086008209,860
12086008304,860
12086008305,860
12086008306,860
12086008307,860
12086008308,860
12086008309,860
12086008405,860
12086008407,860
12086008409,860
12086008410,860
12086008412,860
12086008414,860
12086008415,860
12086008416,860
12086008417,860
12086008418,860
12086008419,860
12086008501,860
12086008502,860
12086008601,860
12086008602,860
12086008701,860
12086008702,860
12086008803,860
12086008804,860
12086008805,860
12086008806,860
12086008901,860
12086008902,860
12086008906,860
12086008907,860
12086009006,860
12086009010,860
12086009014,860
12086009015,860
12086009017,860
12086009019,860
12086009020,860
12086009021,860
12086009022,860
12086009023,860
12086009024,860
12086009026,860
12086009027,860
12086009028,860
12086009029,860
12086009030,860
12086009031,860
12086009034,860
12086009035,860
12086009036,860
12086009038,860
12086009039,860
12086009040,860
12086009043,860
12086009044,860
12086009046,860
12086009047,860
12086009100,860
12086009200,860
12086009305,860
12086009306,860
12086009307,860
12086009308,860
12086009309,860
12086009311,860
12086009312,860
12086009313,860
12086009314,860
12086009315,860
12086009400,860
12086009501,860
12086009503,860
12086009504,860
12086009600,860
12086009703,860
12086009704,860
12086009705,860
12086009706,860
12086009803,860
12086009804,860
12086009806,860
12086009807,860
12086009808,860
12086009901,860
12086009903,860
12086009904,860
12086009905,860
12086009906,860
12086010001,860
12086010005,860
12086010006,860
12086010009,860
12086010010,860
12086010011,860
12086010012,860
12086010013,860
12086010015,860
12086010016,860
12086010193,860
12086010198,860
12086010201,860
12086010204,860
12086010205,860
12086010207,860
12086010208,860
12086010209,860
12086010210,860
12086010300,860
12086010400,860
12086010500,860
12086010604,860
12086010606,860
12086010608,860
12086010609,860
12086010610,860
12086010612,860
12086010613,860
12086010614,860
12086010617,860
12086010703,860
12086010704,860
12086010801,860
12086010802,860
12086010900,860
12086011001,860
12086011003,860
12086011005,860
12086011007,860
12086011008,860
12086011009,860
12086011101,860
12086011102,860
12086011201,860
12086011202,860
12086011300,860
12086011401,860
12086011403,860
12086011404,860
12086011500,860
12086011600,860
12086011700,860
12086011800,860
12086011900,860
12086012000,860
12086012100,860
12086012200,860
12086012300,860
12086012400,860
12086012500,860
12086012600,860
12086012700,860
12086012800,860
12086012900,860
12086013000,860
12086013100,860
12086013200,860
12086013300,860
12086013400,860
12086013500,860
12086013600,860
12086013700,860
12086013800,860
12086013900,860
12086014000,860
12086014100,860
12086014200,860
12086014300,860
12086014400,860
12086014500,860
12086014600,860
12086014700,860
12086014800,860
12086014900,860
12086015000,860
12086015100,860
12086015200,860
12086015300,860
12086015400,860
12086015500,860
12086015600,860
12086015700,860
12086015800,860
12086015900,860
12086016000,860
12086016100,860
12086016200,860
12086016300,860
12086016400,860
12086016500,860
12086016600,860
12086016700,860
12086016800,860
12086016900,860
12086017000,860
12086017100,860
12086017200,860
12086017300,860
12086017400,860
12086017500,860
12086017600,860
12086017700,860
12086017800,860
12086017900,860
12086018000,860
12086018100,860
12086018200,860
12086018300,860
12086018400,860
12086018500,860
12086018600,860
12086018700,860
12086018800,860
12086018900,860
12086019000,860
12086019100,860
12086019200,860
12086019300,860
12086019400,860
12086019500,860
12086019600,860
12086019700,860
12086019800,860
12086019900,860
12086020000,860
12086020100,860
12086020200,860
12086020300,860
12086490100,864
12086980300,869
12086980700,869
12087970200,879
12087970300,879
12087970400,879
12087970500,879
12087970600,879
12087970700,879
12087970800,879
12087970900,879
12087971001,879
12087971002,879
12087971100,879
12087971200,879
12087971300,879
12087971401,879
12087971402,879
12087971501,879
12087971502,879
12087971600,879
12087971700,879
12087971800,879
12087971900,879
12087972000,879
12087972100,879
12087972200,879
12087972300,879
12087972400,879
12087972500,879
12087972600,879
12087980000,879
12089050101,890
12089050102,890
12089050201,890
12089050202,890
12089050203,890
12089050301,890
12089050302,890
12089050303,890
12089050400,890
12089050502,890
12089050503,890
12089050504,890
12091020100,910
12091020200,910
12091020301,910
12091020302,910
12091020400,910
12091020500,910
12091020600,910
12091020700,910
12091020800,910
12091020900,910
12091021001,910
12091021002,910
12091021101,910
12091021102,910
12091021200,910
12091021400,910
12091021501,910
12091021502,910
12091021600,910
12091021700,910
12091021801,910
12091021802,910
12091021900,910
12091022001,910
12091022002,910
12091022100,910
12091022300,910
12091022400,910
12091022500,910
12091022600,910
12091022700,910
12091022800,910
12091022900,910
12091023100,910
12091023200,910
12091023303,910
12091023304,910
12091023305,910
12091023306,910
12091023307,910
12091023308,910
12093910101,939
12093910102,939
12093910201,939
12093910202,939
12093910300,939
12093910401,939
12093910402,939
12093910403,939
12093910500,939
12093910601,939
12093910602,939
12095010200,950
12095010300,950
12095010400,950
12095010500,950
12095010802,950
12095011000,950
12095011100,950
12095011200,950
12095011300,950
12095011600,950
12095011701,950
12095011702,950
12095012000,950
12095012100,950
12095012201,950
12095012202,950
12095012303,950
12095012304,950
12095012305,950
12095012306,950
12095012307,950
12095012401,950
12095012402,950
12095012403,950
12095012500,950
12095012600,950
12095012701,950
12095012800,950
12095012900,950
12095013201,950
12095013202,950
12095013300,950
12095013402,950
12095013403,950
12095013405,950
12095013406,950
12095013503,950
12095013505,950
12095013507,950
12095013508,950
12095013509,950
12095013510,950
12095013511,950
12095013512,950
12095013603,950
12095013604,950
12095013605,950
12095013606,950
12095013607,950
12095013701,950
12095013702,950
12095013801,950
12095013802,950
12095013803,950
12095013900,950
12095014000,950
12095014100,950
12095014200,950
12095014301,950
12095014302,950
12095014400,950
12095014502,950
12095014503,950
12095014504,950
12095014601,950
12095014605,950
12095014606,950
12095014607,950
12095014608,950
12095014609,950
12095014701,950
12095014702,950
12095014703,950
12095014704,950
12095014804,950
12095014805,950
12095014806,950
12095014807,950
12095014808,950
12095014809,950
12095014810,950
12095014811,950
12095014812,950
12095014813,950
12095014904,950
12095014906,950
12095014908,950
12095014909,950
12095015001,950
12095015002,950
12095015003,950
12095015004,950
12095015103,950
12095015104,950
12095015105,950
12095015106,950
12095015201,950
12095015202,950
12095015300,950
12095015402,950
12095015501,950
12095015601,950
12095015602,950
12095015701,950
12095015702,950
12095015801,950
12095015802,950
12095015901,950
12095015902,950
12095016001,950
12095016002,950
12095016100,950
12095016200,950
12095016301,950
12095016302,950
12095016402,950
12095016406,950
12095016407,950
12095016408,950
12095016409,950
12095016410,950
12095016411,950
12095016412,950
12095016503,950
12095016504,950
12095016505,950
12095016507,950
12095016508,950
12095016509,950
12095016510,950
12095016511,950
12095016601,950
12095016602,950
12095016704,950
12095016709,950
12095016710,950
12095016712,950
12095016713,950
12095016714,950
12095016715,950
12095016716,950
12095016717,950
12095016723,950
12095016724,950
12095016727,950
12095016728,950
12095016729,950
12095016730,950
12095016731,950
12095016732,950
12095016733,950
12095016734,950
12095016802,950
12095016803,950
12095016804,950
12095016806,950
12095016807,950
12095016902,950
12095016903,950
12095016904,950
12095016906,950
12095016907,950
12095017001,950
12095017004,950
12095017006,950
12095017008,950
12095017011,950
12095017012,950
12095017013,950
12095017014,950
12095017015,950
12095017016,950
12095017017,950
12095017103,950
12095017104,950
12095017105,950
12095017107,950
12095017108,950
12095017109,950
12095017200,950
12095017300,950
12095017400,950
12095017501,950
12095017503,950
12095017504,950
12095017600,950
12095017701,950
12095017702,950
12095017703,950
12095017802,950
12095017804,950
12095017805,950
12095017806,950
12095017807,950
12095017808,950
12095017901,950
12095017902,950
12095018000,950
12095018100,950
12095018200,950
12095018300,950
12095018400,950
12095018500,950
12095018700,950
12095018800,950
12095018900,950
12097040801,970
12097040802,970
12097040803,970
12097040804,970
12097040901,970
12097040902,970
12097041001,970
12097041002,970
12097041100,970
12097041300,970
12097041500,970
12097041600,970
12097041700,970
12097041800,970
12097041900,970
12097042000,970
12097042100,970
12097042200,970
12097042300,970
12097042400,970
12097042500,970
12097042601,970
12097042602,970
12097042701,970
12097042702,970
12097042800,970
12097042900,970
12097043100,970
12097043201,970
12097043202,970
12097043203,970
12097043204,970
12097043205,970
12097043206,970
12097043301,970
12097043302,970
12097043400,970
12097043500,970
12097043600,970
12097043700,970
12097043800,970
12099000101,990
12099000102,990
12099000202,990
12099000204,990
12099000205,990
12099000206,990
12099000208,990
12099000209,990
12099000210,990
12099000211,990
12099000213,990
12099000214,990
12099000215,990
12099000301,990
12099000303,990
12099000304,990
12099000405,990
12099000406,990
12099000407,990
12099000408,990
12099000410,990
12099000505,990
12099000507,990
12099000509,990
12099000511,990
12099000600,990
12099000702,990
12099000703,990
12099000802,990
12099000803,990
12099000804,990
12099000902,990
12099000903,990
12099000904,990
12099000905,990
12099001002,990
12099001003,990
12099001004,990
12099001101,990
12099001102,990
12099001200,990
12099001301,990
12099001302,990
12099001402,990
12099001403,990
12099001404,990
12099001500,990
12099001600,990
12099001700,990
12099001801,990
12099001802,990
12099001904,990
12099001907,990
12099001908,990
12099001909,990
12099001910,990
12099001911,990
12099001912,990
12099001913,990
12099001914,990
12099001915,990
12099001916,990
12099001917,990
12099002005,990
12099002006,990
12099002100,990
12099002200,990
12099002300,990
12099002400,990
12099002600,990
12099002700,990
12099002800,990
12099002900,990
12099003000,990
12099003101,990
12099003102,990
12099003201,990
12099003202,990
12099003300,990
12099003400,990
12099003504,990
12099003507,990
12099003509,990
12099003511,990
12099003600,990
12099003700,990
12099003800,990
12099003901,990
12099003902,990
12099004005,990
12099004007,990
12099004008,990
12099004009,990
12099004010,990
12099004011,990
12099004012,990
12099004013,990
12099004101,990
12099004102,990
12099004201,990
12099004202,990
12099004203,990
12099004300,990
12099004401,990
12099004402,990
12099004500,990
12099004601,990
12099004602,990
12099004702,990
12099004704,990
12099004705,990
12099004706,990
12099004809,990
12099004810,990
12099004811,990
12099004812,990
12099004813,990
12099004815,990
12099004816,990
12099004817,990
12099004818,990
12099004819,990
12099004902,990
12099004903,990
12099004904,990
12099005000,990
12099005101,990
12099005102,990
12099005202,990
12099005203,990
12099005204,990
12099005300,990
12099005405,990
12099005407,990
12099005409,990
12099005411,990
12099005501,990
12099005502,990
12099005601,990
12099005602,990
12099005701,990
12099005702,990
12099005807,990
12099005808,990
12099005810,990
12099005811,990
12099005812,990
12099005813,990
12099005814,990
12099005815,990
12099005816,990
12099005817,990
12099005903,990
12099005915,990
12099005916,990
12099005917,990
12099005918,990
12099005921,990
12099005922,990
12099005923,990
12099005926,990
12099005930,990
12099005931,990
12099005933,990
12099005934,990
12099005935,990
12099005936,990
12099005937,990
12099005938,990
12099005939,990
12099005940,990
12099005942,990
12099005943,990
12099005944,990
12099005945,990
12099005946,990
12099005947,990
12099005949,990
12099005950,990
12099005951,990
12099005952,990
12099005953,990
12099005954,990
12099005955,990
12099005956,990
12099006005,990
12099006006,990
12099006007,990
12099006008,990
12099006009,990
12099006010,990
12099006011,990
12099006012,990
12099006100,990
12099006201,990
12099006202,990
12099006203,990
12099006300,990
12099006401,990
12099006402,990
12099006501,990
12099006502,990
12099006602,990
12099006603,990
12099006604,990
12099006605,990
12099006700,990
12099006801,990
12099006802,990
12099006906,990
12099006907,990
12099006908,990
12099006909,990
12099006910,990
12099006911,990
12099006912,990
12099007002,990
12099007005,990
12099007006,990
12099007007,990
12099007008,990
12099007009,990
12099007010,990
12099007011,990
12099007201,990
12099007202,990
12099007203,990
12099007301,990
12099007302,990
12099007407,990
12099007410,990
12099007412,990
12099007414,990
12099007416,990
12099007418,990
12099007420,990
12099007501,990
12099007504,990
12099007505,990
12099007602,990
12099007603,990
12099007604,990
12099007605,990
12099007607,990
12099007610,990
12099007612,990
12099007613,990
12099007614,990
12099007615,990
12099007616,990
12099007617,990
12099007618,990
12099007705,990
12099007710,990
12099007713,990
12099007716,990
12099007721,990
12099007723,990
12099007724,990
12099007725,990
12099007730,990
12099007731,990
12099007732,990
12099007733,990
12099007734,990
12099007735,990
12099007736,990
12099007738,990
12099007739,990
12099007740,990
12099007741,990
12099007742,990
12099007743,990
12099007744,990
12099007746,990
12099007747,990
12099007748,990
12099007749,990
12099007750,990
12099007751,990
12099007752,990
12099007753,990
12099007754,990
12099007756,990
12099007757,990
12099007758,990
12099007759,990
12099007760,990
12099007762,990
12099007763,990
12099007764,990
12099007765,990
12099007766,990
12099007767,990
12099007805,990
12099007808,990
12099007809,990
12099007812,990
12099007813,990
12099007814,990
12099007817,990
12099007818,990
12099007820,990
12099007821,990
12099007822,990
12099007823,990
12099007828,990
12099007830,990
12099007831,990
12099007832,990
12099007833,990
12099007834,990
12099007835,990
12099007836,990
12099007837,990
12099007838,990
12099007839,990
12099007908,990
12099007909,990
12099007910,990
12099007912,990
12099008001,990
12099008002,990
12099008101,990
12099008201,990
12099008202,990
12099008203,990
12099008301,990
12099008302,990
12101030101,10
12101030102,10
12101030202,10
12101030203,10
12101030204,10
12101030205,10
12101030301,10
12101030302,10
12101030303,10
12101030404,10
12101030405,10
12101030406,10
12101030407,10
12101030408,10
12101030409,10
12101030410,10
12101030411,10
12101030412,10
12101030501,10
12101030502,10
12101030601,10
12101030602,10
12101030700,10
12101030800,10
12101030901,10
12101030903,10
12101030904,10
12101030905,10
12101031003,10
12101031005,10
12101031006,10
12101031007,10
12101031008,10
12101031009,10
12101031010,10
12101031011,10
12101031012,10
12101031013,10
12101031014,10
12101031101,10
12101031102,10
12101031203,10
12101031204,10
12101031205,10
12101031206,10
12101031207,10
12101031208,10
12101031301,10
12101031302,10
12101031401,10
12101031404,10
12101031405,10
12101031406,10
12101031407,10
12101031408,10
12101031409,10
12101031503,10
12101031504,10
12101031505,10
12101031506,10
12101031507,10
12101031508,10
12101031601,10
12101031602,10
12101031603,10
12101031604,10
12101031605,10
12101031701,10
12101031703,10
12101031704,10
12101031705,10
12101031706,10
12101031707,10
12101031708,10
12101031804,10
12101031805,10
12101031806,10
12101031807,10
12101031808,10
12101031809,10
12101031901,10
12101031902,10
12101031903,10
12101032001,10
12101032005,10
12101032006,10
12101032007,10
12101032008,10
12101032009,10
12101032010,10
12101032011,10
12101032012,10
12101032013,10
12101032014,10
12101032103,10
12101032104,10
12101032105,10
12101032106,10
12101032107,10
12101032108,10
12101032109,10
12101032110,10
12101032111,10
12101032112,10
12101032113,10
12101032200,10
12101032300,10
12101032401,10
12101032402,10
12101032500,10
12101032601,10
12101032602,10
12101032700,10
12101032801,10
12101032802,10
12101032803,10
12101032804,10
12101032901,10
12101032902,10
12101032903,10
12101032904,10
12101033005,10
12101033006,10
12101033007,10
12101033008,10
12101033009,10
12101033010,10
12101033011,10
12101033012,10
12101033013,10
12101033014,10
12101033101,10
12101033102,10
12103020101,30
12103020105,30
12103020106,30
12103020107,30
12103020108,30
12103020201,30
12103020202,30
12103020206,30
12103020207,30
12103020208,30
12103020209,30
12103020301,30
12103020302,30
12103020400,30
12103020500,30
12103020600,30
12103020700,30
12103020800,30
12103021200,30
12103021500,30
12103021600,30
12103021800,30
12103021900,30
12103022000,30
12103022100,30
12103022200,30
12103022301,30
12103022302,30
12103022401,30
12103022402,30
12103022501,30
12103022502,30
12103022503,30
12103022601,30
12103022602,30
12103022700,30
12103022801,30
12103022802,30
12103022901,30
12103022902,30
12103023000,30
12103023100,30
12103023200,30
12103023300,30
12103023400,30
12103023500,30
12103023600,30
12103023700,30
12103023800,30
12103023900,30
12103024001,30
12103024002,30
12103024004,30
12103024005,30
12103024100,30
12103024200,30
12103024301,30
12103024302,30
12103024403,30
12103024406,30
12103024408,30
12103024409,30
12103024410,30
12103024411,30
12103024412,30
12103024413,30
12103024505,30
12103024507,30
12103024508,30
12103024509,30
12103024510,30
12103024511,30
12103024512,30
12103024513,30
12103024514,30
12103024601,30
12103024602,30
12103024701,30
12103024702,30
12103024703,30
12103024801,30
12103024803,30
12103024804,30
12103024805,30
12103024901,30
12103024902,30
12103024904,30
12103024905,30
12103024906,30
12103025004,30
12103025007,30
12103025009,30
12103025010,30
12103025011,30
12103025012,30
12103025013,30
12103025014,30
12103025015,30
12103025016,30
12103025017,30
12103025018,30
12103025019,30
12103025106,30
12103025107,30
12103025108,30
12103025109,30
12103025110,30
12103025111,30
12103025112,30
12103025113,30
12103025114,30
12103025115,30
12103025116,30
12103025119,30
12103025120,30
12103025121,30
12103025122,30
12103025123,30
12103025203,30
12103025204,30
12103025205,30
12103025207,30
12103025208,30
12103025209,30
12103025303,30
12103025304,30
12103025305,30
12103025306,30
12103025307,30
12103025308,30
12103025401,30
12103025405,30
12103025407,30
12103025408,30
12103025411,30
12103025412,30
12103025413,30
12103025414,30
12103025415,30
12103025416,30
12103025417,30
12103025501,30
12103025503,30
12103025505,30
12103025506,30
12103025602,30
12103025603,30
12103025604,30
12103025700,30
12103025800,30
12103025900,30
12103026001,30
12103026002,30
12103026101,30
12103026102,30
12103026200,30
12103026300,30
12103026400,30
12103026500,30
12103026601,30
12103026602,30
12103026701,30
12103026702,30
12103026703,30
12103026804,30
12103026809,30
12103026811,30
12103026812,30
12103026813,30
12103026814,30
12103026815,30
12103026816,30
12103026817,30
12103026818,30
12103026819,30
12103026820,30
12103026821,30
12103026904,30
12103026907,30
12103026908,30
12103026909,30
12103026910,30
12103026911,30
12103026912,30
12103026913,30
12103027000,30
12103027101,30
12103027105,30
12103027106,30
12103027202,30
12103027204,30
12103027205,30
12103027206,30
12103027207,30
12103027208,30
12103027209,30
12103027210,30
12103027308,30
12103027309,30
12103027310,30
12103027314,30
12103027315,30
12103027316,30
12103027317,30
12103027318,30
12103027319,30
12103027320,30
12103027321,30
12103027322,30
12103027323,30
12103027324,30
12103027325,30
12103027326,30
12103027327,30
12103027401,30
12103027402,30
12103027403,30
12103027501,30
12103027502,30
12103027603,30
12103027604,30
12103027605,30
12103027606,30
12103027701,30
12103027703,30
12103027704,30
12103027801,30
12103027802,30
12103027901,30
12103027903,30
12103027904,30
12103028002,30
12103028003,30
12103028004,30
12103028102,30
12103028103,30
12103028104,30
12103028200,30
12103028300,30
12103028401,30
12103028402,30
12103028500,30
12103028600,30
12103028700,30
12105010300,50
12105010401,50
12105010402,50
12105010501,50
12105010502,50
12105010601,50
12105010603,50
12105010604,50
12105010701,50
12105010702,50
12105010800,50
12105010900,50
12105011000,50
12105011100,50
12105011202,50
12105011203,50
12105011204,50
12105011300,50
12105011400,50
12105011501,50
12105011502,50
12105011603,50
12105011604,50
12105011605,50
12105011606,50
12105011704,50
12105011721,50
12105011722,50
12105011731,50
12105011732,50
12105011821,50
12105011822,50
12105011832,50
12105011833,50
12105011834,50
12105011835,50
12105011836,50
12105011901,50
12105011902,50
12105011908,50
12105011909,50
12105011910,50
12105011911,50
12105011912,50
12105011913,50
12105012001,50
12105012002,50
12105012003,50
12105012004,50
12105012111,50
12105012113,50
12105012124,50
12105012125,50
12105012126,50
12105012127,50
12105012128,50
12105012129,50
12105012203,50
12105012204,50
12105012205,50
12105012206,50
12105012303,50
12105012304,50
12105012305,50
12105012306,50
12105012307,50
12105012309,50
12105012403,50
12105012404,50
12105012405,50
12105012406,50
12105012407,50
12105012408,50
12105012409,50
12105012410,50
12105012411,50
12105012502,50
12105012503,50
12105012504,50
12105012506,50
12105012507,50
12105012601,50
12105012602,50
12105012700,50
12105012802,50
12105012803,50
12105012804,50
12105012900,50
12105013001,50
12105013002,50
12105013101,50
12105013102,50
12105013103,50
12105013200,50
12105013300,50
12105013400,50
12105013500,50
12105013600,50
12105013701,50
12105013702,50
12105013801,50
12105013802,50
12105013901,50
12105013902,50
12105014001,50
12105014003,50
12105014005,50
12105014006,50
12105014103,50
12105014104,50
12105014105,50
12105014121,50
12105014123,50
12105014124,50
12105014125,50
12105014201,50
12105014202,50
12105014203,50
12105014301,50
12105014302,50
12105014400,50
12105014501,50
12105014502,50
12105014600,50
12105014701,50
12105014702,50
12105014802,50
12105014803,50
12105014804,50
12105014901,50
12105014902,50
12105015000,50
12105015101,50
12105015102,50
12105015200,50
12105015301,50
12105015302,50
12105015401,50
12105015402,50
12105015404,50
12105015405,50
12105015500,50
12105015600,50
12105015701,50
12105015702,50
12105015801,50
12105015802,50
12105015900,50
12105016001,50
12105016002,50
12105016003,50
12105016100,50
12105016400,50
12107950100,79
12107950201,79
12107950202,79
12107950300,79
12107950400,79
12107950500,79
12107950600,79
12107950700,79
12107950800,79
12107950900,79
12107951000,79
12107951100,79
12107951200,79
12107951300,79
12107951401,79
12107951402,79
12109020200,90
12109020300,90
12109020400,90
12109020500,90
12109020601,90
12109020602,90
12109020704,90
12109020705,90
12109020706,90
12109020707,90
12109020708,90
12109020710,90
12109020711,90
12109020801,90
12109020802,90
12109020803,90
12109020804,90
12109020805,90
12109020806,90
12109020807,90
12109020901,90
12109020902,90
12109021002,90
12109021003,90
12109021004,90
12109021101,90
12109021102,90
12109021103,90
12109021203,90
12109021204,90
12109021205,90
12109021206,90
12109021301,90
12109021302,90
12109021403,90
12109021404,90
12109021405,90
12109021406,90
12109021407,90
12111380100,113
12111380200,113
12111380300,113
12111380400,113
12111380500,113
12111380600,113
12111380700,113
12111380800,113
12111380901,113
12111380902,113
12111381000,113
12111381101,113
12111381102,113
12111381204,113
12111381300,113
12111381401,113
12111381402,113
12111381502,113
12111381503,113
12111381601,113
12111381602,113
12111381603,113
12111381701,113
12111381702,113
12111381802,113
12111381803,113
12111381804,113
12111381900,113
12111382002,113
12111382003,113
12111382006,113
12111382007,113
12111382008,113
12111382009,113
12111382010,113
12111382106,113
12111382108,113
12111382109,113
12111382110,113
12111382111,113
12111382112,113
12111382113,113
12111382200,113
12113010100,130
12113010200,130
12113010300,130
12113010400,130
12113010502,130
12113010503,130
12113010504,130
12113010600,130
12113010702,130
12113010704,130
12113010705,130
12113010706,130
12113010707,130
12113010708,130
12113010802,130
12113010808,130
12113010809,130
12113010811,130
12113010812,130
12113010813,130
12113010814,130
12113010815,130
12113010817,130
12113010819,130
12113010900,130
12115000101,150
12115000102,150
12115000200,150
12115000300,150
12115000401,150
12115000404,150
12115000405,150
12115000406,150
12115000407,150
12115000501,150
12115000502,150
12115000503,150
12115000601,150
12115000602,150
12115000700,150
12115000801,150
12115000802,150
12115000900,150
12115001000,150
12115001101,150
12115001102,150
12115001201,150
12115001202,150
12115001203,150
12115001204,150
12115001301,150
12115001302,150
12115001303,150
12115001304,150
12115001401,150
12115001402,150
12115001403,150
12115001503,150
12115001504,150
12115001505,150
12115001506,150
12115001507,150
12115001601,150
12115001602,150
12115001702,150
12115001703,150
12115001704,150
12115001801,150
12115001803,150
12115001804,150
12115001805,150
12115001903,150
12115001904,150
12115001905,150
12115001907,150
12115001908,150
12115002003,150
12115002004,150
12115002005,150
12115002007,150
12115002008,150
12115002009,150
12115002010,150
12115002100,150
12115002201,150
12115002202,150
12115002203,150
12115002302,150
12115002303,150
12115002304,150
12115002305,150
12115002401,150
12115002402,150
12115002504,150
12115002505,150
12115002507,150
12115002508,150
12115002509,150
12115002510,150
12115002511,150
12115002601,150
12115002602,150
12115002603,150
12115002604,150
12115002605,150
12115002710,150
12115002711,150
12115002712,150
12115002713,150
12115002714,150
12115002715,150
12115002716,150
12115002718,150
12115002719,150
12115002720,150
12115002721,150
12115002722,150
12115002723,150
12115002724,150
12117020101,170
12117020102,170
12117020201,170
12117020202,170
12117020301,170
12117020302,170
12117020401,170
12117020402,170
12117020500,170
12117020600,170
12117020701,170
12117020703,170
12117020704,170
12117020705,170
12117020803,170
12117020805,170
12117020806,170
12117020807,170
12117020808,170
12117020810,170
12117020811,170
12117020812,170
12117020901,170
12117020902,170
12117020903,170
12117021000,170
12117021100,170
12117021201,170
12117021203,170
12117021204,170
12117021306,170
12117021307,170
12117021311,170
12117021312,170
12117021313,170
12117021314,170
12117021315,170
12117021316,170
12117021317,170
12117021318,170
12117021319,170
12117021320,170
12117021321,170
12117021401,170
12117021403,170
12117021404,170
12117021502,170
12117021503,170
12117021504,170
12117021505,170
12117021506,170
12117021604,170
12117021606,170
12117021608,170
12117021609,170
12117021611,170
12117021612,170
12117021613,170
12117021614,170
12117021615,170
12117021616,170
12117021704,170
12117021705,170
12117021706,170
12117021707,170
12117021708,170
12117021802,170
12117021803,170
12117021805,170
12117021806,170
12117021901,170
12117021902,170
12117022001,170
12117022002,170
12117022004,170
12117022005,170
12117022101,170
12117022104,170
12117022105,170
12117022106,170
12117022201,170
12117022205,170
12117022206,170
12117022207,170
12117022208,170
12117022209,170
12119910100,199
12119910300,199
12119910401,199
12119910402,199
12119910500,199
12119910601,199
12119910602,199
12119910700,199
12119910800,199
12119910900,199
12119911000,199
12119911200,199
12119911301,199
12119911302,199
12119911400,199
12119911500,199
12119911701,199
12119911702,199
12121970100,219
12121970200,219
12121970301,219
12121970302,219
12121970400,219
12121970500,219
12121970600,219
12123950100,239
12123950200,239
12123950300,239
12123950400,239
12125960100,259
12125960200,259
12125960300,259
12127080100,270
12127080201,270
12127080202,270
12127080300,270
12127080400,270
12127080500,270
12127080600,270
12127080700,270
12127080803,270
12127080804,270
12127080805,270
12127080806,270
12127080807,270
12127080901,270
12127080902,270
12127081000,270
12127081101,270
12127081102,270
12127081200,270
12127081300,270
12127081500,270
12127081600,270
12127081700,270
12127081800,270
12127081900,270
12127082000,270
12127082100,270
12127082201,270
12127082202,270
12127082301,270
12127082401,270
12127082404,270
12127082405,270
12127082406,270
12127082410,270
12127082411,270
12127082412,270
12127082413,270
12127082414,270
12127082415,270
12127082503,270
12127082506,270
12127082507,270
12127082508,270
12127082509,270
12127082510,270
12127082511,270
12127082604,270
12127082605,270
12127082606,270
12127082607,270
12127082701,270
12127082703,270
12127082704,270
12127082705,270
12127082801,270
12127082802,270
12127082902,270
12127082903,270
12127082904,270
12127083003,270
12127083005,270
12127083006,270
12127083007,270
12127083008,270
12127083009,270
12127083203,270
12127083205,270
12127083206,270
12127083207,270
12127083208,270
12127083209,270
12127090101,270
12127090102,270
12127090202,270
12127090203,270
12127090204,270
12127090303,270
12127090304,270
12127090305,270
12127090306,270
12127090307,270
12127090400,270
12127090500,270
12127090600,270
12127090701,270
12127090702,270
12127090803,270
12127090804,270
12127090805,270
12127090806,270
12127090902,270
12127090903,270
12127090904,270
12127091001,270
12127091005,270
12127091013,270
12127091015,270
12127091016,270
12127091017,270
12127091018,270
12127091019,270
12127091020,270
12127091021,270
12127091022,270
12127091023,270
12127091024,270
12127091025,270
12127091026,270
12127091027,270
12127091028,270
12127091029,270
12127092500,270
12129010100,290
12129010201,290
12129010202,290
12129010203,290
12131950101,319
12131950102,319
12131950200,319
12131950301,319
12131950302,319
12131950400,319
12131950501,319
12131950502,319
12131950601,319
12131950602,319
12131950603,319
12133970102,339
12133970103,339
12133970104,339
12133970200,339
12133970301,339
12133970302,339
12133970303,339
