GEOID,Diabetes.Mellitus,College.Educated
12001000200,5.85,37.90
12001000301,7.79,41.30
12001000302,25.27,25.90
12001000400,26.68,18.70
12001000500,5.77,58.60
12001000600,17.06,17.10
12001000700,32.20,14.20
12001000806,9.79,55.30
12001000808,2.89,55.70
12001000809,8.23,47.40
12001000901,0.00,81.90
12001000902,0.00,41.90
12001001000,6.92,69.70
12001001100,10.07,62.40
12001001201,0.00,45.20
12001001202,5.80,40.40
12001001203,5.75,44.60
12001001400,20.51,12.70
12001001514,19.37,49.60
12001001515,13.53,43.30
12001001516,4.99,41.10
12001001517,7.36,59.50
12001001519,0.00,59.30
12001001520,13.15,37.60
12001001521,11.28,29.90
12001001603,13.40,51.40
12001001604,11.19,53.80
12001001701,11.78,44.10
12001001702,15.26,67.20
12001001801,15.55,24.90
12001001802,24.07,22.00
12001001803,16.46,28.70
12001001805,20.09,45.50
12001001806,14.98,25.40
12001001811,7.18,63.50
12001001813,9.07,62.50
12001001814,6.96,57.20
12001001902,25.78,4.40
12001001907,10.55,21.30
12001001908,31.01,20.00
12001002000,18.32,14.20
12001002101,4.62,34.00
12001002102,34.25,33.30
12001002201,4.02,36.50
12001002202,17.22,47.80
12001002204,11.54,56.30
12001002205,7.49,67.20
12001002207,8.85,54.30
12001002208,4.05,60.50
12001002209,10.55,49.00
12001002210,16.07,25.00
12001002217,20.44,21.40
12001002218,8.51,17.30
12001002219,8.64,33.20
12001002220,23.23,35.00
12001110800,24.78,60.70
12003040101,17.24,19.50
12003040102,6.64,11.40
12003040201,13.54,7.40
12003040202,10.60,14.70
12005000201,15.02,11.90
12005000202,22.36,22.10
12005000300,17.52,8.00
12005000400,18.79,10.70
12005000500,24.85,15.80
12005000600,27.08,35.70
12005000700,0.00,46.80
12005000803,16.25,9.20
12005000804,19.11,20.40
12005000805,26.22,11.00
12005000806,17.05,16.50
12005000900,17.59,14.10
12005001000,38.12,8.60
12005001100,32.71,7.60
12005001200,20.02,11.40
12005001301,25.35,35.10
12005001302,22.18,19.60
12005001402,17.82,38.70
12005001403,9.73,19.30
12005001404,13.56,31.90
12005001501,20.99,38.40
12005001502,38.17,29.30
12005001600,46.56,8.70
12005001700,47.12,3.20
12005001800,32.63,9.40
12005001900,16.65,43.60
12005002000,48.68,24.10
12005002200,20.71,14.00
12005002300,20.90,18.20
12005002400,28.49,13.00
12005002500,12.47,34.50
12005002601,8.20,28.80
12005002603,14.54,27.20
12005002604,22.10,23.90
12005002605,53.96,21.60
12005002606,13.40,37.40
12005002607,53.81,21.40
12005002608,14.51,45.90
12005002701,13.31,30.60
12005002702,20.27,27.90
12005002703,29.13,27.20
12005002704,12.80,24.80
12005002705,17.91,30.00
12007000100,26.86,9.00
12007000200,7.04,9.40
12007000300,14.01,16.20
12007000400,18.07,6.00
12009060101,10.71,15.40
12009060102,12.81,20.90
12009060200,13.64,29.20
12009060300,19.86,12.90
12009060400,17.01,14.40
12009060500,17.79,19.30
12009060600,12.93,21.60
12009060700,46.97,7.20
12009061001,18.98,30.00
12009061002,12.02,16.10
12009061100,14.71,32.70
12009061201,13.56,29.10
12009061202,14.65,41.90
12009062103,9.05,23.30
12009062104,11.65,17.20
12009062106,12.44,13.00
12009062107,29.34,22.10
12009062108,8.29,25.90
12009062109,4.54,14.00
12009062301,15.93,7.10
12009062302,32.97,5.30
12009062400,8.49,10.70
12009062500,19.43,15.20
12009062600,18.48,10.10
12009062800,15.24,37.90
12009062900,18.15,21.30
12009063000,4.54,34.10
12009063102,9.45,40.20
12009063104,19.09,33.70
12009063105,19.19,27.30
12009063106,9.79,36.90
12009063107,10.82,46.30
12009064102,12.96,46.60
12009064123,10.02,30.00
12009064124,26.29,24.40
12009064125,10.02,30.50
12009064126,11.52,30.40
12009064127,10.52,38.60
12009064128,10.91,45.20
12009064201,29.07,27.50
12009064202,9.93,22.60
12009064301,11.34,15.10
12009064302,18.86,17.30
12009064400,16.47,21.20
12009064500,18.00,12.80
12009064601,17.16,35.30
12009064602,38.04,19.60
12009064700,24.61,16.30
12009064800,34.73,20.10
12009064901,7.66,44.80
12009064902,16.39,17.70
12009065001,24.71,27.50
12009065021,12.00,28.80
12009065022,7.64,26.70
12009065121,19.09,24.40
12009065122,11.28,22.60
12009065123,31.91,17.20
12009065124,15.14,10.50
12009065125,26.55,32.70
12009065201,36.62,13.00
12009065202,28.53,20.70
12009065231,12.17,28.10
12009065234,17.99,13.20
12009065235,37.92,12.10
12009065236,6.70,29.40
12009066101,4.50,49.10
12009066103,5.14,37.30
12009066104,14.74,43.70
12009066200,7.47,48.10
12009066301,7.44,50.50
12009066302,0.00,51.50
12009066400,8.46,42.50
12009066500,7.95,48.60
12009066600,7.19,43.60
12009066700,6.10,36.60
12009066800,5.79,47.80
12009066900,13.22,41.80
12009067100,0.00,35.90
12009068101,9.78,31.00
12009068102,5.97,50.90
12009068200,3.35,43.70
12009068300,15.11,43.30
12009068400,37.40,39.60
12009068501,34.48,41.20
12009068502,12.57,27.40
12009068601,15.33,28.60
12009068602,17.21,29.00
12009069100,17.38,37.60
12009069200,15.39,27.20
12009069300,6.34,24.30
12009069400,12.46,54.70
12009069700,19.24,20.50
12009069801,2.78,37.20
12009069802,18.87,17.00
12009069901,8.98,40.20
12009069902,27.02,23.70
12009071100,17.00,31.10
12009071200,13.02,36.40
12009071301,6.07,39.60
12009071322,14.59,14.30
12009071332,16.33,17.20
12009071334,6.87,18.10
12009071335,15.50,31.50
12009071336,20.03,14.10
12009071337,10.10,18.80
12009071338,11.18,13.00
12009071339,10.02,18.00
12009071340,8.15,19.70
12009071400,20.75,22.40
12009071500,25.75,41.30
12009071600,23.84,29.60
12011010102,3.37,36.40
12011010103,9.84,42.40
12011010104,4.64,46.00
12011010200,14.45,23.70
12011010304,23.04,11.90
12011010305,11.38,23.10
12011010306,11.49,16.60
12011010307,24.41,10.70
12011010308,12.17,34.00
12011010401,9.97,28.90
12011010402,28.50,21.40
12011010403,23.53,31.50
12011010405,4.17,27.90
12011010406,7.19,32.30
12011010407,11.52,33.80
12011010502,0.00,45.50
12011010503,1.98,62.70
12011010504,1.45,55.10
12011010601,6.56,58.00
12011010603,3.54,44.60
12011010604,2.11,45.20
12011010605,4.11,56.10
12011010606,1.31,42.20
12011010607,2.85,26.90
12011010609,7.11,43.10
12011010610,2.97,22.80
12011010611,2.31,43.50
12011010612,1.64,55.60
12011010701,9.51,10.40
12011010702,12.05,13.30
12011010800,5.12,13.20
12011010901,11.62,47.00
12011010902,0.00,44.60
12011011000,6.83,57.40
12011020101,7.17,20.40
12011020103,6.81,20.80
12011020104,6.93,32.80
12011020204,7.00,28.20
12011020205,6.27,32.30
12011020206,10.91,13.30
12011020207,15.45,17.40
12011020209,11.38,16.20
12011020210,10.23,15.80
12011020211,15.16,18.20
12011020212,21.90,23.60
12011020302,6.76,27.00
12011020308,1.56,28.20
12011020309,4.78,35.40
12011020311,12.29,27.10
12011020312,5.56,34.50
12011020313,4.72,36.00
12011020314,7.58,24.00
12011020315,5.73,35.30
12011020316,5.10,36.60
12011020317,5.93,39.50
12011020318,2.13,46.80
12011020319,6.16,34.20
12011020320,3.72,44.30
12011020321,0.00,53.10
12011020322,0.00,43.50
12011020323,5.27,22.90
12011020324,9.29,29.30
12011020325,6.30,26.50
12011020326,9.00,22.60
12011020404,4.64,17.30
12011020405,3.98,7.00
12011020406,19.00,22.60
12011020407,14.45,15.50
12011020409,26.86,29.20
12011020411,6.67,37.60
12011020412,2.83,7.20
12011020413,5.30,13.30
12011020414,25.26,29.70
12011020415,9.18,30.30
12011020501,8.67,11.60
12011020502,4.09,14.50
12011030100,2.18,49.70
12011030201,21.31,19.50
12011030202,12.44,14.70
12011030203,4.35,10.20
12011030301,3.10,11.00
12011030302,9.30,11.10
12011030401,15.73,16.70
12011030402,23.76,9.10
12011030500,12.86,10.70
12011030600,7.19,6.70
12011030702,2.93,32.50
12011030703,13.90,30.70
12011030704,5.89,35.80
12011030705,23.19,36.90
12011030801,11.26,13.10
12011030802,11.92,30.50
12011030902,6.62,37.20
12011030903,2.38,23.40
12011030904,8.98,34.90
12011031001,12.90,18.90
12011031002,13.82,21.90
12011031101,0.00,38.80
12011031102,3.08,35.00
12011031202,15.05,47.60
12011031203,10.18,43.50
12011031204,18.51,43.50
12011031205,6.56,50.30
12011040101,6.69,38.70
12011040102,7.02,53.60
12011040203,0.00,45.20
12011040204,20.13,55.70
12011040205,9.14,39.40
12011040206,8.73,45.80
12011040300,15.84,28.70
12011040401,17.35,49.50
12011040402,6.95,59.20
12011040502,16.68,65.40
12011040503,19.17,46.10
12011040504,19.91,57.60
12011040601,5.79,59.40
12011040602,6.83,57.20
12011040701,20.10,43.90
12011040702,13.86,44.00
12011040801,8.75,13.00
12011040802,8.62,37.90
12011040901,25.85,7.00
12011040902,15.54,9.80
12011041000,14.79,11.00
12011041100,27.25,9.00
12011041200,29.81,8.20
12011041300,23.36,17.80
12011041400,8.96,7.10
12011041500,25.30,1.50
12011041600,6.39,21.20
12011041700,20.34,6.50
12011041801,10.72,66.80
12011041802,11.80,47.50
12011041900,0.00,60.80
12011042000,3.20,62.60
12011042100,13.71,54.50
12011042200,0.00,62.50
12011042301,2.85,44.10
12011042302,39.15,27.30
12011042400,7.23,60.30
12011042500,2.97,52.40
12011042600,8.47,47.60
12011042700,15.66,29.30
12011042800,10.15,8.20
12011042900,10.42,13.50
12011043001,0.00,43.10
12011043002,11.44,18.40
12011043100,12.67,29.00
12011043301,5.86,45.30
12011043302,4.39,13.70
12011050100,6.38,11.70
12011050204,8.62,31.80
12011050205,10.88,48.30
12011050206,11.38,43.50
12011050207,19.57,28.10
12011050208,8.29,13.20
12011050301,3.17,16.30
12011050306,4.81,7.20
12011050307,16.61,10.90
12011050308,20.20,10.20
12011050309,4.58,6.90
12011050310,29.54,15.60
12011050311,21.09,22.00
12011050312,23.43,15.80
12011050401,4.72,40.20
12011050402,7.05,22.70
12011050501,2.55,26.00
12011050502,6.04,16.30
12011050601,0.00,38.40
12011050602,5.61,30.80
12011050701,12.98,16.30
12011050702,5.16,13.30
12011050800,21.59,14.90
12011050900,16.37,36.30
12011051001,8.64,45.40
12011051002,10.51,59.90
12011060105,7.37,31.70
12011060107,18.00,23.90
12011060109,21.18,28.00
12011060111,12.02,37.30
12011060112,20.05,27.80
12011060113,6.44,24.50
12011060114,6.13,30.30
12011060115,5.50,29.60
12011060116,7.82,27.90
12011060117,7.59,30.60
12011060118,4.20,28.10
12011060119,6.65,31.40
12011060120,6.17,48.50
12011060121,5.44,45.10
12011060122,1.99,39.50
12011060123,13.04,24.90
12011060124,15.85,18.40
12011060125,4.08,22.00
12011060126,13.31,32.30
12011060127,3.29,20.00
12011060128,13.99,22.90
12011060203,9.26,8.40
12011060206,12.40,20.70
12011060207,20.25,25.50
12011060208,7.91,16.80
12011060209,6.71,22.30
12011060210,8.82,24.70
12011060211,25.00,17.50
12011060212,6.03,19.30
12011060213,26.54,30.80
12011060302,6.96,14.00
12011060303,17.19,10.40
12011060304,10.77,5.10
12011060305,4.41,26.20
12011060306,21.39,43.80
12011060401,12.55,13.00
12011060402,7.43,10.70
12011060403,14.77,12.20
12011060501,4.05,24.40
12011060503,2.10,47.70
12011060504,4.24,57.60
12011060505,12.32,30.40
12011060603,6.08,43.00
12011060605,7.93,43.10
12011060606,8.99,42.00
12011060607,12.80,46.20
12011060608,10.42,44.90
12011060609,0.00,51.90
12011060700,3.14,37.50
12011060801,0.00,28.80
12011060802,11.68,23.10
12011060900,11.64,40.50
12011061001,3.05,56.20
12011061002,3.07,55.50
12011061100,6.10,11.00
12011070101,10.83,25.40
12011070102,7.93,27.00
12011070204,1.70,40.90
12011070205,9.32,45.50
12011070207,10.61,34.90
12011070208,4.98,46.20
12011070209,0.00,54.40
12011070210,16.76,26.50
12011070211,1.62,50.80
12011070304,1.28,39.30
12011070305,6.15,26.70
12011070306,7.70,52.80
12011070310,3.16,35.00
12011070311,1.51,51.70
12011070312,1.36,61.80
12011070313,1.80,63.30
12011070314,7.98,40.20
12011070315,3.35,46.90
12011070316,9.45,47.30
12011070317,1.95,66.10
12011070318,1.51,77.10
12011070319,0.00,67.80
12011070320,2.56,57.70
12011070321,7.01,47.00
12011070322,5.30,38.70
12011070401,4.16,33.80
12011070402,9.67,47.30
12011070403,7.24,21.70
12011070404,0.00,34.20
12011070405,8.85,57.10
12011070501,5.10,53.20
12011070502,1.65,32.20
12011070601,7.37,29.30
12011070602,6.19,32.40
12011080101,13.41,23.50
12011080102,8.04,21.60
12011080103,0.00,43.20
12011080200,10.28,34.10
12011080402,11.91,25.30
12011080403,6.11,25.60
12011080405,20.96,21.20
12011080406,10.65,38.00
12011080500,18.00,16.50
12011090101,10.95,39.40
12011090102,0.00,49.40
12011090200,2.44,52.50
12011090301,15.34,20.20
12011090302,14.05,20.40
12011090401,18.50,25.50
12011090403,5.98,24.30
12011090404,11.40,23.00
12011090502,1.43,41.40
12011090503,19.36,64.40
12011090504,17.18,23.90
12011090601,13.20,19.00
12011090602,13.37,16.30
12011090700,4.06,29.40
12011090801,7.26,22.20
12011090802,11.68,28.10
12011090900,15.87,30.20
12011091000,9.56,29.80
12011091100,4.24,7.80
12011091201,5.79,18.90
12011091202,6.80,12.80
12011091300,13.76,20.30
12011091400,6.23,13.00
12011091500,7.14,12.60
12011091600,15.78,27.40
12011091701,2.44,19.00
12011091702,6.66,25.70
12011091801,4.67,20.80
12011091802,14.83,18.10
12011091901,8.13,30.60
12011091902,13.02,20.30
12011092000,0.00,50.90
12011100101,2.65,44.80
12011100103,8.93,36.40
12011100104,7.86,40.50
12011100105,26.96,45.90
12011100201,0.00,17.10
12011100202,7.74,29.90
12011100300,4.23,17.80
12011100400,16.23,16.50
12011100501,0.00,17.40
12011100502,5.65,17.40
12011100600,8.97,13.00
12011100700,20.08,14.40
12011100801,8.21,15.00
12011100802,8.76,17.90
12011110100,8.18,20.60
12011110301,7.85,32.10
12011110302,7.52,42.90
12011110303,4.70,46.40
12011110307,1.69,35.00
12011110308,10.17,36.20
12011110309,15.44,36.40
12011110311,5.83,22.30
12011110312,2.58,25.00
12011110313,6.09,19.70
12011110319,6.22,28.50
12011110320,8.24,22.30
12011110321,5.30,37.00
12011110322,5.21,35.80
12011110323,10.31,15.60
12011110324,2.36,42.60
12011110325,1.75,49.50
12011110326,1.99,35.60
12011110327,2.84,49.90
12011110328,6.14,47.60
12011110330,5.06,41.10
12011110331,3.60,46.00
12011110332,0.00,49.80
12011110333,4.03,44.60
12011110334,38.77,22.30
12011110335,22.94,12.30
12011110336,1.22,32.70
12011110337,0.00,24.70
12011110338,5.06,26.30
12011110339,20.11,31.20
12011110340,5.60,24.80
12011110341,14.45,23.60
12011110342,5.21,32.70
12011110343,3.50,39.70
12011110402,9.71,10.40
12011110403,3.47,20.30
12011110404,4.11,12.80
12011110501,2.71,11.30
12011110502,10.29,15.80
12011110600,5.40,28.00
12013010100,16.93,12.00
12013010200,33.01,8.00
12013010300,16.55,9.60
12015010100,5.91,15.30
12015010200,15.17,13.10
12015010301,44.67,23.20
12015010302,18.21,22.90
12015010401,9.85,47.40
12015010402,8.82,34.30
12015010403,9.95,47.30
12015010404,10.47,44.90
12015010501,18.50,13.40
12015010502,11.77,22.30
12015020101,9.61,23.30
12015020103,13.07,23.20
12015020104,18.92,23.50
12015020201,15.75,19.50
12015020202,13.74,13.50
12015020301,25.58,26.20
12015020302,36.23,16.20
12015020303,24.89,13.10
12015020400,13.70,21.70
12015020501,19.52,33.70
12015020502,11.98,46.50
12015020601,32.69,17.50
12015020602,18.00,10.00
12015020700,37.21,10.70
12015020800,20.99,7.80
12015020900,13.88,21.70
12015021001,5.90,18.00
12015021002,0.00,24.10
12015021003,48.77,27.20
12015030100,20.40,14.70
12015030200,15.61,16.50
12015030301,15.90,30.50
12015030302,22.25,19.90
12015030401,4.59,27.10
12015030402,9.84,33.60
12015030501,2.68,29.80
12015030502,14.37,20.40
12015030503,17.29,25.80
12017450101,40.63,20.80
12017450102,43.75,12.50
12017450201,15.28,5.40
12017450202,44.09,9.40
12017450302,23.30,12.60
12017450303,26.83,14.50
12017450304,15.38,30.40
12017450400,15.14,15.60
12017450500,21.77,32.50
12017450601,31.51,12.60
12017450602,18.51,17.50
12017450701,19.56,38.80
12017450702,13.00,14.60
12017450800,26.96,11.20
12017450901,40.03,14.80
12017450902,41.15,17.40
12017451000,31.82,20.10
12017451101,8.47,12.90
12017451102,28.74,10.70
12017451200,28.21,16.10
12017451300,22.71,12.30
12017451400,27.88,9.60
12017451501,31.56,10.30
12017451502,22.21,3.30
12017451601,25.25,30.30
12017451602,25.95,25.40
12017451700,37.81,15.50
12019030102,11.20,10.20
12019030103,16.80,8.20
12019030104,14.58,6.70
12019030201,4.35,25.60
12019030202,10.19,18.10
12019030203,6.13,28.00
12019030301,8.09,22.60
12019030303,12.93,20.90
12019030304,18.74,19.10
12019030400,8.93,16.40
12019030500,31.82,21.20
12019030600,59.12,25.50
12019030701,4.99,32.40
12019030702,4.68,37.20
12019030703,0.81,46.80
12019030801,13.62,30.70
12019030802,7.55,20.20
12019030902,12.99,16.90
12019030903,11.83,14.70
12019030904,16.39,28.20
12019031101,14.68,19.80
12019031104,24.80,18.70
12019031105,23.74,9.90
12019031106,25.03,11.90
12019031107,0.00,23.90
12019031108,14.08,21.80
12019031200,14.72,24.10
12019031300,9.62,24.90
12019031400,15.76,10.10
12019031500,13.86,13.00
12021000101,14.71,62.20
12021000102,7.40,59.50
12021000200,4.46,42.40
12021000301,6.17,59.40
12021000302,11.84,53.00
12021000401,7.60,58.90
12021000402,10.50,63.80
12021000500,11.72,70.70
12021000600,7.58,45.00
12021000700,30.14,22.30
12021010102,9.73,48.10
12021010105,17.74,45.20
12021010106,18.45,50.80
12021010107,13.93,36.40
12021010108,13.92,39.90
12021010109,4.49,32.20
12021010110,4.50,31.60
12021010205,0.00,55.00
12021010208,6.56,67.80
12021010209,4.65,56.40
12021010210,11.18,48.60
12021010211,0.00,38.30
12021010212,13.23,52.40
12021010213,9.60,53.40
12021010215,18.10,70.70
12021010300,6.92,30.90
12021010401,8.60,38.80
12021010405,7.20,42.50
12021010408,6.41,24.50
12021010410,6.98,13.30
12021010411,2.42,13.30
12021010412,6.53,30.80
12021010413,7.57,23.10
12021010414,12.02,23.70
12021010415,5.96,34.70
12021010416,1.58,46.70
12021010417,9.67,41.20
12021010418,0.00,53.90
12021010419,9.97,8.90
12021010420,5.30,12.80
12021010505,4.17,28.30
12021010506,5.34,18.80
12021010507,4.74,30.20
12021010508,12.93,28.80
12021010509,8.92,37.20
12021010510,29.14,28.00
12021010601,14.32,15.70
12021010602,8.62,30.40
12021010604,9.06,21.70
12021010605,15.20,21.10
12021010606,15.23,42.60
12021010701,7.22,24.10
12021010702,9.15,29.10
12021010801,23.63,35.90
12021010802,13.09,28.30
12021010803,9.22,30.20
12021010902,8.29,30.00
12021010903,3.72,44.70
12021010904,11.76,50.20
12021010905,9.19,39.90
12021011001,12.55,57.70
12021011002,0.00,59.50
12021011102,10.77,28.80
12021011103,27.98,10.00
12021011105,7.02,31.30
12021011106,12.02,33.80
12021011201,8.63,52.70
12021011202,4.32,31.00
12021011204,11.59,0.50
12021011205,10.80,4.40
12021011301,8.92,8.30
12021011302,8.85,3.50
12021011400,13.18,10.10
12023110201,32.49,25.30
12023110202,21.08,11.20
12023110300,10.86,7.10
12023110400,28.13,16.90
12023110500,29.26,24.40
12023110601,23.22,20.40
12023110602,12.31,16.20
12023110700,30.64,19.70
12023110800,23.47,13.20
12023110901,21.15,17.00
12023110903,19.66,14.20
12023110904,18.60,14.30
12027010101,16.90,15.80
12027010102,4.39,9.20
12027010200,22.19,10.20
12027010301,13.41,5.40
12027010302,30.88,7.70
12027010403,14.99,21.30
12027010404,16.88,5.40
12027010405,32.34,25.40
12027010406,29.59,12.70
12029970101,13.73,6.70
12029970102,24.33,9.90
12029970200,16.52,10.90
12031000100,17.47,10.00
12031000200,29.71,6.40
12031000300,31.86,4.90
12031000600,23.54,21.50
12031000700,7.51,60.10
12031000800,3.60,54.40
12031001000,36.22,6.60
12031001100,26.19,31.00
12031001200,32.82,27.80
12031001300,21.20,11.10
12031001400,30.21,13.00
12031001500,16.65,8.10
12031001600,60.33,4.10
12031002101,3.37,44.30
12031002102,7.22,60.90
12031002200,18.84,56.90
12031002300,29.00,47.80
12031002400,5.39,56.10
12031002501,19.07,16.20
12031002502,24.15,24.00
12031002600,29.13,5.60
12031002701,13.61,7.00
12031002702,21.13,5.00
12031002801,30.09,9.30
12031002802,23.08,7.40
12031002901,34.23,9.40
12031002902,21.67,10.40
12031010101,13.03,21.70
12031010102,5.91,28.90
12031010103,9.47,28.80
12031010201,10.81,16.90
12031010202,15.05,13.80
12031010301,16.13,21.50
12031010303,6.69,16.90
12031010304,16.76,28.10
12031010401,8.47,10.90
12031010402,16.58,11.90
12031010500,14.79,17.00
12031010600,22.45,11.40
12031010700,35.08,18.20
12031010800,39.21,12.60
12031010900,29.46,20.30
12031011000,31.10,11.00
12031011100,18.00,14.80
12031011200,36.79,18.70
12031011300,18.06,10.30
12031011400,36.50,16.60
12031011500,23.35,6.90
12031011600,15.34,10.90
12031011700,36.39,9.80
12031011800,20.52,5.30
12031011901,17.41,16.80
12031011902,17.99,19.20
12031011903,9.66,14.00
12031012000,18.74,7.10
12031012100,22.61,14.20
12031012200,14.93,6.70
12031012300,11.07,16.40
12031012400,17.51,16.70
12031012500,31.23,10.00
12031012601,11.07,8.20
12031012602,3.61,12.00
12031012702,10.94,10.90
12031012703,17.74,15.20
12031012704,15.98,17.20
12031012800,30.19,19.00
12031012900,27.43,13.70
12031013000,8.13,56.50
12031013100,9.34,48.20
12031013200,0.00,17.90
12031013300,19.67,15.50
12031013402,11.65,17.80
12031013403,6.40,17.50
12031013404,6.26,21.00
12031013502,11.20,15.90
12031013503,14.24,17.40
12031013504,16.14,15.50
12031013521,16.94,22.70
12031013522,7.60,22.80
12031013721,7.20,17.90
12031013723,8.10,21.30
12031013726,14.14,20.80
12031013727,10.24,29.40
12031013800,2.82,18.50
12031013901,3.32,12.60
12031013902,7.46,28.10
12031013904,4.76,10.80
12031013905,2.36,69.70
12031013906,27.95,54.10
12031014001,4.32,50.70
12031014002,12.48,49.30
12031014101,6.45,39.40
12031014102,13.41,48.90
12031014202,13.43,42.10
12031014203,4.17,61.00
12031014204,9.62,55.80
12031014311,19.39,13.10
12031014312,4.17,35.40
12031014326,6.93,44.20
12031014328,4.29,33.00
12031014329,6.31,30.50
12031014330,4.25,42.60
12031014331,10.28,33.00
12031014332,5.01,42.40
12031014333,8.85,33.10
12031014334,9.78,34.80
12031014335,5.91,34.40
12031014336,4.35,33.20
12031014337,4.85,29.60
12031014338,13.25,17.70
12031014401,4.91,36.90
12031014404,1.15,45.60
12031014406,4.01,63.30
12031014408,7.32,46.60
12031014409,4.43,51.70
12031014410,8.07,51.80
12031014411,1.24,53.10
12031014412,6.50,56.00
12031014413,1.91,56.70
12031014500,17.45,21.70
12031014601,10.39,36.50
12031014603,14.32,22.70
12031014604,26.51,30.40
12031014701,4.93,22.70
12031014702,6.72,36.50
12031014800,12.62,17.80
12031014901,16.85,20.30
12031014902,11.87,27.80
12031015001,1.85,16.10
12031015002,7.23,24.60
12031015100,18.54,12.00
12031015200,9.44,12.00
12031015300,19.84,18.60
12031015400,12.66,20.10
12031015501,18.29,12.90
12031015502,14.22,8.80
12031015600,24.35,36.50
12031015700,17.39,12.00
12031015801,10.61,23.40
12031015802,13.21,30.10
12031015922,9.46,38.70
12031015923,5.07,53.10
12031015924,9.91,29.60
12031015925,0.00,27.20
12031015926,13.14,38.90
12031016000,14.32,17.10
12031016100,6.38,17.80
12031016200,9.61,10.20
12031016300,40.90,13.30
12031016400,6.67,47.80
12031016500,5.90,48.00
12031016601,13.94,21.10
12031016603,18.20,39.00
12031016604,6.38,32.90
12031016711,7.26,60.40
12031016722,14.58,37.10
12031016724,22.41,29.10
12031016725,10.03,29.00
12031016726,2.45,30.30
12031016727,18.93,26.30
12031016728,10.62,41.80
12031016729,6.11,26.30
12031016801,16.72,44.90
12031016803,7.64,36.10
12031016804,9.27,54.70
12031016805,7.78,45.20
12031016806,5.11,37.80
12031016807,4.74,34.80
12031016808,19.09,27.40
12031017100,16.84,47.40
12031017200,19.42,45.20
12031017300,17.46,16.70
12031017400,35.46,5.80
12033000100,62.03,32.70
12033000300,25.86,14.00
12033000400,33.27,8.10
12033000500,7.81,51.20
12033000600,18.37,18.50
12033000800,11.09,48.30
12033000900,15.94,56.10
12033001001,5.23,50.00
12033001002,21.78,42.00
12033001101,14.75,47.20
12033001103,0.00,51.30
12033001104,5.89,34.10
12033001201,20.81,31.20
12033001202,16.58,19.70
12033001300,32.06,17.90
12033001401,3.59,51.10
12033001402,18.44,17.80
12033001500,21.14,9.80
12033001600,18.90,2.40
12033001700,29.70,4.50
12033001800,12.51,9.90
12033001900,24.96,7.90
12033002000,41.15,8.40
12033002100,27.96,15.60
12033002200,14.01,13.70
12033002300,25.24,25.40
12033002400,0.00,37.70
12033002500,0.00,55.70
12033002601,9.23,35.60
12033002602,27.87,51.70
12033002603,9.15,40.80
12033002604,11.22,33.40
12033002605,10.57,23.00
12033002701,12.34,29.20
12033002703,33.21,8.70
12033002704,14.78,20.10
12033002801,29.99,16.40
12033002802,18.53,22.00
12033002803,12.55,8.60
12033002804,7.97,23.70
12033002900,31.18,8.30
12033003000,23.86,15.30
12033003100,25.58,13.20
12033003201,23.26,31.10
12033003203,36.14,13.60
12033003204,19.21,26.80
12033003301,6.99,28.50
12033003305,11.48,26.70
12033003306,15.43,17.00
12033003307,12.19,11.70
12033003308,7.67,24.50
12033003309,26.13,24.70
12033003400,19.39,20.20
12033003503,13.72,33.90
12033003505,10.61,27.00
12033003506,3.82,29.00
12033003507,12.50,32.50
12033003508,16.08,20.60
12033003603,7.35,28.60
12033003607,9.17,28.10
12033003608,12.28,38.40
12033003609,8.38,23.20
12033003610,7.41,37.00
12033003611,15.48,29.60
12033003612,4.21,37.40
12033003613,19.05,19.90
12033003614,15.14,17.60
12033003700,2.55,20.70
12033003800,21.73,18.50
12033003900,17.47,16.60
12033004000,6.65,4.50
12035060103,18.33,25.80
12035060104,22.38,18.40
12035060105,12.14,38.00
12035060106,7.23,41.50
12035060107,23.48,18.80
12035060204,11.07,21.10
12035060205,20.33,18.50
12035060206,26.97,8.60
12035060207,24.86,25.80
12035060208,14.35,15.10
12035060209,12.18,22.90
12035060210,20.46,19.30
12035060211,28.19,22.00
12035060212,25.18,18.60
12035060213,16.21,12.70
12035060214,9.87,20.60
12035060301,10.98,31.70
12035060302,11.02,34.20
12035060303,3.75,54.80
12035060304,17.67,33.60
12037970100,28.58,12.80
12037970200,16.77,14.90
12037970302,14.77,9.60
12037970304,16.81,44.80
12039020101,23.58,23.50
12039020102,18.45,15.70
12039020300,21.29,19.00
12039020400,40.03,12.00
12039020500,21.01,20.70
12039020600,11.54,27.80
12039020701,13.40,9.80
12039020702,30.97,10.70
12039020800,19.47,10.40
12041950100,24.91,8.80
12041950201,29.31,14.30
12041950202,9.14,11.80
12041950203,24.60,14.20
12041950204,8.84,15.90
12043000100,20.19,15.50
12043000200,13.83,9.80
12043000300,11.46,9.20
12045960100,30.15,10.90
12045960200,41.42,25.90
12045960300,30.33,25.00
12047960100,14.56,6.90
12047960200,9.06,15.60
12047960300,25.33,13.20
12049970101,29.80,8.80
12049970102,28.44,7.20
12049970201,11.72,5.10
12049970202,32.47,14.00
12049970300,13.78,13.20
12049970400,25.38,12.20
12051000100,21.46,12.40
12051000200,26.71,7.90
12051000300,11.45,7.20
12051000401,4.84,7.70
12051000402,11.84,10.80
12051000600,12.17,2.60
12053040101,15.53,14.10
12053040102,33.65,18.30
12053040201,7.39,16.70
12053040202,21.58,18.90
12053040301,24.00,22.70
12053040302,24.60,20.40
12053040303,28.36,22.10
12053040400,49.00,15.60
12053040501,33.64,11.10
12053040502,51.52,16.80
12053040601,20.80,17.00
12053040602,21.28,18.50
12053040701,18.65,16.70
12053040702,22.93,16.20
12053040801,53.21,8.00
12053040802,37.42,10.10
12053040901,22.42,12.30
12053040905,36.37,26.50
12053040906,29.67,16.50
12053040907,11.06,14.90
12053040908,12.49,18.30
12053040909,57.31,29.10
12053040910,28.81,20.30
12053040911,18.97,16.60
12053041003,22.26,10.70
12053041004,15.78,13.10
12053041005,34.14,18.30
12053041006,24.28,10.40
12053041103,23.42,12.30
12053041104,25.61,9.30
12053041105,24.32,13.70
12053041106,27.39,20.20
12053041201,31.48,13.40
12053041203,37.90,19.10
12053041204,27.33,12.60
12053041302,17.30,11.40
12053041303,20.28,28.60
12053041304,54.18,24.70
12053041305,45.11,32.30
12053041401,13.97,10.50
12053041402,18.04,15.30
12053041501,15.73,22.30
12053041502,25.94,25.50
12053041600,33.84,24.20
12055960101,17.36,25.30
12055960102,23.33,30.00
12055960103,32.42,14.50
12055960200,27.11,15.20
12055960300,24.24,7.30
12055960400,19.93,18.80
12055960501,45.45,6.00
12055960502,41.78,29.20
12055960601,29.38,14.10
12055960602,25.95,16.80
12055960700,30.93,23.90
12055960800,24.12,12.70
12055960900,42.52,9.70
12055961000,25.46,11.30
12055961100,63.78,12.80
12055961200,23.46,9.60
12055961301,23.70,21.80
12055961302,37.02,15.50
12055961400,19.38,19.30
12055961500,38.19,18.30
12055961601,16.33,17.30
12055961602,18.28,21.30
12055961603,14.31,17.60
12055961700,25.59,11.70
12057000101,2.47,28.50
12057000102,14.55,13.20
12057000201,16.76,4.90
12057000202,5.36,8.00
12057000300,13.31,7.50
12057000401,7.81,15.40
12057000402,17.61,9.90
12057000500,19.17,30.10
12057000601,7.74,19.60
12057000602,7.86,10.70
12057000700,20.38,7.40
12057000800,26.35,9.60
12057000901,21.54,14.90
12057000902,11.98,21.80
12057001001,23.00,10.80
12057001002,15.63,16.60
12057001100,15.42,31.40
12057001200,23.46,18.60
12057001300,18.48,11.50
12057001400,8.41,13.50
12057001500,19.05,35.20
12057001600,0.00,40.10
12057001700,13.88,29.80
12057001800,48.56,6.00
12057001900,24.40,9.80
12057002000,16.29,9.00
12057002100,13.38,27.70
12057002200,16.47,38.60
12057002300,14.33,33.00
12057002400,8.36,23.00
12057002500,25.75,12.10
12057002600,23.77,6.80
12057002700,21.71,23.80
12057002800,12.50,42.10
12057002900,18.80,17.60
12057003000,25.96,17.00
12057003100,18.16,13.00
12057003200,11.72,13.10
12057003300,42.21,15.60
12057003400,21.12,12.00
12057003500,19.32,14.40
12057003600,22.50,6.00
12057003700,0.00,6.90
12057003800,19.69,17.80
12057003900,21.96,33.90
12057004000,0.00,10.70
12057004100,6.26,21.90
12057004200,23.72,35.50
12057004300,8.61,0.40
12057004400,32.70,13.40
12057004500,24.67,8.80
12057004600,15.04,49.90
12057004700,10.97,27.30
12057004800,27.19,22.70
12057004900,15.08,51.50
12057005000,5.03,31.20
12057005101,20.75,59.50
12057005102,0.00,70.40
12057005301,3.23,73.50
12057005302,10.24,9.50
12057005401,3.74,67.20
12057005500,0.00,67.00
12057005700,7.55,55.70
12057005800,4.17,63.90
12057005900,1.55,76.10
12057006000,5.51,66.60
12057006101,6.07,70.30
12057006103,21.18,62.80
12057006200,4.78,63.10
12057006300,6.80,63.40
12057006400,4.85,73.00
12057006501,7.77,35.60
12057006502,0.00,33.50
12057006600,14.81,37.30
12057006700,5.23,61.40
12057006801,6.67,44.30
12057006802,20.06,55.70
12057006900,8.82,40.30
12057007001,8.03,28.70
12057007002,8.87,18.20
12057007102,0.00,48.40
12057007103,9.55,22.40
12057007200,14.35,39.50
12057007300,12.66,47.40
12057010103,11.91,12.80
12057010105,4.37,14.30
12057010106,20.00,15.30
12057010107,30.45,12.70
12057010108,10.33,16.80
12057010203,23.15,4.70
12057010204,3.41,28.10
12057010205,7.99,51.50
12057010209,4.93,51.40
12057010210,2.35,45.70
12057010211,3.50,59.20
12057010212,0.00,66.50
12057010213,49.18,21.20
12057010214,0.00,25.30
12057010303,19.63,12.40
12057010304,22.82,24.70
12057010305,23.28,22.60
12057010401,15.87,28.10
12057010402,3.35,23.70
12057010501,20.90,14.70
12057010502,16.19,18.90
12057010600,6.41,35.50
12057010701,3.28,54.70
12057010702,0.00,51.40
12057010805,10.77,5.90
12057010808,4.29,20.40
12057010809,10.13,46.10
12057010810,2.90,54.40
12057010811,4.40,38.00
12057010812,5.12,44.30
12057010813,22.55,40.70
12057010814,27.36,27.30
12057010815,16.04,10.30
12057010816,34.26,12.60
12057010817,8.84,11.90
12057010818,7.29,8.50
12057010900,0.00,19.60
12057011003,17.30,29.30
12057011005,3.46,42.70
12057011006,7.20,38.10
12057011007,6.16,38.90
12057011008,4.36,65.90
12057011010,9.84,46.70
12057011012,4.10,63.20
12057011013,0.00,63.10
12057011014,7.81,60.30
12057011015,6.42,55.50
12057011016,2.47,59.00
12057011103,5.60,45.80
12057011106,0.00,36.10
12057011107,8.38,44.30
12057011108,13.72,37.10
12057011109,5.97,40.60
12057011203,2.87,44.90
12057011204,14.51,24.70
12057011205,25.58,39.00
12057011206,15.24,17.40
12057011301,12.02,55.40
12057011303,16.88,45.10
12057011304,8.90,57.50
12057011407,4.56,52.60
12057011408,10.55,49.10
12057011409,14.05,53.30
12057011410,12.86,49.40
12057011411,0.00,35.90
12057011412,9.18,21.90
12057011413,7.11,34.40
12057011414,1.41,25.10
12057011415,5.73,32.20
12057011416,13.66,23.50
12057011417,4.18,35.10
12057011418,17.56,47.10
12057011504,9.18,35.50
12057011506,3.71,61.00
12057011507,5.45,49.80
12057011509,4.67,51.40
12057011510,2.06,48.60
12057011512,5.26,51.70
12057011514,17.44,37.60
12057011515,8.62,41.40
12057011516,3.52,36.90
12057011517,1.07,58.40
12057011518,14.61,53.90
12057011519,8.56,57.00
12057011520,1.81,63.20
12057011521,7.81,35.50
12057011522,2.55,55.20
12057011523,11.23,53.40
12057011524,7.75,28.20
12057011603,8.67,32.80
12057011605,10.62,20.80
12057011606,7.93,33.40
12057011607,7.58,28.90
12057011608,0.00,49.10
12057011610,21.83,14.10
12057011611,12.24,19.50
12057011612,17.35,26.70
12057011613,26.06,20.60
12057011614,14.52,13.30
12057011615,6.39,20.10
12057011706,7.20,23.70
12057011708,4.75,66.60
12057011709,0.00,38.80
12057011710,4.78,43.90
12057011712,3.40,38.90
12057011802,24.46,16.40
12057011803,4.61,24.70
12057011804,7.34,18.00
12057011901,8.66,14.80
12057011902,9.01,21.70
12057011904,0.00,29.70
12057011905,0.00,8.30
12057011906,6.11,15.40
12057012001,35.20,11.60
12057012002,10.06,5.40
12057012103,3.81,28.80
12057012104,10.56,17.70
12057012106,3.86,25.30
12057012107,17.95,15.30
12057012108,20.05,13.30
12057012206,1.53,22.90
12057012207,10.16,21.60
12057012208,15.85,31.50
12057012209,2.17,29.30
12057012210,10.96,21.00
12057012211,3.77,5.80
12057012212,4.54,23.50
12057012213,13.54,37.20
12057012301,17.81,28.80
12057012303,16.19,17.40
12057012304,13.49,21.80
12057012401,12.51,11.00
12057012402,10.03,9.20
12057012403,6.21,19.20
12057012501,19.59,13.90
12057012503,8.92,37.30
12057012504,14.62,37.10
12057012600,27.12,16.10
12057012701,14.74,9.40
12057012702,19.04,13.40
12057012800,17.46,11.50
12057012900,28.51,15.40
12057013001,17.86,11.40
12057013002,12.08,20.30
12057013003,3.07,15.60
12057013004,7.16,16.10
12057013100,9.15,23.80
12057013203,5.67,29.80
12057013204,21.35,18.70
12057013205,12.48,32.10
12057013206,6.29,40.00
12057013207,25.70,36.00
12057013208,7.92,52.00
12057013305,12.69,44.30
12057013307,18.45,19.90
12057013310,3.40,20.10
12057013311,20.11,21.60
12057013312,12.97,23.80
12057013313,26.40,26.00
12057013314,19.47,29.90
12057013315,2.46,49.20
12057013316,3.52,20.00
12057013317,0.00,31.90
12057013318,2.74,43.20
12057013319,1.55,46.80
12057013320,7.26,41.70
12057013321,16.92,31.40
12057013322,9.83,32.30
12057013406,0.00,21.50
12057013407,16.14,43.80
12057013409,4.07,49.10
12057013410,10.52,21.80
12057013411,9.29,32.70
12057013412,12.81,27.30
12057013413,12.56,33.00
12057013414,6.23,40.90
12057013415,7.71,42.90
12057013501,5.04,18.80
12057013503,13.75,8.40
12057013504,2.71,15.50
12057013505,11.30,9.60
12057013602,4.97,4.10
12057013604,8.23,7.10
12057013702,9.36,26.70
12057013703,10.74,27.40
12057013704,8.11,31.10
12057013801,10.80,10.60
12057013802,11.15,10.90
12057013803,12.95,4.60
12057013804,2.97,24.50
12057013806,6.91,21.10
12057013807,10.70,30.10
12057013903,12.42,16.30
12057013907,5.06,17.10
12057013908,7.54,22.10
12057013912,9.94,14.30
12057013913,13.34,22.30
12057013914,10.59,4.60
12057013915,4.90,35.10
12057013916,7.91,39.90
12057013917,3.59,28.20
12057013918,14.44,26.50
12057013919,4.38,33.80
12057013920,4.72,33.30
12057013921,7.30,62.90
12057013922,2.66,62.20
12057013923,1.73,60.60
12057014002,9.50,9.30
12057014003,13.25,29.70
12057014007,2.46,27.50
12057014008,23.87,31.80
12057014009,41.47,36.50
12057014010,11.60,22.90
12057014011,27.33,22.50
12057014012,27.34,30.80
12057014013,8.90,18.60
12057014014,32.80,30.10
12057014015,30.56,36.60
12057014016,22.03,52.80
12057014104,17.33,17.90
12057014106,26.76,19.70
12057014108,6.36,12.00
12057014109,6.45,11.20
12057014117,6.75,34.90
12057014118,17.13,46.90
12057014119,8.57,37.70
12057014121,5.79,30.80
12057014122,8.75,21.70
12057980300,0.00,50.00
12057980400,0.00,29.80
12057980500,0.00,44.40
12059960100,12.45,5.90
12059960200,30.87,12.30
12059960300,16.82,12.50
12059960400,12.88,13.60
12061050100,5.50,22.00
12061050200,7.02,15.90
12061050301,35.54,38.10
12061050302,13.45,17.30
12061050401,16.35,15.70
12061050402,9.38,37.60
12061050501,7.96,69.00
12061050503,2.00,62.90
12061050504,14.52,65.80
12061050505,2.88,56.20
12061050601,14.61,30.90
12061050602,20.34,17.10
12061050603,13.20,22.30
12061050604,12.89,24.60
12061050605,28.52,32.80
12061050606,13.50,15.80
12061050702,8.91,29.40
12061050703,8.48,37.90
12061050704,3.70,22.10
12061050705,15.13,31.70
12061050802,13.48,25.00
12061050804,8.61,40.20
12061050805,17.84,19.20
12061050806,10.56,18.80
12061050807,19.19,16.50
12061050808,12.73,16.60
12061050902,27.58,23.10
12061050903,6.83,8.60
12061050904,2.38,12.20
12063210100,15.66,10.70
12063210200,14.20,14.90
12063210300,24.40,14.70
12063210400,17.83,7.80
12063210500,18.04,25.60
12063210600,16.41,13.20
12063210700,26.22,26.20
12063210800,7.78,16.80
12063210900,9.64,8.40
12063211000,19.45,8.10
12063211100,13.46,10.50
12065250101,17.13,13.80
12065250102,38.67,29.50
12065250200,13.21,25.40
12067960100,10.66,5.40
12067960200,23.85,18.20
12069030102,29.41,11.40
12069030104,63.01,19.70
12069030105,18.10,16.40
12069030106,36.21,9.90
12069030107,15.23,9.20
12069030108,11.62,24.50
12069030203,10.11,38.30
12069030204,10.49,18.60
12069030206,18.40,10.60
12069030207,17.18,23.50
12069030208,10.86,20.00
12069030209,42.87,20.30
12069030302,36.23,28.70
12069030305,22.53,15.80
12069030306,24.84,11.90
12069030307,32.11,13.00
12069030308,20.17,16.00
12069030405,15.32,12.90
12069030406,29.60,18.70
12069030407,8.55,14.10
12069030408,45.26,35.10
12069030409,49.18,18.30
12069030410,11.84,33.00
12069030411,22.74,12.30
12069030502,29.08,10.20
12069030503,39.55,12.50
12069030504,33.85,15.10
12069030601,35.72,22.40
12069030602,26.50,11.30
12069030701,53.97,27.20
12069030702,24.62,21.90
12069030803,25.26,16.40
12069030804,6.27,19.20
12069030805,8.00,21.30
12069030806,29.80,18.60
12069030807,29.01,22.60
12069030902,5.91,27.40
12069030912,38.16,25.60
12069030913,30.90,48.50
12069030914,19.88,23.80
12069031000,15.66,25.30
12069031101,37.04,19.30
12069031102,17.75,24.90
12069031103,10.59,19.10
12069031202,9.01,20.10
12069031203,21.21,20.00
12069031204,13.72,20.60
12069031205,11.30,5.30
12069031301,10.15,27.80
12069031305,18.91,28.30
12069031306,6.07,28.30
12069031307,10.17,28.10
12069031308,19.43,36.20
12069031309,11.98,24.90
12069031310,8.79,30.00
12069031311,6.32,21.90
12071000301,18.36,18.80
12071000302,15.82,5.00
12071000401,10.34,11.00
12071000402,29.30,14.70
12071000502,18.99,13.50
12071000503,13.38,14.40
12071000504,20.68,8.10
12071000600,32.27,10.70
12071000700,13.78,10.10
12071000800,26.39,41.70
12071000900,10.03,56.40
12071001000,22.45,33.80
12071001101,39.37,8.40
12071001102,23.74,21.50
12071001201,8.33,18.50
12071001202,5.63,37.50
12071001300,22.21,21.60
12071001401,10.18,24.10
12071001402,17.88,44.20
12071001501,15.04,46.90
12071001502,16.34,16.90
12071001601,7.90,27.90
12071001602,16.36,24.60
12071001701,44.38,40.50
12071001703,34.08,40.30
12071001705,18.03,34.90
12071001706,8.77,39.50
12071001707,21.71,25.00
12071001801,4.37,43.50
12071001802,12.55,45.10
12071001903,6.90,55.70
12071001906,29.26,29.30
12071001907,8.24,52.10
12071001908,11.06,31.60
12071001910,17.75,17.50
12071001911,0.00,52.30
12071001912,21.62,35.80
12071001913,24.08,37.90
12071001914,7.81,29.20
12071001915,17.18,60.70
12071010102,15.39,20.50
12071010103,5.93,16.90
12071010104,4.94,54.70
12071010105,7.24,28.50
12071010201,8.12,15.10
12071010203,7.33,17.60
12071010204,16.28,20.20
12071010302,16.72,15.80
12071010303,18.99,18.70
12071010304,22.06,25.50
12071010305,37.16,22.40
12071010306,5.13,15.60
12071010307,11.33,19.70
12071010404,7.90,21.90
12071010405,21.23,14.50
12071010406,12.72,29.30
12071010407,14.94,32.10
12071010409,13.44,31.40
12071010410,18.13,28.60
12071010411,14.80,20.40
12071010412,24.12,15.30
12071010501,28.59,22.50
12071010502,10.52,22.80
12071010601,25.19,20.80
12071010602,21.44,24.30
12071010701,7.89,34.10
12071010702,40.70,19.90
12071010801,20.48,27.80
12071010802,25.75,24.00
12071010803,10.27,30.00
12071020101,17.37,24.60
12071020102,32.00,17.10
12071020201,19.12,30.20
12071020202,7.54,17.80
12071020300,38.22,7.50
12071020400,22.21,28.60
12071020501,38.94,15.10
12071020502,15.35,15.60
12071020600,14.89,18.30
12071020700,18.17,31.80
12071020800,31.64,11.30
12071030100,17.12,17.80
12071030201,15.40,52.50
12071030202,10.97,13.10
12071030203,27.16,18.50
12071030204,0.00,13.90
12071030300,10.25,19.10
12071040108,19.03,43.50
12071040109,13.58,14.20
12071040110,8.50,40.10
12071040111,23.26,53.50
12071040112,14.04,52.10
12071040113,5.66,46.90
12071040114,11.06,50.00
12071040115,1.68,31.00
12071040116,6.45,50.10
12071040117,9.00,42.70
12071040118,0.00,52.00
12071040119,0.00,50.50
12071040120,7.42,19.80
12071040121,4.64,13.80
12071040122,9.38,7.40
12071040123,8.61,22.40
12071040124,9.41,18.10
12071040125,23.51,22.10
12071040126,20.82,16.90
12071040127,5.58,11.00
12071040203,21.42,15.70
12071040205,10.45,5.80
12071040206,13.42,28.10
12071040207,27.56,22.30
12071040208,14.84,21.50
12071040209,11.97,11.60
12071040210,16.41,14.60
12071040301,9.56,12.40
12071040302,8.22,14.60
12071040303,2.80,7.00
12071040304,25.22,12.20
12071040305,17.34,10.10
12071040308,16.02,12.10
12071040309,23.68,14.40
12071040310,7.05,20.30
12071040311,6.78,14.70
12071040312,20.87,10.70
12071040313,5.82,14.50
12071040314,10.82,12.90
12071050103,9.35,32.00
12071050104,10.99,26.20
12071050105,16.26,52.80
12071050106,16.64,37.30
12071050203,16.60,33.30
12071050204,4.53,42.60
12071050205,17.68,16.60
12071050206,14.52,31.20
12071050207,4.08,60.10
12071050208,6.87,22.60
12071050209,11.49,19.40
12071050305,6.24,68.30
12071050306,9.78,36.40
12071050307,5.03,59.20
12071050308,10.20,31.10
12071050310,4.92,49.30
12071050311,4.07,55.60
12071050312,6.65,18.70
12071050313,5.42,45.90
12071050314,4.62,42.10
12071050400,9.98,17.90
12071050500,4.53,26.00
12071050601,6.97,28.30
12071050602,14.00,31.40
12071060101,39.11,23.20
12071060102,13.51,20.30
12071060201,25.35,55.30
12071060202,28.80,43.40
12071060203,14.38,50.30
12071060300,9.60,50.70
12071070101,27.14,31.30
12071070102,16.25,28.80
12071070200,17.25,29.30
12071080100,0.00,18.70
12071080202,7.55,59.20
12071080203,0.00,69.70
12071080204,7.36,63.80
12071080300,70.60,33.50
12071090100,13.81,38.50
12073000200,13.00,64.20
12073000301,6.72,66.80
12073000302,18.68,60.20
12073000303,2.37,41.10
12073000400,4.10,36.60
12073000500,0.00,67.30
12073000600,12.55,14.30
12073000700,10.38,36.50
12073000800,6.18,68.80
12073000901,17.57,54.90
12073000903,4.47,44.80
12073000904,2.91,52.90
12073000905,19.07,44.20
12073001001,10.48,21.50
12073001002,0.00,22.50
12073001101,11.95,22.80
12073001102,46.55,22.50
12073001200,77.97,20.80
12073001401,15.86,21.00
12073001402,3.77,46.60
12073001500,8.55,46.10
12073001601,11.51,37.40
12073001602,6.29,63.60
12073001700,6.90,68.80
12073001801,18.70,19.90
12073001802,11.66,39.20
12073001901,18.67,32.60
12073001902,8.90,19.20
12073002003,3.51,6.90
12073002004,4.50,37.10
12073002005,0.00,37.90
12073002006,2.27,34.30
12073002101,2.16,42.90
12073002103,0.00,62.00
12073002104,2.36,38.30
12073002201,7.06,30.70
12073002205,6.75,45.70
12073002206,6.18,35.00
12073002207,12.17,21.10
12073002208,7.34,38.50
12073002302,9.01,36.30
12073002303,7.09,32.80
12073002304,15.57,17.80
12073002403,11.71,44.20
12073002408,5.26,55.40
12073002410,0.00,57.40
12073002411,14.93,39.50
12073002412,4.14,57.50
12073002413,7.52,70.10
12073002414,4.55,64.00
12073002415,2.40,59.50
12073002416,0.00,78.10
12073002417,2.67,72.80
12073002505,26.60,51.80
12073002507,4.22,46.30
12073002508,11.25,43.50
12073002509,2.26,27.00
12073002510,4.82,50.20
12073002511,7.61,56.80
12073002512,13.58,51.00
12073002513,4.18,61.40
12073002603,19.87,16.20
12073002604,6.39,24.20
12073002605,1.95,74.00
12073002606,6.00,39.00
12073002701,23.69,22.30
12073002702,8.45,19.70
12075970101,28.95,13.10
12075970102,33.77,10.00
12075970200,18.40,10.70
12075970301,31.45,13.30
12075970302,27.58,9.20
12075970400,3.95,18.70
12075970500,22.89,13.80
12075970600,29.73,9.60
12075970700,15.51,14.20
12077950100,4.27,19.60
12077950200,16.66,7.70
12079110100,25.19,16.30
12079110200,13.28,14.90
12079110301,9.25,17.00
12079110302,18.39,10.20
12079110400,15.68,8.40
12081000101,29.81,39.50
12081000103,12.37,6.80
12081000105,20.18,5.30
12081000106,4.07,3.60
12081000201,16.28,13.80
12081000202,20.26,15.70
12081000304,12.94,15.20
12081000305,3.07,9.20
12081000306,12.57,9.50
12081000307,12.20,10.70
12081000308,16.67,22.80
12081000309,9.25,14.20
12081000310,6.76,9.70
12081000403,0.00,40.00
12081000405,9.02,23.30
12081000406,8.75,28.70
12081000407,33.22,30.10
12081000408,13.29,22.30
12081000501,16.92,19.10
12081000503,2.57,19.00
12081000504,16.97,14.30
12081000601,13.41,18.20
12081000603,19.46,14.20
12081000604,22.55,14.30
12081000703,18.76,12.90
12081000704,7.58,7.60
12081000705,15.50,11.70
12081000803,12.71,17.90
12081000804,10.64,27.40
12081000805,17.31,29.80
12081000807,9.99,39.90
12081000808,11.04,36.60
12081000809,13.75,51.30
12081000810,3.48,57.60
12081000901,19.82,19.60
12081000902,8.98,27.10
12081001000,6.65,29.80
12081001104,6.01,39.30
12081001105,5.33,37.20
12081001106,9.42,21.60
12081001107,4.84,32.50
12081001108,7.79,33.10
12081001202,13.49,37.60
12081001203,8.79,29.50
12081001204,5.32,44.20
12081001300,20.64,23.20
12081001402,11.70,32.00
12081001403,25.34,23.20
12081001404,14.00,21.00
12081001501,12.85,15.10
12081001502,17.57,17.20
12081001601,15.63,18.90
12081001602,2.35,13.80
12081001701,5.94,35.80
12081001703,11.24,54.80
12081001704,0.00,63.90
12081001800,13.64,44.30
12081001904,11.41,26.50
12081001907,9.55,24.20
12081001908,18.24,17.20
12081001909,9.37,41.30
12081001910,6.10,28.70
12081001911,9.24,32.50
12081001912,3.50,29.50
12081001913,4.83,37.10
12081001914,3.94,18.70
12081002003,10.17,39.00
12081002005,12.82,37.50
12081002007,6.10,41.50
12081002008,1.79,45.90
12081002010,9.09,18.50
12081002011,9.80,32.50
12081002012,8.88,25.70
12081002013,2.20,44.30
12081002014,0.00,43.20
12081002015,1.47,57.60
12081002016,6.72,64.10
12081002017,9.64,51.70
12083000100,15.43,25.20
12083000200,20.69,12.90
12083000301,7.31,12.10
12083000302,29.15,12.30
12083000401,13.37,9.90
12083000402,26.34,8.00
12083000501,42.66,7.20
12083000502,47.77,12.60
12083000601,34.03,5.90
12083000602,26.56,9.50
12083000604,26.04,12.00
12083000605,40.73,9.80
12083000701,29.24,4.90
12083000702,37.23,19.50
12083000801,35.19,31.20
12083000802,27.00,23.00
12083000901,29.97,13.90
12083000902,22.56,11.20
12083001003,13.98,7.80
12083001004,21.57,23.00
12083001005,13.34,20.50
12083001006,26.25,22.00
12083001007,32.23,24.10
12083001008,52.79,18.90
12083001102,29.76,12.60
12083001103,19.30,20.90
12083001104,30.08,16.50
12083001204,18.43,8.10
12083001205,12.11,15.60
12083001206,4.60,14.20
12083001207,22.23,14.70
12083001208,25.68,19.20
12083001301,17.72,13.10
12083001302,14.16,15.90
12083001401,7.62,10.30
12083001402,45.54,10.00
12083001500,49.71,9.50
12083001600,10.99,9.20
12083001700,27.43,8.50
12083001800,6.20,11.50
12083001900,11.70,32.80
12083002001,17.34,12.10
12083002002,19.08,13.80
12083002100,6.01,35.60
12083002201,40.83,20.80
12083002202,13.78,28.70
12083002203,7.23,26.70
12083002301,48.70,37.00
12083002302,17.79,28.80
12083002401,16.97,29.30
12083002402,11.42,38.30
12083002502,17.97,24.00
12083002503,19.72,13.50
12083002504,28.50,24.60
12083002601,17.23,18.00
12083002602,21.77,14.20
12083002604,24.25,16.30
12083002605,15.87,33.40
12083002606,33.38,31.80
12083002701,25.58,15.60
12083002702,22.54,25.60
12085000100,7.54,56.00
12085000200,14.24,37.80
12085000300,1.75,35.50
12085000400,2.37,28.00
12085000501,15.84,27.50
12085000502,9.64,58.00
12085000603,12.26,28.00
12085000604,3.23,52.70
12085000606,11.08,53.40
12085000607,6.54,38.20
12085000610,2.40,46.70
12085000700,12.41,27.20
12085000800,28.50,20.60
12085000901,22.93,41.40
12085000902,10.54,29.10
12085001000,8.07,16.60
12085001102,13.47,32.90
12085001103,0.00,32.90
12085001104,8.37,23.80
12085001200,8.77,10.50
12085001301,4.72,20.30
12085001302,6.59,27.20
12085001404,13.22,35.30
12085001406,7.15,43.00
12085001407,25.58,19.80
12085001408,13.13,13.10
12085001409,10.78,29.00
12085001410,15.54,23.30
12085001500,13.49,46.10
12085001601,11.02,55.70
12085001602,0.00,51.80
12085001700,6.80,35.40
12085001801,5.85,7.90
12085001802,0.00,10.50
12086000107,4.07,54.40
12086000109,9.15,29.80
12086000113,9.30,56.40
12086000115,11.27,53.20
12086000118,0.00,66.30
12086000119,6.53,41.90
12086000120,11.43,45.80
12086000121,7.33,60.80
12086000122,2.79,51.10
12086000123,13.13,44.70
12086000124,19.63,17.20
12086000125,10.71,33.40
12086000126,15.19,32.20
12086000127,18.53,31.70
12086000128,7.67,35.60
12086000129,9.80,66.90
12086000130,21.29,52.50
12086000131,10.72,62.40
12086000132,8.87,40.30
12086000133,5.68,65.80
12086000134,12.20,36.90
12086000140,5.06,38.00
12086000202,14.42,16.60
12086000204,21.18,16.00
12086000206,10.66,18.00
12086000209,13.69,12.70
12086000211,13.77,16.60
12086000212,19.29,22.30
12086000213,13.17,28.00
12086000214,9.39,19.80
12086000215,25.09,11.80
12086000216,2.13,19.90
12086000217,5.75,14.00
12086000218,8.38,13.70
12086000219,17.44,19.30
12086000220,11.40,12.60
12086000301,16.73,15.00
12086000302,21.81,25.60
12086000305,19.77,14.40
12086000306,28.86,15.90
12086000307,18.17,20.70
12086000308,6.92,22.10
12086000402,38.60,8.50
12086000403,35.43,5.70
12086000404,23.83,10.10
12086000405,20.74,14.60
12086000408,27.28,8.70
12086000409,27.41,8.00
12086000410,21.51,10.10
12086000411,20.02,11.70
12086000412,23.90,9.70
12086000413,26.53,18.20
12086000414,20.81,9.30
12086000501,16.52,15.20
12086000503,22.09,9.00
12086000504,17.00,8.10
12086000505,4.94,15.80
12086000601,13.70,12.30
12086000602,12.29,16.90
12086000603,13.12,11.50
12086000604,11.74,13.80
12086000605,23.05,11.50
12086000607,11.47,14.70
12086000608,13.82,7.40
12086000705,19.19,19.20
12086000706,14.50,11.40
12086000707,7.87,14.50
12086000708,7.05,11.20
12086000709,13.25,11.40
12086000710,13.42,5.30
12086000711,25.18,10.00
12086000712,10.85,16.30
12086000804,11.34,11.90
12086000805,14.03,9.90
12086000806,27.46,6.40
12086000807,13.36,13.70
12086000808,21.13,9.60
12086000901,19.50,6.80
12086000902,26.35,10.90
12086000903,35.64,11.50
12086001002,36.19,14.90
12086001003,42.30,9.70
12086001004,12.72,8.90
12086001005,76.89,13.30
12086001006,8.48,13.80
12086001101,16.62,17.80
12086001102,16.29,17.20
12086001103,10.02,21.60
12086001104,12.35,50.10
12086001203,11.12,21.60
12086001204,8.40,37.90
12086001205,6.56,52.40
12086001206,3.89,50.00
12086001301,18.86,20.40
12086001302,16.00,44.00
12086001401,21.36,12.20
12086001402,21.71,15.40
12086001501,4.70,8.30
12086001502,31.98,3.60
12086001602,21.40,16.10
12086001603,13.38,11.80
12086001605,18.01,13.70
12086001606,12.46,9.00
12086001701,18.96,9.50
12086001702,14.74,7.30
12086001703,23.81,7.60
12086001801,33.40,14.90
12086001802,15.74,16.50
12086001803,43.19,3.40
12086001901,24.15,14.00
12086001903,8.63,15.40
12086001904,27.19,7.20
12086002001,28.62,5.60
12086002003,20.60,8.80
12086002004,15.46,3.80
12086002100,0.00,49.70
12086002201,26.22,23.50
12086002202,21.68,18.30
12086002300,37.48,5.90
12086002402,18.26,9.30
12086002403,12.40,11.00
12086002404,25.66,13.20
12086002501,22.02,11.30
12086002502,13.16,8.50
12086002600,11.10,42.50
12086002702,2.58,31.50
12086002703,5.19,63.40
12086002705,6.58,53.60
12086002706,6.79,49.90
12086002800,7.62,12.80
12086002900,23.36,11.90
12086003001,16.88,25.10
12086003003,8.79,9.60
12086003004,11.51,11.80
12086003100,11.64,12.50
12086003400,42.51,10.90
12086003601,33.36,13.50
12086003602,15.61,21.00
12086003702,0.00,49.30
12086003703,6.53,79.80
12086003704,7.75,54.20
12086003705,0.00,81.00
12086003706,0.00,10.30
12086003707,6.95,49.90
12086003801,10.05,53.60
12086003803,6.76,54.00
12086003804,1.71,61.50
12086003906,3.20,70.30
12086003909,6.09,29.60
12086003911,6.36,21.30
12086003912,2.06,28.70
12086003913,6.18,39.20
12086003914,11.06,38.00
12086003915,1.75,33.10
12086003916,4.61,32.70
12086003917,9.86,45.60
12086003918,0.00,55.80
12086003919,8.64,64.40
12086003921,2.72,57.80
12086003922,4.40,61.50
12086004000,5.13,54.10
12086004102,8.78,69.60
12086004103,0.00,35.20
12086004105,8.09,52.80
12086004106,0.00,57.00
12086004203,6.66,57.00
12086004204,9.52,35.30
12086004205,8.86,50.90
12086004206,23.02,47.20
12086004301,0.00,67.80
12086004303,0.00,32.40
12086004304,12.91,46.90
12086004403,20.29,35.20
12086004404,39.58,37.20
12086004405,5.84,41.80
12086004406,3.87,45.10
12086004500,23.96,56.20
12086004602,7.21,76.60
12086004605,7.51,74.10
12086004607,12.82,73.10
12086004608,0.00,72.50
12086004701,12.84,40.40
12086004702,14.41,25.60
12086004703,13.29,31.70
12086004901,5.23,21.20
12086004902,10.91,15.30
12086005001,12.33,12.90
12086005002,12.21,9.70
12086005102,23.46,23.30
12086005103,6.72,9.10
12086005104,8.90,17.10
12086005201,15.05,4.10
12086005202,12.16,6.20
12086005302,29.47,7.40
12086005303,9.73,9.10
12086005304,15.81,11.10
12086005403,17.74,7.80
12086005405,7.69,13.50
12086005406,2.36,8.50
12086005407,20.26,17.20
12086005409,9.43,8.60
12086005410,20.99,13.00
12086005501,6.75,18.80
12086005502,19.34,27.10
12086005600,9.49,27.30
12086005701,18.38,16.10
12086005703,23.07,22.80
12086005704,11.06,14.20
12086005801,18.86,17.20
12086005802,11.82,18.90
12086005901,8.30,29.10
12086005902,13.93,15.20
12086005903,20.91,19.80
12086005904,24.77,21.60
12086006001,17.04,31.90
12086006002,19.63,30.30
12086006101,6.63,55.10
12086006102,4.92,70.20
12086006201,9.61,30.80
12086006203,4.97,59.10
12086006205,2.35,39.10
12086006206,3.50,67.10
12086006301,14.49,22.30
12086006302,15.31,31.50
12086006401,15.04,11.50
12086006402,18.40,27.30
12086006403,8.17,19.40
12086006501,5.26,23.00
12086006503,7.86,24.30
12086006504,7.74,41.00
12086006601,8.37,36.80
12086006602,5.57,36.70
12086006702,5.75,75.00
12086006705,3.21,70.50
12086006706,4.95,67.80
12086006707,2.40,81.70
12086006709,0.00,75.80
12086006711,0.00,76.30
12086006713,0.00,78.50
12086006714,0.00,74.10
12086006801,3.43,73.90
12086006802,11.54,72.40
12086006900,12.36,32.20
12086007001,14.79,33.30
12086007002,12.68,30.20
12086007101,7.72,38.10
12086007103,0.00,70.00
12086007104,0.00,58.40
12086007200,20.36,32.90
12086007300,5.08,74.00
12086007400,2.72,70.90
12086007501,6.90,70.20
12086007503,0.00,69.00
12086007601,0.00,47.70
12086007603,10.98,28.20
12086007604,8.05,62.20
12086007605,4.73,49.20
12086007606,7.39,45.30
12086007701,16.13,29.80
12086007702,14.93,38.00
12086007704,2.00,37.10
12086007705,8.94,53.00
12086007801,9.05,66.80
12086007804,11.34,56.70
12086007805,6.79,51.70
12086007806,4.41,69.30
12086007807,2.09,64.90
12086007901,0.00,74.50
12086007902,0.00,64.10
12086008000,8.86,63.20
12086008101,0.00,64.80
12086008102,5.65,58.70
12086008202,4.65,47.20
12086008205,5.32,70.90
12086008206,5.08,65.90
12086008207,9.30,58.40
12086008208,19.71,33.70
12086008209,12.23,56.70
12086008304,27.92,16.10
12086008305,7.67,47.90
12086008306,13.89,19.10
12086008307,14.95,18.30
12086008308,21.81,27.80
12086008309,33.12,6.10
12086008405,8.31,50.60
12086008407,15.26,42.00
12086008409,14.61,45.70
12086008410,6.70,42.80
12086008412,14.66,46.80
12086008414,7.68,42.00
12086008415,3.81,56.70
12086008416,21.83,44.30
12086008417,25.50,31.50
12086008418,3.55,35.70
12086008419,15.13,29.90
12086008501,11.94,27.60
12086008502,16.08,42.10
12086008601,15.68,29.80
12086008602,14.44,35.10
12086008701,14.84,20.00
12086008702,14.50,28.90
12086008803,13.59,23.80
12086008804,9.70,21.70
12086008805,13.73,17.60
12086008806,9.66,26.40
12086008901,9.43,26.60
12086008902,17.34,29.50
12086008906,13.16,35.20
12086008907,22.56,32.40
12086009006,11.15,33.10
12086009010,5.14,38.60
12086009014,8.92,41.80
12086009015,12.97,30.90
12086009017,19.13,17.00
12086009019,15.00,24.60
12086009020,3.55,13.30
12086009021,13.76,17.70
12086009022,9.38,25.60
12086009023,6.87,24.00
12086009024,8.84,33.50
12086009026,21.85,17.90
12086009027,7.61,27.50
12086009028,7.22,30.10
12086009029,2.43,34.40
12086009030,9.65,28.20
12086009031,2.60,27.70
12086009034,1.25,54.20
12086009035,7.11,41.10
12086009036,1.12,58.60
12086009038,2.14,54.80
12086009039,1.84,50.10
12086009040,25.55,42.50
12086009043,2.18,57.60
12086009044,3.58,54.60
12086009046,0.00,49.00
12086009047,2.91,52.50
12086009100,8.27,12.20
12086009200,11.83,20.60
12086009305,9.71,35.10
12086009306,12.78,16.40
12086009307,10.86,12.00
12086009308,7.74,11.10
12086009309,10.01,10.90
12086009311,17.03,19.10
12086009312,5.48,31.00
12086009313,7.77,30.40
12086009314,8.49,12.10
12086009315,33.44,22.30
12086009400,12.51,13.30
12086009501,9.03,15.30
12086009503,20.29,9.90
12086009504,36.03,14.60
12086009600,45.75,7.90
12086009703,6.07,61.40
12086009704,11.01,41.00
12086009705,16.23,23.70
12086009706,0.00,40.10
12086009803,12.29,24.70
12086009804,24.42,32.60
12086009806,16.28,21.80
12086009807,11.87,34.10
12086009808,25.69,26.00
12086009901,10.72,20.90
12086009903,20.00,22.80
12086009904,9.95,10.40
12086009905,13.39,19.70
12086009906,8.66,16.90
12086010001,18.76,14.80
12086010005,25.87,18.30
12086010006,20.08,11.60
12086010009,15.85,12.10
12086010010,21.03,13.50
12086010011,6.00,5.70
12086010012,8.45,19.20
12086010013,9.45,24.00
12086010015,12.17,11.60
12086010016,7.65,16.90
12086010193,2.84,41.10
12086010198,10.41,32.10
12086010201,12.77,33.40
12086010204,10.77,20.30
12086010205,27.15,17.80
12086010207,30.31,20.40
12086010208,25.35,11.50
12086010209,5.16,13.40
12086010210,20.57,13.30
12086010300,10.19,27.70
12086010400,11.66,21.60
12086010500,16.18,24.70
12086010604,9.69,29.00
12086010606,2.77,19.50
12086010608,14.83,21.00
12086010609,10.38,20.10
12086010610,33.27,43.40
12086010612,3.78,33.60
12086010613,5.49,43.50
12086010614,12.32,20.50
12086010617,3.95,37.20
12086010703,11.08,14.50
12086010704,4.29,19.90
12086010801,13.94,9.30
12086010802,4.46,15.10
12086010900,15.49,8.80
12086011001,17.04,9.40
12086011003,7.62,10.20
12086011005,15.94,11.50
12086011007,11.96,33.90
12086011008,11.21,24.40
12086011009,4.99,35.30
12086011101,9.84,12.70
12086011102,12.96,18.80
12086011201,11.21,13.20
12086011202,8.27,9.50
12086011300,18.99,5.40
12086011401,10.17,29.00
12086011403,22.45,6.30
12086011404,4.27,4.50
12086011500,16.46,23.90
12086011600,6.35,32.00
12086011700,6.96,12.30
12086011800,3.08,27.80
12086011900,1.83,23.70
12086012000,4.47,23.30
12086012100,1.85,22.80
12086012200,5.33,17.20
12086012300,4.28,27.40
12086012400,5.11,29.30
12086012500,11.25,24.30
12086012600,6.73,15.80
12086012700,3.71,35.00
12086012800,7.50,37.60
12086012900,9.18,21.00
12086013000,7.65,21.90
12086013100,1.78,15.30
12086013200,1.56,15.60
12086013300,3.42,22.40
12086013400,4.69,15.90
12086013500,13.13,13.70
12086013600,5.08,14.80
12086013700,13.63,20.40
12086013800,4.84,7.10
12086013900,4.00,17.20
12086014000,0.00,36.90
12086014100,3.10,5.90
12086014200,3.70,27.30
12086014300,11.17,33.50
12086014400,8.16,28.00
12086014500,10.40,36.30
12086014600,6.01,19.10
12086014700,8.68,29.90
12086014800,13.71,17.40
12086014900,18.07,27.50
12086015000,12.16,28.40
12086015100,5.87,31.30
12086015200,9.96,34.10
12086015300,14.00,29.20
12086015400,10.94,29.60
12086015500,20.99,25.10
12086015600,9.32,33.30
12086015700,11.28,26.20
12086015800,21.53,19.10
12086015900,14.17,17.60
12086016000,5.82,27.30
12086016100,11.23,25.00
12086016200,11.23,29.50
12086016300,11.45,38.30
12086016400,2.90,39.00
12086016500,4.33,37.40
12086016600,5.04,26.30
12086016700,10.74,24.00
12086016800,13.47,31.50
12086016900,6.12,27.70
12086017000,6.89,21.10
12086017100,23.62,23.00
12086017200,8.70,26.50
12086017300,5.94,30.20
12086017400,9.70,28.30
12086017500,6.64,30.50
12086017600,6.88,34.70
12086017700,8.44,19.50
12086017800,4.62,26.70
12086017900,5.53,36.90
12086018000,7.44,40.10
12086018100,0.00,30.00
12086018200,7.10,33.80
12086018300,5.04,36.10
12086018400,2.50,33.60
12086018500,15.06,39.10
12086018600,5.84,24.10
12086018700,1.98,30.00
12086018800,7.51,30.80
12086018900,6.09,43.40
12086019000,6.41,30.80
12086019100,10.29,36.40
12086019200,5.56,29.60
12086019300,1.20,33.40
12086019400,7.56,44.90
12086019500,13.28,32.10
12086019600,6.29,30.10
12086019700,15.61,33.50
12086019800,9.64,30.90
12086019900,6.63,26.70
12086020000,10.60,24.60
12086020100,7.59,26.40
12086020200,13.61,18.80
12086020300,18.97,15.10
12086490100,10.62,16.10
12086980300,0.00,29.50
12086980700,35.59,0.00
12087970200,9.15,43.90
12087970300,8.45,20.60
12087970400,13.31,30.90
12087970500,4.26,31.90
12087970600,25.02,43.60
12087970700,7.72,28.50
12087970800,7.15,36.10
12087970900,17.65,33.50
12087971001,0.00,37.40
12087971002,18.63,32.30
12087971100,8.55,31.10
12087971200,8.27,31.00
12087971300,0.00,15.80
12087971401,2.80,29.80
12087971402,0.00,27.80
12087971501,0.00,40.00
12087971502,9.45,36.20
12087971600,4.70,44.00
12087971700,8.79,26.60
12087971800,7.42,20.30
12087971900,6.26,25.00
12087972000,6.18,29.60
12087972100,10.07,36.10
12087972200,8.69,36.20
12087972300,3.76,36.70
12087972400,7.23,32.30
12087972500,0.00,48.60
12087972600,13.66,35.60
12087980000,0.00,100.00
12089050101,10.46,32.70
12089050102,0.00,39.30
12089050201,6.00,77.60
12089050202,3.01,44.30
12089050203,2.60,57.10
12089050301,5.73,24.20
12089050302,7.81,18.50
12089050303,3.03,32.60
12089050400,19.95,7.90
12089050502,14.32,12.90
12089050503,7.53,10.10
12089050504,11.86,11.70
12091020100,18.02,16.90
12091020200,0.00,12.90
12091020301,18.93,22.20
12091020302,14.93,13.60
12091020400,16.08,14.90
12091020500,24.87,20.80
12091020600,9.86,24.60
12091020700,14.32,22.50
12091020800,1.92,48.40
12091020900,4.84,51.60
12091021001,3.32,55.40
12091021002,10.11,48.80
12091021101,9.17,28.10
12091021102,17.37,32.30
12091021200,10.87,23.90
12091021400,0.00,31.70
12091021501,13.56,41.70
12091021502,16.05,42.30
12091021600,13.75,40.00
12091021700,7.12,44.70
12091021801,13.63,25.10
12091021802,14.08,23.50
12091021900,15.74,27.50
12091022001,12.59,26.90
12091022002,13.71,29.80
12091022100,21.23,20.00
12091022300,22.82,25.30
12091022400,17.68,29.60
12091022500,30.08,25.10
12091022600,20.65,18.60
12091022700,34.93,17.80
12091022800,24.27,13.00
12091022900,19.81,28.70
12091023100,10.99,24.60
12091023200,10.34,41.40
12091023303,15.24,51.10
12091023304,4.62,47.30
12091023305,21.56,43.20
12091023306,6.84,35.00
12091023307,21.16,31.10
12091023308,3.45,52.20
12093910101,6.42,12.70
12093910102,25.67,9.50
12093910201,6.95,8.90
12093910202,15.39,5.80
12093910300,20.15,16.70
12093910401,28.73,9.90
12093910402,7.30,5.60
12093910403,6.13,7.60
12093910500,8.91,14.00
12093910601,15.84,16.10
12093910602,24.67,10.90
12095010200,12.56,58.60
12095010300,12.22,46.80
12095010400,21.75,17.00
12095010500,0.00,4.10
12095010802,7.01,53.50
12095011000,9.60,42.10
12095011100,14.74,45.80
12095011200,11.98,52.30
12095011300,1.88,50.00
12095011600,18.88,20.20
12095011701,38.43,13.50
12095011702,40.40,20.10
12095012000,11.30,6.70
12095012100,14.98,12.10
12095012201,12.56,9.30
12095012202,10.99,8.10
12095012303,15.04,21.90
12095012304,10.05,9.40
12095012305,4.98,10.60
12095012306,22.99,11.80
12095012307,17.74,13.30
12095012401,11.63,22.50
12095012402,17.11,16.90
12095012403,12.07,17.70
12095012500,18.65,36.80
12095012600,7.54,52.50
12095012701,3.95,58.30
12095012800,8.03,69.40
12095012900,3.77,52.50
12095013201,17.31,10.20
12095013202,4.61,13.70
12095013300,12.61,24.10
12095013402,18.89,17.10
12095013403,21.56,16.80
12095013405,9.21,14.10
12095013406,13.22,14.00
12095013503,0.00,23.40
12095013505,13.40,22.50
12095013507,2.70,32.20
12095013508,10.02,14.80
12095013509,22.88,33.30
12095013510,9.64,20.10
12095013511,17.22,11.70
12095013512,13.83,19.20
12095013603,7.73,26.20
12095013604,11.49,29.00
12095013605,2.50,29.50
12095013606,8.51,15.30
12095013607,9.85,24.40
12095013701,6.03,20.70
12095013702,17.48,25.60
12095013801,15.82,26.40
12095013802,17.88,31.90
12095013803,3.77,36.10
12095013900,10.70,42.80
12095014000,6.43,50.70
12095014100,11.95,37.70
12095014200,5.78,12.80
12095014301,10.82,25.00
12095014302,6.63,12.00
12095014400,45.20,25.40
12095014502,3.93,5.40
12095014503,10.04,8.50
12095014504,1.63,40.10
12095014601,18.14,6.80
12095014605,21.41,14.30
12095014606,6.88,21.70
12095014607,1.69,38.20
12095014608,24.28,17.70
12095014609,3.27,30.50
12095014701,13.37,6.90
12095014702,7.17,25.80
12095014703,4.50,38.10
12095014704,2.28,44.40
12095014804,14.55,30.70
12095014805,8.37,20.50
12095014806,6.77,45.10
12095014807,3.14,40.90
12095014808,4.80,66.10
12095014809,3.42,67.70
12095014810,8.60,43.80
12095014811,3.84,52.30
12095014812,3.42,31.90
12095014813,12.25,47.20
12095014904,10.27,16.40
12095014906,10.88,30.60
12095014908,19.79,22.20
12095014909,2.96,22.80
12095015001,17.64,16.70
12095015002,5.46,11.00
12095015003,14.41,16.70
12095015004,9.87,29.60
12095015103,9.04,25.90
12095015104,18.88,13.20
12095015105,7.63,15.20
12095015106,18.81,18.00
12095015201,9.29,36.80
12095015202,11.43,15.70
12095015300,23.24,37.70
12095015402,13.98,37.10
12095015501,19.04,56.20
12095015601,4.32,73.60
12095015602,16.72,70.20
12095015701,10.27,63.80
12095015702,0.00,56.20
12095015801,5.55,76.00
12095015802,3.94,70.30
12095015901,20.02,33.00
12095015902,6.33,41.60
12095016001,4.79,71.60
12095016002,7.67,82.70
12095016100,7.28,73.80
12095016200,7.76,59.20
12095016301,31.49,46.20
12095016302,6.80,21.50
12095016402,12.57,28.30
12095016406,0.00,21.20
12095016407,9.91,31.30
12095016408,4.34,32.50
12095016409,20.01,46.60
12095016410,16.63,26.70
12095016411,3.20,37.60
12095016412,0.00,27.10
12095016503,6.60,42.40
12095016504,10.65,38.20
12095016505,13.06,41.00
12095016507,0.00,52.50
12095016508,6.52,33.90
12095016509,21.13,19.60
12095016510,5.00,44.40
12095016511,4.18,33.70
12095016601,8.80,29.60
12095016602,6.35,25.00
12095016704,3.24,57.40
12095016709,13.86,19.10
12095016710,8.35,29.40
12095016712,11.96,21.40
12095016713,21.60,17.30
12095016714,12.08,20.00
12095016715,15.99,15.80
12095016716,5.61,42.90
12095016717,3.13,36.30
12095016723,4.32,21.00
12095016724,6.17,17.80
12095016727,6.86,33.50
12095016728,12.14,40.20
12095016729,5.95,32.20
12095016730,5.71,54.20
12095016731,0.00,20.80
12095016732,3.01,42.30
12095016733,11.35,23.10
12095016734,11.60,33.80
12095016802,6.88,50.10
12095016803,7.40,21.80
12095016804,0.00,23.30
12095016806,5.01,20.30
12095016807,3.31,28.80
12095016902,20.59,9.80
12095016903,4.17,22.20
12095016904,6.58,16.80
12095016906,7.60,10.20
12095016907,5.50,6.90
12095017001,18.97,20.30
12095017004,11.39,30.10
12095017006,7.65,46.30
12095017008,6.28,19.70
12095017011,8.87,22.50
12095017012,6.66,34.90
12095017013,5.13,20.50
12095017014,4.71,37.20
12095017015,2.57,47.10
12095017016,2.00,41.80
12095017017,0.00,45.20
12095017103,2.90,53.90
12095017104,4.16,50.60
12095017105,3.81,58.20
12095017107,8.04,56.80
12095017108,5.17,52.90
12095017109,7.87,59.40
12095017200,7.13,30.70
12095017300,11.20,21.30
12095017400,9.37,32.40
12095017501,13.26,33.30
12095017503,3.25,15.30
12095017504,12.22,18.40
12095017600,22.61,6.00
12095017701,8.42,22.80
12095017702,13.73,29.60
12095017703,16.22,12.40
12095017802,13.19,32.30
12095017804,16.09,29.10
12095017805,22.71,24.00
12095017806,11.81,35.10
12095017807,12.68,18.70
12095017808,5.64,36.50
12095017901,12.76,28.40
12095017902,23.69,23.20
12095018000,38.71,29.70
12095018100,17.81,29.40
12095018200,5.41,56.60
12095018300,29.59,14.10
12095018400,7.58,32.00
12095018500,31.85,14.10
12095018700,13.94,12.80
12095018800,2.57,59.40
12095018900,15.58,48.80
12097040801,21.62,30.60
12097040802,3.77,31.10
12097040803,3.33,58.80
12097040804,11.50,15.50
12097040901,4.45,19.70
12097040902,8.75,17.20
12097041001,12.97,18.70
12097041002,15.16,15.10
12097041100,8.57,11.20
12097041300,9.03,16.30
12097041500,6.35,22.70
12097041600,7.72,12.30
12097041700,10.07,14.50
12097041800,10.04,10.90
12097041900,6.52,16.30
12097042000,3.89,14.70
12097042100,2.71,20.10
12097042200,20.43,12.30
12097042300,8.89,9.20
12097042400,9.98,19.10
12097042500,8.60,13.80
12097042601,7.67,12.60
12097042602,6.99,16.80
12097042701,7.61,12.30
12097042702,5.52,12.40
12097042800,9.82,22.30
12097042900,6.47,27.50
12097043100,5.61,25.30
12097043201,0.00,9.60
12097043202,22.73,17.70
12097043203,20.42,13.20
12097043204,12.68,21.20
12097043205,6.22,15.80
12097043206,0.00,6.60
12097043301,0.00,29.20
12097043302,10.90,15.90
12097043400,12.58,16.80
12097043500,16.96,14.10
12097043600,9.54,22.50
12097043700,6.26,20.10
12097043800,4.99,19.00
12099000101,10.57,42.90
12099000102,12.42,46.10
12099000202,3.23,31.30
12099000204,5.32,35.60
12099000205,6.24,38.00
12099000206,7.68,40.80
12099000208,0.00,47.20
12099000209,1.30,44.60
12099000210,8.55,41.00
12099000211,2.44,67.60
12099000213,13.68,27.90
12099000214,1.29,45.70
12099000215,3.26,62.90
12099000301,4.87,60.00
12099000303,6.93,53.70
12099000304,10.52,33.30
12099000405,3.26,52.60
12099000406,7.37,39.20
12099000407,15.29,54.30
12099000408,10.35,43.40
12099000410,5.38,54.50
12099000505,10.34,55.60
12099000507,0.00,78.10
12099000509,11.64,57.70
12099000511,16.98,40.50
12099000600,6.72,28.60
12099000702,6.90,29.50
12099000703,5.21,55.40
12099000802,6.88,33.10
12099000803,11.69,43.10
12099000804,3.15,43.30
12099000902,3.26,31.90
12099000903,5.34,22.80
12099000904,7.20,43.80
12099000905,4.25,56.90
12099001002,11.19,28.60
12099001003,4.05,43.70
12099001004,25.60,19.30
12099001101,21.13,24.40
12099001102,4.42,32.70
12099001200,18.57,28.40
12099001301,16.03,26.80
12099001302,29.92,8.20
12099001402,15.22,8.80
12099001403,33.62,5.50
12099001404,17.01,12.40
12099001500,13.50,12.20
12099001600,27.31,23.60
12099001700,10.56,28.90
12099001801,11.27,18.50
12099001802,11.70,40.30
12099001904,3.00,25.00
12099001907,16.10,18.40
12099001908,9.20,26.80
12099001909,10.20,14.00
12099001910,67.16,19.70
12099001911,74.47,25.40
12099001912,41.99,26.40
12099001913,59.14,26.50
12099001914,4.49,45.30
12099001915,5.96,42.40
12099001916,8.55,50.70
12099001917,6.82,25.20
12099002005,17.68,21.80
12099002006,30.55,26.40
12099002100,21.51,21.90
12099002200,13.50,13.50
12099002300,7.03,36.30
12099002400,22.57,9.30
12099002600,40.32,53.70
12099002700,12.82,47.30
12099002800,5.22,42.50
12099002900,3.49,7.20
12099003000,13.90,8.60
12099003101,7.31,16.00
12099003102,9.09,13.50
12099003201,9.66,20.70
12099003202,6.29,19.80
12099003300,10.82,11.10
12099003400,5.16,41.10
12099003504,0.00,58.20
12099003507,0.00,74.80
12099003509,15.65,55.60
12099003511,11.26,55.00
12099003600,9.48,38.90
12099003700,8.58,13.30
12099003800,6.19,19.30
12099003901,8.85,27.20
12099003902,9.35,13.70
12099004005,5.23,25.80
12099004007,6.79,8.20
12099004008,10.39,18.40
12099004009,2.41,9.70
12099004010,5.92,15.00
12099004011,3.31,12.60
12099004012,17.75,20.70
12099004013,41.61,12.80
12099004101,9.18,17.90
12099004102,3.30,16.50
12099004201,6.46,12.10
12099004202,16.48,14.20
12099004203,13.32,23.00
12099004300,8.06,43.10
12099004401,16.38,18.10
12099004402,0.00,10.10
12099004500,7.38,12.90
12099004601,7.86,20.80
12099004602,4.01,12.90
12099004702,7.66,9.60
12099004704,12.18,9.80
12099004705,8.45,12.30
12099004706,11.69,23.30
12099004809,32.11,42.10
12099004810,18.43,20.10
12099004811,13.25,25.20
12099004812,3.27,14.90
12099004813,1.58,29.00
12099004815,4.20,26.70
12099004816,26.60,25.10
12099004817,19.93,20.00
12099004818,30.77,17.40
12099004819,11.08,19.50
12099004902,8.73,56.60
12099004903,1.94,13.40
12099004904,14.82,12.70
12099005000,15.43,19.20
12099005101,9.50,7.10
12099005102,18.76,8.40
12099005202,9.62,13.60
12099005203,14.07,27.10
12099005204,17.58,25.90
12099005300,9.66,36.40
12099005405,0.00,59.70
12099005407,11.66,58.30
12099005409,11.21,66.70
12099005411,5.90,59.10
12099005501,8.15,16.40
12099005502,12.18,19.70
12099005601,8.84,12.30
12099005602,3.59,36.50
12099005701,9.67,9.40
12099005702,16.85,17.10
12099005807,4.56,19.70
12099005808,3.50,35.50
12099005810,35.07,18.40
12099005811,14.07,31.80
12099005812,4.61,25.00
12099005813,9.72,41.80
12099005814,8.14,8.80
12099005815,4.10,19.10
12099005816,6.86,23.50
12099005817,1.63,29.80
12099005903,3.61,42.40
12099005915,7.61,37.50
12099005916,5.19,35.90
12099005917,4.41,43.40
12099005918,6.12,32.00
12099005921,5.20,36.60
12099005922,13.76,35.50
12099005923,16.58,43.00
12099005926,11.79,42.60
12099005930,27.40,31.80
12099005931,21.43,33.20
12099005933,27.21,24.00
12099005934,20.42,37.20
12099005935,32.14,44.00
12099005936,42.88,34.30
12099005937,0.00,65.60
12099005938,14.48,38.60
12099005939,31.23,25.20
12099005940,42.06,32.50
12099005942,18.16,64.00
12099005943,48.95,26.50
12099005944,42.44,24.40
12099005945,17.09,50.20
12099005946,5.78,44.10
12099005947,20.43,45.40
12099005949,3.06,53.50
12099005950,9.77,52.80
12099005951,11.43,29.10
12099005952,23.13,37.60
12099005953,6.18,39.40
12099005954,21.03,39.90
12099005955,6.28,50.60
12099005956,49.88,34.30
12099006005,15.63,24.60
12099006006,42.05,31.70
12099006007,10.95,31.50
12099006008,26.45,53.70
12099006009,55.19,21.50
12099006010,12.29,21.00
12099006011,6.33,26.10
12099006012,19.93,28.10
12099006100,21.26,20.00
12099006201,9.10,15.70
12099006202,21.54,37.90
12099006203,17.64,17.80
12099006300,12.85,35.90
12099006401,5.47,54.10
12099006402,17.06,57.50
12099006501,11.97,26.20
12099006502,7.69,41.50
12099006602,0.00,56.00
12099006603,5.51,45.70
12099006604,5.42,29.80
12099006605,9.43,34.00
12099006700,14.53,20.00
12099006801,15.88,7.60
12099006802,5.21,7.20
12099006906,10.97,33.40
12099006907,11.83,48.60
12099006908,18.65,36.60
12099006909,0.00,34.00
12099006910,4.78,31.20
12099006911,12.82,41.00
12099006912,5.11,53.40
12099007002,4.47,55.20
12099007005,0.00,64.20
12099007006,4.51,65.30
12099007007,2.43,76.70
12099007008,4.23,67.80
12099007009,2.83,68.50
12099007010,0.00,60.80
12099007011,3.50,64.30
12099007201,1.49,45.60
12099007202,8.71,52.60
12099007203,7.02,35.00
12099007301,8.88,49.80
12099007302,11.57,33.30
12099007407,0.00,59.20
12099007410,12.17,64.80
12099007412,0.00,61.70
12099007414,36.63,61.60
12099007416,6.49,62.20
12099007418,10.15,68.40
12099007420,9.09,55.90
12099007501,2.92,42.90
12099007504,9.95,45.30
12099007505,8.02,66.90
12099007602,12.25,33.80
12099007603,8.49,52.10
12099007604,3.93,45.00
12099007605,2.06,68.00
12099007607,6.84,47.70
12099007610,3.98,62.10
12099007612,3.96,46.90
12099007613,8.37,41.60
12099007614,4.78,43.10
12099007615,2.61,53.30
12099007616,26.32,54.30
12099007617,5.65,49.00
12099007618,6.76,57.60
12099007705,6.36,35.30
12099007710,6.32,33.60
12099007713,1.19,60.20
12099007716,11.65,36.90
12099007721,3.91,55.60
12099007723,0.00,52.10
12099007724,3.32,34.60
12099007725,3.13,36.00
12099007730,6.33,60.00
12099007731,4.42,45.50
12099007732,3.46,17.70
12099007733,5.68,36.40
12099007734,8.65,43.00
12099007735,1.78,50.30
12099007736,7.53,25.00
12099007738,10.29,29.80
12099007739,3.26,30.70
12099007740,16.06,34.00
12099007741,9.91,44.90
12099007742,17.69,32.30
12099007743,10.24,47.40
12099007744,10.43,35.60
12099007746,26.16,26.30
12099007747,14.46,37.60
12099007748,4.30,60.80
12099007749,5.14,36.40
12099007750,2.11,29.90
12099007751,5.62,41.90
12099007752,6.93,42.80
12099007753,10.92,55.80
12099007754,9.87,45.80
12099007756,3.49,37.80
12099007757,9.27,54.60
12099007758,6.11,40.60
12099007759,0.00,57.30
12099007760,7.19,45.80
12099007762,5.47,54.00
12099007763,8.11,49.30
12099007764,0.00,32.00
12099007765,2.06,50.30
12099007766,14.60,19.20
12099007767,5.41,26.90
12099007805,6.49,37.60
12099007808,3.74,25.90
12099007809,5.72,23.10
12099007812,18.85,19.00
12099007813,14.38,24.20
12099007814,9.97,56.50
12099007817,4.83,28.50
12099007818,0.00,39.00
12099007820,6.68,24.10
12099007821,3.34,14.00
12099007822,1.63,35.00
12099007823,4.66,38.80
12099007828,6.79,46.00
12099007830,2.82,50.60
12099007831,10.43,52.70
12099007832,34.40,26.20
12099007833,8.60,24.10
12099007834,12.22,55.90
12099007835,0.00,67.80
12099007836,6.29,45.70
12099007837,10.75,40.00
12099007838,4.91,34.50
12099007839,10.19,23.30
12099007908,9.71,18.70
12099007909,2.62,59.40
12099007910,11.54,24.50
12099007912,5.57,22.20
12099008001,21.73,6.30
12099008002,45.17,8.50
12099008101,5.46,8.40
12099008201,19.68,8.10
12099008202,16.15,9.00
12099008203,10.68,12.10
12099008301,5.61,1.70
12099008302,18.66,5.90
12101030101,29.51,15.90
12101030102,24.71,13.00
12101030202,28.98,25.70
12101030203,26.77,5.40
12101030204,26.50,11.70
12101030205,22.43,19.50
12101030301,40.45,22.20
12101030302,17.90,19.10
12101030303,19.93,32.10
12101030404,6.81,30.60
12101030405,20.64,10.30
12101030406,23.89,18.70
12101030407,24.95,15.20
12101030408,31.91,20.30
12101030409,28.88,14.20
12101030410,30.05,16.80
12101030411,26.52,10.90
12101030412,30.69,8.50
12101030501,7.03,10.30
12101030502,6.74,14.80
12101030601,29.18,10.60
12101030602,33.61,11.80
12101030700,30.39,6.10
12101030800,23.66,12.90
12101030901,20.82,15.70
12101030903,22.27,17.00
12101030904,17.54,19.50
12101030905,28.34,15.90
12101031003,38.86,14.90
12101031005,24.64,9.10
12101031006,21.28,10.10
12101031007,38.47,8.90
12101031008,31.14,16.00
12101031009,32.32,4.80
12101031010,11.68,10.80
12101031011,54.52,18.60
12101031012,32.98,16.20
12101031013,19.39,10.70
12101031014,26.16,10.50
12101031101,29.05,12.80
12101031102,46.62,13.50
12101031203,59.40,19.60
12101031204,45.99,21.80
12101031205,14.80,14.70
12101031206,28.35,7.30
12101031207,12.20,11.30
12101031208,16.62,24.90
12101031301,18.43,16.00
12101031302,10.27,29.50
12101031401,29.26,14.40
12101031404,42.46,11.80
12101031405,10.10,8.20
12101031406,28.20,11.00
12101031407,55.37,7.00
12101031408,30.03,17.40
12101031409,12.16,14.90
12101031503,10.10,12.20
12101031504,10.82,27.60
12101031505,13.41,19.40
12101031506,7.75,21.20
12101031507,3.48,34.40
12101031508,10.26,38.50
12101031601,12.24,34.80
12101031602,7.54,35.30
12101031603,3.26,41.50
12101031604,4.74,35.60
12101031605,17.90,36.10
12101031701,39.39,25.20
12101031703,28.73,7.10
12101031704,10.57,20.60
12101031705,30.02,18.90
12101031706,23.20,37.40
12101031707,2.64,32.70
12101031708,30.11,27.70
12101031804,25.37,23.60
12101031805,21.48,18.00
12101031806,30.93,11.50
12101031807,31.62,6.40
12101031808,12.71,19.00
12101031809,21.49,14.20
12101031901,26.34,22.30
12101031902,9.55,31.40
12101031903,6.41,28.90
12101032001,6.37,37.20
12101032005,26.38,26.90
12101032006,7.35,31.40
12101032007,13.86,31.10
12101032008,7.65,35.70
12101032009,7.61,34.30
12101032010,6.26,42.70
12101032011,6.30,41.50
12101032012,5.08,34.80
12101032013,12.18,37.40
12101032014,10.07,37.00
12101032103,10.04,30.40
12101032104,8.25,35.70
12101032105,4.79,37.90
12101032106,3.58,49.80
12101032107,3.36,45.40
12101032108,19.61,18.90
12101032109,2.67,43.50
12101032110,0.00,41.60
12101032111,8.35,50.30
12101032112,4.81,46.70
12101032113,4.73,42.80
12101032200,23.44,37.20
12101032300,7.77,26.80
12101032401,31.95,17.00
12101032402,23.47,8.20
12101032500,18.47,15.70
12101032601,53.99,8.30
12101032602,29.43,21.00
12101032700,58.10,8.70
12101032801,23.92,21.50
12101032802,28.18,16.20
12101032803,50.08,13.80
12101032804,33.82,13.60
12101032901,15.45,22.20
12101032902,0.00,25.60
12101032903,56.18,6.10
12101032904,16.21,7.90
12101033005,30.33,18.80
12101033006,9.12,16.90
12101033007,32.73,9.30
12101033008,26.77,15.50
12101033009,35.59,12.00
12101033010,22.89,8.00
12101033011,17.21,15.70
12101033012,30.32,4.50
12101033013,31.37,10.20
12101033014,16.93,6.60
12101033101,40.27,10.50
12101033102,21.71,10.10
12103020101,20.25,15.20
12103020105,17.33,48.50
12103020106,8.43,60.80
12103020107,12.14,61.00
12103020108,14.46,47.30
12103020201,32.84,41.90
12103020202,14.04,34.70
12103020206,21.48,32.90
12103020207,22.49,34.40
12103020208,20.64,23.40
12103020209,27.31,37.50
12103020301,36.26,23.60
12103020302,12.50,37.00
12103020400,8.00,40.90
12103020500,43.55,10.10
12103020600,50.04,18.40
12103020700,40.43,15.50
12103020800,30.86,11.30
12103021200,28.46,5.10
12103021500,27.18,50.50
12103021600,24.63,28.20
12103021800,31.50,25.40
12103021900,18.10,26.10
12103022000,16.48,10.30
12103022100,19.02,25.60
12103022200,14.21,20.70
12103022301,13.07,15.80
12103022302,18.92,33.50
12103022401,19.15,49.60
12103022402,16.02,37.50
12103022501,4.04,23.10
12103022502,30.17,23.90
12103022503,26.07,41.80
12103022601,28.60,23.00
12103022602,10.56,22.40
12103022700,19.25,30.00
12103022801,22.82,19.70
12103022802,13.36,25.10
12103022901,17.54,30.20
12103022902,16.04,16.50
12103023000,16.10,15.90
12103023100,43.38,21.20
12103023200,13.97,41.80
12103023300,4.25,39.70
12103023400,29.85,28.50
12103023500,12.30,37.80
12103023600,13.04,54.80
12103023700,3.76,67.50
12103023800,8.07,59.20
12103023900,19.59,39.90
12103024001,12.38,75.00
12103024002,11.02,42.60
12103024004,11.36,57.60
12103024005,15.69,47.00
12103024100,24.41,24.60
12103024200,13.55,23.20
12103024301,11.73,19.40
12103024302,19.85,29.20
12103024403,14.11,19.10
12103024406,19.45,42.30
12103024408,21.03,20.20
12103024409,27.33,52.20
12103024410,16.56,24.50
12103024411,9.45,43.40
12103024412,4.84,52.60
12103024413,17.20,29.30
12103024505,23.39,17.00
12103024507,2.73,25.80
12103024508,16.12,18.80
12103024509,5.66,61.70
12103024510,13.57,10.10
12103024511,8.72,36.50
12103024512,18.42,15.40
12103024513,22.39,29.80
12103024514,10.82,17.00
12103024601,23.77,13.10
12103024602,37.16,11.60
12103024701,43.33,14.80
12103024702,9.81,15.10
12103024703,3.25,6.10
12103024801,30.13,16.80
12103024803,11.58,13.90
12103024804,44.17,13.40
12103024805,14.71,18.60
12103024901,14.11,17.30
12103024902,31.38,15.60
12103024904,26.15,23.00
12103024905,7.24,20.30
12103024906,20.58,18.80
12103025004,19.22,24.50
12103025007,28.93,22.60
12103025009,9.73,22.70
12103025010,37.51,22.20
12103025011,16.32,32.00
12103025012,20.27,32.60
12103025013,19.68,29.40
12103025014,16.26,21.30
12103025015,60.89,18.30
12103025016,20.40,45.00
12103025017,37.57,10.00
12103025018,37.16,10.30
12103025019,40.36,13.40
12103025106,20.50,19.20
12103025107,12.71,30.10
12103025108,26.73,28.00
12103025109,27.62,19.60
12103025110,23.82,40.90
12103025111,41.20,24.00
12103025112,24.89,21.10
12103025113,29.51,28.70
12103025114,33.55,17.30
12103025115,8.76,14.60
12103025116,22.34,21.10
12103025119,13.35,28.10
12103025120,2.93,43.90
12103025121,10.86,34.40
12103025122,5.39,38.80
12103025123,5.64,34.10
12103025203,21.39,36.50
12103025204,11.41,34.20
12103025205,18.17,33.70
12103025207,18.33,20.70
12103025208,23.49,24.70
12103025209,26.45,21.00
12103025303,32.50,23.90
12103025304,21.81,22.90
12103025305,44.67,14.70
12103025306,35.92,28.60
12103025307,14.57,13.30
12103025308,45.60,19.10
12103025401,10.63,39.20
12103025405,21.62,31.90
12103025407,14.21,30.00
12103025408,25.97,21.10
12103025411,0.00,15.10
12103025412,11.84,23.90
12103025413,34.82,20.30
12103025414,38.91,24.50
12103025415,9.38,17.10
12103025416,15.07,16.60
12103025417,37.91,19.50
12103025501,16.01,24.60
12103025503,50.29,21.40
12103025505,21.59,15.00
12103025506,16.19,16.10
12103025602,13.25,12.10
12103025603,11.68,15.50
12103025604,7.39,18.70
12103025700,15.07,62.60
12103025800,26.52,9.50
12103025900,32.23,25.30
12103026001,20.96,39.00
12103026002,0.00,42.30
12103026101,16.97,32.40
12103026102,15.08,24.80
12103026200,14.76,7.50
12103026300,11.66,14.30
12103026400,24.31,17.60
12103026500,9.56,25.10
12103026601,6.48,31.10
12103026602,12.38,20.40
12103026701,8.53,21.70
12103026702,10.48,24.70
12103026703,7.16,16.30
12103026804,14.45,21.20
12103026809,17.38,41.50
12103026811,4.80,51.00
12103026812,12.28,36.00
12103026813,8.16,46.70
12103026814,31.29,25.20
12103026815,10.19,47.60
12103026816,19.06,38.60
12103026817,9.85,47.30
12103026818,17.95,16.10
12103026819,9.49,20.10
12103026820,12.48,23.00
12103026821,20.76,33.00
12103026904,2.03,16.70
12103026907,17.39,26.20
12103026908,17.04,33.40
12103026909,20.12,27.00
12103026910,10.43,22.70
12103026911,31.97,30.80
12103026912,24.64,21.40
12103026913,16.32,30.70
12103027000,5.85,38.50
12103027101,10.10,29.80
12103027105,6.09,31.50
12103027106,8.62,40.90
12103027202,3.66,40.50
12103027204,10.25,26.90
12103027205,9.14,40.50
12103027206,7.45,34.50
12103027207,11.49,26.50
12103027208,7.02,37.60
12103027209,16.56,43.50
12103027210,6.72,36.70
12103027308,13.02,26.60
12103027309,0.00,47.50
12103027310,7.79,50.10
12103027314,18.89,35.90
12103027315,30.79,33.70
12103027316,20.53,38.00
12103027317,14.14,32.60
12103027318,4.93,26.60
12103027319,3.84,26.00
12103027320,0.00,26.80
12103027321,13.15,53.20
12103027322,10.93,36.70
12103027323,0.00,45.50
12103027324,10.05,47.80
12103027325,10.98,61.10
12103027326,8.18,32.50
12103027327,4.49,35.20
12103027401,17.33,21.10
12103027402,29.16,13.20
12103027403,18.43,21.40
12103027501,15.38,31.60
12103027502,13.90,35.40
12103027603,8.02,44.40
12103027604,21.94,50.80
12103027605,6.07,57.50
12103027606,5.89,45.50
12103027701,0.00,41.40
12103027703,25.75,46.80
12103027704,19.75,45.60
12103027801,19.65,46.80
12103027802,0.00,35.40
12103027901,12.72,45.50
12103027903,20.27,48.00
12103027904,9.98,37.30
12103028002,7.59,57.60
12103028003,17.78,44.40
12103028004,9.89,31.20
12103028102,32.10,41.20
12103028103,34.11,36.50
12103028104,21.41,32.90
12103028200,27.59,35.80
12103028300,8.33,22.60
12103028401,45.57,40.60
12103028402,16.04,46.20
12103028500,9.96,32.00
12103028600,21.49,48.00
12103028700,17.00,10.80
12105010300,13.28,12.70
12105010401,33.69,38.40
12105010402,10.49,32.50
12105010501,0.00,42.60
12105010502,18.99,46.20
12105010601,10.34,26.30
12105010603,2.83,41.70
12105010604,3.04,28.50
12105010701,14.09,20.40
12105010702,20.44,35.30
12105010800,12.90,20.00
12105010900,14.69,9.10
12105011000,20.70,9.70
12105011100,5.70,1.50
12105011202,22.11,7.80
12105011203,23.92,11.30
12105011204,35.78,18.60
12105011300,35.30,11.90
12105011400,40.93,13.70
12105011501,14.54,2.80
12105011502,20.57,29.00
12105011603,25.23,16.80
12105011604,18.60,8.20
12105011605,9.72,17.00
12105011606,5.40,7.20
12105011704,3.95,8.50
12105011721,17.83,4.10
12105011722,43.75,9.50
12105011731,8.87,10.60
12105011732,25.71,19.20
12105011821,3.27,50.70
12105011822,16.36,44.20
12105011832,10.88,21.20
12105011833,7.83,49.20
12105011834,12.55,31.90
12105011835,8.84,49.60
12105011836,19.95,31.70
12105011901,6.20,17.90
12105011902,10.16,9.90
12105011908,7.82,19.30
12105011909,12.83,29.10
12105011910,12.76,12.20
12105011911,6.61,23.20
12105011912,6.06,31.00
12105011913,11.40,10.70
12105012001,14.69,15.10
12105012002,30.62,13.40
12105012003,13.91,29.50
12105012004,8.57,23.90
12105012111,13.13,19.90
12105012113,10.80,19.20
12105012124,16.89,9.60
12105012125,15.99,7.60
12105012126,18.27,22.60
12105012127,11.01,23.00
12105012128,8.32,15.10
12105012129,9.90,26.10
12105012203,8.04,12.60
12105012204,17.67,18.20
12105012205,7.24,25.80
12105012206,17.66,27.40
12105012303,20.60,24.80
12105012304,7.12,30.70
12105012305,31.35,6.40
12105012306,4.39,15.20
12105012307,11.61,8.10
12105012309,22.01,8.90
12105012403,15.40,20.90
12105012404,4.19,5.70
12105012405,7.21,21.60
12105012406,6.68,25.60
12105012407,7.31,24.50
12105012408,12.53,30.50
12105012409,4.79,21.90
12105012410,11.61,11.70
12105012411,9.13,21.80
12105012502,4.87,16.90
12105012503,9.47,31.00
12105012504,14.04,19.70
12105012506,4.25,24.30
12105012507,5.10,23.10
12105012601,21.57,13.10
12105012602,10.79,3.40
12105012700,12.46,13.90
12105012802,14.03,33.50
12105012803,11.59,13.40
12105012804,25.80,14.30
12105012900,22.63,19.30
12105013001,21.48,27.00
12105013002,24.15,10.30
12105013101,0.00,29.50
12105013102,16.63,10.40
12105013103,42.83,5.40
12105013200,28.21,8.00
12105013300,33.70,5.10
12105013400,18.61,7.90
12105013500,33.41,25.30
12105013600,27.14,9.70
12105013701,26.23,13.10
12105013702,21.78,12.50
12105013801,16.87,9.40
12105013802,15.30,13.60
12105013901,25.15,12.30
12105013902,30.02,29.50
12105014001,5.82,23.00
12105014003,8.41,18.20
12105014005,17.69,30.10
12105014006,9.78,32.80
12105014103,6.45,10.70
12105014104,28.82,11.70
12105014105,12.84,15.00
12105014121,4.20,19.90
12105014123,12.54,22.60
12105014124,21.39,14.90
12105014125,21.66,12.00
12105014201,19.14,13.80
12105014202,26.54,24.30
12105014203,24.04,13.30
12105014301,12.64,8.40
12105014302,15.37,24.20
12105014400,11.38,22.00
12105014501,13.05,11.40
12105014502,7.07,3.50
12105014600,13.26,4.90
12105014701,20.33,18.40
12105014702,13.77,14.70
12105014802,23.51,11.60
12105014803,0.00,34.10
12105014804,10.50,30.10
12105014901,8.23,24.00
12105014902,14.31,8.40
12105015000,15.32,16.10
12105015101,14.89,20.20
12105015102,13.88,33.00
12105015200,26.86,14.20
12105015301,22.38,9.70
12105015302,17.44,10.40
12105015401,21.21,13.50
12105015402,20.84,15.10
12105015404,8.48,22.10
12105015405,18.75,15.90
12105015500,29.13,8.80
12105015600,6.69,13.50
12105015701,21.83,14.10
12105015702,15.26,9.50
12105015801,23.36,14.80
12105015802,20.68,6.10
12105015900,9.30,9.70
12105016001,32.91,17.00
12105016002,10.82,8.00
12105016003,18.12,11.20
12105016100,19.49,9.20
12105016400,36.61,12.30
12107950100,33.10,19.00
12107950201,32.83,7.90
12107950202,19.27,7.30
12107950300,34.57,14.80
12107950400,25.40,16.80
12107950500,19.80,10.30
12107950600,51.23,17.40
12107950700,33.93,5.80
12107950800,24.42,10.60
12107950900,55.10,14.60
12107951000,34.13,18.50
12107951100,46.17,9.40
12107951200,53.12,14.70
12107951300,31.61,12.50
12107951401,34.26,10.90
12107951402,19.60,5.20
12109020200,12.00,39.50
12109020300,5.52,20.50
12109020400,3.00,38.30
12109020500,12.81,50.70
12109020601,7.44,50.90
12109020602,3.85,51.40
12109020704,18.30,61.50
12109020705,6.80,61.50
12109020706,0.00,65.40
12109020707,13.53,44.70
12109020708,0.00,67.30
12109020710,0.00,71.90
12109020711,0.00,60.30
12109020801,11.40,60.60
12109020802,7.34,51.30
12109020803,2.12,43.40
12109020804,7.82,44.50
12109020805,4.08,52.60
12109020806,5.16,60.10
12109020807,10.22,55.30
12109020901,10.24,29.70
12109020902,5.90,43.50
12109021002,8.68,15.30
12109021003,16.70,12.10
12109021004,7.47,31.40
12109021101,22.96,10.90
12109021102,11.86,26.00
12109021103,16.16,14.60
12109021203,12.07,24.10
12109021204,21.57,29.40
12109021205,0.00,45.70
12109021206,15.81,29.30
12109021301,19.06,32.60
12109021302,17.46,31.00
12109021403,0.00,53.10
12109021404,3.18,39.20
12109021405,5.06,49.10
12109021406,9.24,51.20
12109021407,12.41,44.00
12111380100,41.32,11.00
12111380200,19.08,9.60
12111380300,34.73,5.90
12111380400,22.66,6.90
12111380500,22.58,9.40
12111380600,9.41,7.40
12111380700,13.60,17.50
12111380800,23.49,10.30
12111380901,28.64,6.00
12111380902,18.79,13.70
12111381000,0.00,22.20
12111381101,12.08,12.30
12111381102,4.20,22.20
12111381204,20.59,42.00
12111381300,11.13,41.40
12111381401,23.38,14.70
12111381402,12.78,15.50
12111381502,16.77,20.50
12111381503,13.79,11.80
12111381601,16.13,19.00
12111381602,37.91,20.20
12111381603,26.39,17.10
12111381701,6.80,36.90
12111381702,18.94,20.70
12111381802,29.93,12.80
12111381803,20.61,16.00
12111381804,19.36,13.10
12111381900,15.29,31.80
12111382002,10.50,14.40
12111382003,15.42,18.50
12111382006,6.16,27.80
12111382007,11.51,10.70
12111382008,7.91,15.10
12111382009,20.51,15.50
12111382010,35.16,10.00
12111382106,6.76,15.00
12111382108,15.63,28.60
12111382109,6.73,44.70
12111382110,16.71,19.40
12111382111,6.50,18.70
12111382112,8.45,18.50
12111382113,6.83,14.20
12111382200,17.49,26.60
12113010100,25.63,13.70
12113010200,8.86,20.30
12113010300,6.27,36.40
12113010400,3.86,18.60
12113010502,10.86,18.60
12113010503,16.09,22.20
12113010504,10.13,32.00
12113010600,29.07,14.20
12113010702,13.87,36.40
12113010704,9.91,26.90
12113010705,24.43,19.90
12113010706,12.08,18.60
12113010707,4.68,44.30
12113010708,3.35,28.30
12113010802,8.12,23.50
12113010808,9.38,6.50
12113010809,19.60,14.00
12113010811,6.54,26.20
12113010812,6.03,46.90
12113010813,10.16,34.80
12113010814,9.76,34.50
12113010815,9.95,28.20
12113010817,7.48,31.50
12113010819,11.41,28.10
12113010900,14.40,56.20
12115000101,21.08,59.10
12115000102,4.30,27.30
12115000200,20.37,27.20
12115000300,40.67,5.50
12115000401,2.40,28.70
12115000404,15.33,38.40
12115000405,5.21,26.60
12115000406,14.67,14.00
12115000407,18.51,29.90
12115000501,5.79,59.50
12115000502,8.36,32.40
12115000503,16.75,17.80
12115000601,8.61,64.40
12115000602,5.24,39.30
12115000700,3.52,63.30
12115000801,0.00,66.80
12115000802,14.50,66.50
12115000900,8.88,60.90
12115001000,8.15,17.40
12115001101,11.48,21.30
12115001102,17.73,11.50
12115001201,11.33,39.50
12115001202,13.79,19.30
12115001203,18.25,53.70
12115001204,9.54,41.60
12115001301,15.69,26.20
12115001302,9.77,26.50
12115001303,0.00,40.60
12115001304,18.95,44.80
12115001401,2.39,50.00
12115001402,6.39,24.30
12115001403,7.29,50.20
12115001503,0.00,19.30
12115001504,3.20,19.60
12115001505,8.37,18.00
12115001506,12.79,40.40
12115001507,11.82,39.60
12115001601,0.00,35.00
12115001602,15.64,39.70
12115001702,15.37,35.60
12115001703,9.41,25.20
12115001704,7.40,26.70
12115001801,5.65,56.80
12115001803,15.36,27.20
12115001804,21.49,31.40
12115001805,5.71,32.80
12115001903,6.41,63.80
12115001904,16.37,58.20
12115001905,8.56,62.30
12115001907,0.00,65.20
12115001908,10.20,48.90
12115002003,7.23,19.00
12115002004,17.84,27.90
12115002005,15.13,41.80
12115002007,4.22,47.90
12115002008,20.19,57.00
12115002009,2.72,50.70
12115002010,15.87,52.40
12115002100,10.28,51.50
12115002201,9.62,20.90
12115002202,15.99,37.20
12115002203,11.95,27.10
12115002302,20.58,21.70
12115002303,17.83,39.90
12115002304,4.37,44.60
12115002305,28.11,51.70
12115002401,11.29,47.00
12115002402,13.56,30.10
12115002504,30.11,23.90
12115002505,12.77,26.50
12115002507,18.49,20.90
12115002508,2.98,18.90
12115002509,16.97,23.90
12115002510,18.12,26.50
12115002511,3.31,34.10
12115002601,18.27,35.20
12115002602,10.76,32.00
12115002603,11.25,22.30
12115002604,18.42,20.50
12115002605,39.15,18.80
12115002710,15.21,12.00
12115002711,15.18,24.00
12115002712,5.81,19.20
12115002713,8.01,39.20
12115002714,17.26,36.80
12115002715,15.56,34.40
12115002716,5.39,42.10
12115002718,17.55,38.10
12115002719,12.64,45.90
12115002720,13.37,47.00
12115002721,24.49,19.00
12115002722,14.18,20.40
12115002723,23.75,14.80
12115002724,44.39,18.70
12117020101,35.82,25.30
12117020102,65.06,31.10
12117020201,43.71,23.40
12117020202,26.55,17.10
12117020301,20.14,22.20
12117020302,29.24,5.00
12117020401,27.54,8.00
12117020402,28.16,26.20
12117020500,20.58,4.40
12117020600,9.37,37.50
12117020701,9.23,51.90
12117020703,3.12,69.60
12117020704,4.64,56.10
12117020705,26.20,42.30
12117020803,15.61,38.00
12117020805,13.08,53.00
12117020806,1.47,39.60
12117020807,7.07,27.70
12117020808,0.00,41.70
12117020810,8.60,40.70
12117020811,7.51,37.60
12117020812,23.62,37.10
12117020901,11.94,17.10
12117020902,34.52,13.60
12117020903,18.27,16.40
12117021000,4.09,34.70
12117021100,36.84,17.60
12117021201,10.34,29.50
12117021203,5.87,50.30
12117021204,9.60,45.70
12117021306,4.57,49.80
12117021307,5.06,44.10
12117021311,10.60,38.30
12117021312,2.36,49.80
12117021313,8.65,53.40
12117021314,9.24,37.80
12117021315,14.11,30.00
12117021316,4.68,63.30
12117021317,4.21,56.50
12117021318,7.72,47.80
12117021319,0.00,40.20
12117021320,6.87,45.40
12117021321,11.68,31.60
12117021401,11.62,27.40
12117021403,9.00,47.40
12117021404,14.91,33.10
12117021502,21.55,20.10
12117021503,16.99,18.40
12117021504,38.05,40.70
12117021505,6.37,31.90
12117021506,12.88,32.10
12117021604,11.52,45.10
12117021606,18.70,34.30
12117021608,14.51,31.90
12117021609,6.89,62.50
12117021611,0.00,52.20
12117021612,12.13,55.20
12117021613,6.01,35.50
12117021614,11.54,35.90
12117021615,6.07,34.60
12117021616,5.57,48.90
12117021704,16.74,29.60
12117021705,18.27,27.10
12117021706,6.42,47.40
12117021707,14.10,37.20
12117021708,8.23,34.50
12117021802,26.33,27.00
12117021803,19.54,34.70
12117021805,6.02,60.80
12117021806,23.24,43.20
12117021901,10.13,41.50
12117021902,20.02,25.90
12117022001,15.80,23.20
12117022002,18.60,27.60
12117022004,19.22,38.80
12117022005,13.13,33.70
12117022101,22.02,16.80
12117022104,13.01,22.70
12117022105,14.11,28.00
12117022106,3.59,37.40
12117022201,11.95,39.50
12117022205,3.11,44.70
12117022206,13.29,33.80
12117022207,4.35,40.10
12117022208,6.64,29.00
12117022209,21.11,24.40
12119910100,24.91,13.60
12119910300,20.23,5.10
12119910401,30.78,9.20
12119910402,19.82,10.80
12119910500,10.18,15.40
12119910601,22.76,13.20
12119910602,13.36,8.90
12119910700,19.47,11.30
12119910800,45.63,32.40
12119910900,0.00,5.40
12119911000,0.00,1.00
12119911200,15.90,42.80
12119911301,34.19,18.00
12119911302,61.60,5.10
12119911400,22.28,44.20
12119911500,10.28,17.50
12119911701,31.83,34.60
12119911702,32.51,28.70
12121970100,19.48,12.00
12121970200,22.64,16.20
12121970301,28.77,11.40
12121970302,25.88,14.80
12121970400,16.94,18.60
12121970500,14.31,11.20
12121970600,22.81,11.80
12123950100,34.16,11.10
12123950200,35.20,10.40
12123950300,53.66,15.40
12123950400,15.98,3.00
12125960100,13.44,7.00
12125960200,14.69,7.20
12125960300,19.54,11.90
12127080100,22.18,34.20
12127080201,50.54,37.20
12127080202,20.70,29.80
12127080300,17.21,25.10
12127080400,8.93,40.10
12127080500,23.44,23.50
12127080600,30.79,19.20
12127080700,14.21,24.50
12127080803,25.78,25.80
12127080804,31.23,21.60
12127080805,41.51,14.10
12127080806,3.52,37.60
12127080807,21.77,35.40
12127080901,59.04,14.90
12127080902,15.51,7.80
12127081000,34.97,16.90
12127081101,29.19,31.60
12127081102,40.88,30.50
12127081200,17.11,22.10
12127081300,16.96,34.30
12127081500,39.84,11.30
12127081600,40.62,10.00
12127081700,31.75,9.90
12127081800,29.91,13.00
12127081900,36.57,15.80
12127082000,40.44,13.20
12127082100,27.75,13.00
12127082201,44.50,14.80
12127082202,16.25,18.50
12127082301,30.84,22.20
12127082401,32.49,19.20
12127082404,26.18,13.70
12127082405,18.11,16.50
12127082406,10.39,27.50
12127082410,26.11,21.30
12127082411,14.78,39.20
12127082412,26.31,19.00
12127082413,20.62,22.00
12127082414,18.88,14.70
12127082415,22.26,15.80
12127082503,22.00,16.10
12127082506,22.35,17.90
12127082507,23.87,20.10
12127082508,11.26,32.60
12127082509,14.11,29.20
12127082510,29.78,12.70
12127082511,19.90,15.80
12127082604,12.06,36.10
12127082605,20.65,40.60
12127082606,9.53,37.70
12127082607,8.74,31.30
12127082701,10.44,51.80
12127082703,20.63,39.10
12127082704,13.15,43.40
12127082705,117.89,33.60
12127082801,26.92,25.90
12127082802,41.44,24.10
12127082902,22.70,17.50
12127082903,29.99,15.10
12127082904,31.88,37.70
12127083003,35.99,15.10
12127083005,22.10,20.20
12127083006,23.84,12.20
12127083007,13.77,12.80
12127083008,38.14,10.00
12127083009,13.72,13.40
12127083203,8.06,35.30
12127083205,5.65,40.10
12127083206,3.29,11.50
12127083207,12.14,36.20
12127083208,13.56,40.60
12127083209,8.13,25.30
12127090101,10.18,15.90
12127090102,16.63,11.80
12127090202,17.33,23.50
12127090203,9.27,15.80
12127090204,12.93,19.80
12127090303,18.09,16.30
12127090304,8.50,25.20
12127090305,2.69,19.50
12127090306,11.45,42.10
12127090307,12.80,29.10
12127090400,12.46,30.20
12127090500,22.59,18.30
12127090600,19.55,12.70
12127090701,16.15,23.20
12127090702,30.83,21.00
12127090803,16.09,21.80
12127090804,19.42,13.00
12127090805,46.67,21.70
12127090806,20.00,20.50
12127090902,19.36,27.20
12127090903,27.58,26.60
12127090904,14.56,28.00
12127091001,13.78,23.70
12127091005,34.36,11.40
12127091013,12.04,14.30
12127091015,24.74,14.80
12127091016,19.14,11.90
12127091017,12.87,16.50
12127091018,8.90,17.60
12127091019,19.44,17.50
12127091020,20.71,11.60
12127091021,12.53,11.20
12127091022,18.09,17.90
12127091023,9.81,14.40
12127091024,16.62,14.50
12127091025,16.98,26.40
12127091026,14.71,22.40
12127091027,14.75,16.60
12127091028,14.50,11.00
12127091029,13.69,26.60
12127092500,30.35,23.50
12129010100,15.37,19.20
12129010201,11.84,23.80
12129010202,8.62,12.20
12129010203,8.92,17.00
12131950101,9.75,7.60
12131950102,24.44,12.50
12131950200,25.28,12.90
12131950301,27.59,10.00
12131950302,11.13,24.10
12131950400,23.06,10.30
12131950501,8.91,10.70
12131950502,6.49,29.20
12131950601,4.67,38.40
12131950602,6.39,51.70
12131950603,11.07,49.20
12133970102,18.24,20.60
12133970103,44.08,14.70
12133970104,38.46,14.90
12133970200,33.69,6.80
12133970301,52.78,12.90
12133970302,10.37,7.80
12133970303,22.04,11.50
