<?xml version="1.0"?>
<metadata><Esri><CreaDate>20190325</CreaDate><CreaTime>12074800</CreaTime><SyncOnce>TRUE</SyncOnce><DataProperties><itemProps><itemLocation><linkage Sync="TRUE">file://\\V18OVHRTTF760\D$\Public\Data\projects\EnviroAtlas_Public\EDG_Download_STG\National\CONUS_metrics_Mar2019_METADATA\BigGameHunting_RecreationDemand</linkage><protocol Sync="TRUE">Local Area Network</protocol></itemLocation></itemProps><copyHistory><copy source="D:\Public\Data\projects\EnviroAtlas_Public\FGDBs4EDG\CONUS\CONUS_metrics_October2017_METADATA\CONUS_metrics_October2017_METADATA\TableMetadata\BigGameHunting_RecreationDemand" dest="\\V18OVHRTTF760\D$\Public\Data\projects\EnviroAtlas_Public\EDG_Download_STG\National\CONUS_metrics_Mar2019_METADATA\BigGameHunting_RecreationDemand" date="20190325" time="12074800"></copy></copyHistory></DataProperties></Esri><idinfo><keywords><theme><themekt>ISO 19115 Topic Category</themekt><themekey>environment</themekey></theme><theme><themekt>EPA GIS Keyword Thesaurus</themekt><themekey>Conservation</themekey><themekey>Ecosystem</themekey><themekey>Environment</themekey><themekey>Recreation</themekey></theme><theme><themekt>EnviroAtlas</themekt><themekey>12-digit HUCs</themekey><themekey>Boundaries</themekey><themekey>Conservation</themekey><themekey>Demand for Ecosystem Services</themekey><themekey>Ecosystem Services</themekey><themekey>EnviroAtlas</themekey><themekey>Environment</themekey><themekey>Environmental Atlas</themekey><themekey>Recreation</themekey></theme><place><placekt>None</placekt><placekey>Alabama</placekey><placekey>Arizona</placekey><placekey>Arkansas</placekey><placekey>California</placekey><placekey>Colorado</placekey><placekey>Connecticut</placekey><placekey>Delaware</placekey><placekey>Florida</placekey><placekey>Georgia</placekey><placekey>Idaho</placekey><placekey>Illinois</placekey><placekey>Indiana</placekey><placekey>Iowa</placekey><placekey>Kansas</placekey><placekey>Kentucky</placekey><placekey>Louisiana</placekey><placekey>Maine</placekey><placekey>Maryland</placekey><placekey>Massachusetts</placekey><placekey>Michigan</placekey><placekey>Minnesota</placekey><placekey>Mississippi</placekey><placekey>Missouri</placekey><placekey>Montana</placekey><placekey>Nebraska</placekey><placekey>Nevada</placekey><placekey>New Hampshire</placekey><placekey>New Jersey</placekey><placekey>New Mexico</placekey><placekey>New York</placekey><placekey>North Carolina</placekey><placekey>North Dakota</placekey><placekey>Ohio</placekey><placekey>Oklahoma</placekey><placekey>Oregon</placekey><placekey>Pennsylvania</placekey><placekey>Rhode Island</placekey><placekey>South Carolina</placekey><placekey>South Dakota</placekey><placekey>Tennessee</placekey><placekey>Texas</placekey><placekey>United States</placekey><placekey>Utah</placekey><placekey>Vermont</placekey><placekey>Virginia</placekey><placekey>Washington</placekey><placekey>Washington DC</placekey><placekey>West Virginia</placekey><placekey>Wisconsin</placekey><placekey>Wyoming</placekey></place></keywords><citation><citeinfo><origin>US Environmental Protection Agency (US EPA)</origin><title>EnviroAtlas - Big Game Hunting Recreation Demand by 12-Digit HUC in the Conterminous United States</title><pubinfo><publish>U.S. EPA Office of Research &amp; Development (ORD) - National Exposure Research Laboratory (NERL)</publish><pubplace>Research Triangle Park, NC</pubplace></pubinfo><pubdate>20160613</pubdate><onlink>https://edg.epa.gov/data/PUBLIC/ORD/ENVIROATLAS/National</onlink><onlink>https://enviroatlas.epa.gov/arcgis/rest/services/National/National2016_master/MapServer</onlink><onlink>https://www.epa.gov/enviroatlas/enviroatlas-data</onlink><onlink>https://www.epa.gov/enviroatlas</onlink></citeinfo></citation><timeperd><current>Publication date</current><timeinfo><mdattim><sngdate><caldate>2010</caldate></sngdate><sngdate><caldate>2011</caldate></sngdate></mdattim></timeinfo></timeperd><status><progress>Complete</progress><update>As needed</update></status><spdom><bounding><westbc>-128.02839229</westbc><eastbc>-65.20336449</eastbc><northbc>51.6773602</northbc><southbc>22.7348894</southbc></bounding></spdom><accconst>None.</accconst><useconst>None. Please check sources, scale, accuracy, currency and other available information. Please confirm that you are using the most recent copy of both data and metadata.  Acknowledgement of the EPA would be appreciated.</useconst><descript><abstract>This EnviroAtlas dataset includes the total number of recreational days per year demanded by people ages 18 and over for big game hunting by location in the contiguous United States. Big game includes deer, elk, bear, and wild turkey. These values are based on 2010 population distribution, 2011 U.S. Fish and Wildlife Service (FWS) Fish, Hunting, and Wildlife-Associated Recreation (FHWAR) survey data, and 2011 U.S. Department of Agriculture (USDA) Forest Service National Visitor Use Monitoring program data, and have been summarized by 12-digit hydrologic unit code (HUC). This dataset was produced by the US EPA to support research and online mapping activities related to the EnviroAtlas. EnviroAtlas (https://www.epa.gov/enviroatlas) allows the user to interact with a web-based, easy-to-use, mapping application to view and analyze multiple ecosystem services for the contiguous United States. The dataset is available as downloadable data (https://edg.epa.gov/data/Public/ORD/EnviroAtlas) or as an EnviroAtlas map service. Additional descriptive information about each attribute in this dataset can be found in its associated EnviroAtlas Fact Sheet (https://www.epa.gov/enviroatlas/enviroatlas-fact-sheets).</abstract><purpose>The map, Big Game Hunting Recreation Demand, illustrates the estimated demand for recreational hunting of deer, elk, bear, and wild turkey in the contiguous U.S. Other EnviroAtlas maps show the recreation demand for bird watching, freshwater fishing, and migratory bird hunting for each 12-digit HUC. Used together or independently, these maps can help identify the estimated demand for recreational activity to inform decisions about land conservation for hunting, fishing or bird watching. The overall goal of EnviroAtlas is to employ and develop the best available science to map indicators of ecosystem services production, demand, and drivers for the nation.</purpose><supplinf>EnviroAtlas uses the best data available, but there are still limitations associated with these data. These data are limited to individuals over the age of 18 taking day trips for big game hunting. This layer does not provide information about individuals taking over-night trips. Willingness to travel for big game hunting was calculated using visitor use data from National Forest and Grassland sites and therefore might not be representative of people who hunt on state or private land. Also, these data did not take into account infrastructure or geographical features (i.e. roads, cities, recreational destinations, restricted areas, etc.). Therefore, recreation demand may be higher or lower in certain areas depending on the proximity of recreation destinations and ease of access. Modeled data are intended to complement rather than replace monitoring data. This recreation demand model does not provide information on the actual amount of recreation in an area, but rather predicts the expected demand for big game hunting in a given location.</supplinf></descript><secinfo><secsys>https://project-open-data.github.io/schema/#accessLevel</secsys><secclass>public</secclass><sechandl>Standard Technical Controls</sechandl></secinfo><ptcontac><cntinfo><cntperp><cntorg>U.S. Environmental Protection Agency, Office of Research and Development-Sustainable and Healthy Communities Research Program, EnviroAtlas</cntorg><cntper>EnviroAtlas Coordinator</cntper></cntperp><cntpos>Geospatial Data Owner</cntpos><cntaddr><addrtype>mailing and physical address</addrtype><address>109 T.W. Alexander Drive</address><city>Research Triangle Park</city><state>NC</state><postal>27709</postal></cntaddr><cntvoice>(919) 541-3832</cntvoice><cntemail>EnviroAtlas@epa.gov</cntemail><cntinst>https://www.epa.gov/enviroatlas</cntinst></cntinfo></ptcontac></idinfo><dataqual><logic>Tests for integrity have not been performed.</logic><complete>Features represented have not been tested for completeness</complete><posacc><horizpa><horizpar>Data were collected using methods that have unknown accuracy (EPA National Geospatial Data Policy [NGDP] Accuracy Tier 10). For more information, please see EPA's NGDP at https://epa.gov/geospatial/policies.html</horizpar></horizpa></posacc><lineage><procstep><procdate>20141124</procdate><procdesc>Acquired the 2011 FHWAR dataset from USFWS.</procdesc></procstep><procstep><procdate>20141124</procdate><procdesc>Acquired the 2011 National Visitor Use Monitoring Program data from USDA.</procdesc></procstep><procstep><procdate>20141125</procdate><procdesc>Determined regional big game hunting participation rate for 1) urban white non-Hispanic, 2) urban non-white and Hispanic, 3) rural white non-Hispanic, and 4) rural non-white and Hispanic using 2011 USFWS FHWAR data.</procdesc></procstep><procstep><procdate>20141126</procdate><procdesc>Regional participation rates were applied to the EnviroAtlas dasymetric population dataset, which reallocates 2010 population from census blocks to 30 meter pixels based on land cover and slope, to determine number of participants by location for each demographic group.</procdesc></procstep><procstep><procdate>20141128</procdate><procdesc>Summed the urban white non-Hispanic with the urban non-white and Hispanic to create a single urban participants layer and summed the rural white non-Hispanic with the rural non-white and Hispanic to create a single rural participants layer using the Raster Calculator.</procdesc></procstep><procstep><procdate>20141201</procdate><procdesc>Survey-derived weighted average days of hunting per participant per year were determined for each region and demographic group from the 2011 USFWS FHWAR dataset. </procdesc></procstep><procstep><procdate>20141202</procdate><procdesc>Multiplied the average regional participation rates by number of participants to estimate total days per year of big game hunting.</procdesc></procstep><procstep><procdate>20141204</procdate><procdesc>Multiplied the total days per year of big game hunting data by the proportion of the state-level population that was over age 18 to estimate big game hunting for the adult population using the Raster Calculator. The resulting layers were the rural and urban days demanded by origin (DDO) for big game hunting by the adult population. </procdesc></procstep><procstep><procdate>20141208</procdate><procdesc>Aggregated the DDO layers to a 480 meter cell to enhance processing efficiency using the Aggregate tool. </procdesc></procstep><procstep><procdate>20141210</procdate><procdesc>Created a 1-dimensional probability density function (PDF) showing probability as a function of distance from the origin point using the 2011 USDA Forest Service National Visitor Use Monitoring (NVUM) data.</procdesc></procstep><procstep><procdate>20141210</procdate><procdesc>Integrated the 1-D PDF over individual map cells in eight directions to create a 2-dimensional probability surface for rural and urban big game hunting.</procdesc></procstep><procstep><procdate>20141211</procdate><procdesc>Applied the 2-D kernel density estimator to the DDO map to generate a distributed days demanded map for both rural and urban big game hunting using Numpy.</procdesc></procstep><procstep><procdate>20150108</procdate><procdesc>Summed the rural and urban surface to create a total distributed days demanded layer for big game hunting using the Raster Calculator. </procdesc></procstep><procstep><procdate>20150309</procdate><procdesc>Summarized the recreation demand for big game hunting values by 12-digit HUC using the Zonal Statistics Tool.</procdesc></procstep><procstep><procdate>20150310</procdate><procdesc>Eight of the 12-digit HUCs did not contain any cell center of the recreation demand data and therefore, were ignored in the zonal statistics calculations. An average area weighted calculation was used to approximate the total recreation demand for HUCs 090100080102, 010500021104, 031700090802, 010500040701, 010500021107, 010500040903, 010600030103, 010600030206.</procdesc></procstep></lineage></dataqual><spref><horizsys><planar><planci><plance>coordinate pair</plance><plandu>meters</plandu><coordrep><absres>0.000001</absres><ordres>0.000001</ordres></coordrep></planci><mapproj><mapprojn>Albers Conical Equal Area</mapprojn><albers><stdparll>29.500000</stdparll><stdparll>45.500000</stdparll><longcm>-96.000000</longcm><latprjo>23.000000</latprjo><feast>0.000000</feast><fnorth>0.000000</fnorth></albers></mapproj></planar><geodetic><horizdn>North American Datum of 1983</horizdn><ellips>Geodetic Reference System 80</ellips><semiaxis>6378137.000000</semiaxis><denflat>298.257222</denflat></geodetic></horizsys></spref><distinfo><resdesc>Downloadable Data</resdesc><distliab>https://edg.epa.gov/EPA_Data_License.html</distliab><distrib><cntinfo><cntorgp><cntorg>U.S. Environmental Protection Agency, Office of Research and Development-Sustainable and Healthy Communities Research Program, EnviroAtlas</cntorg><cntper>EnviroAtlas Coordinator</cntper></cntorgp><cntpos>Geospatial Data Owner</cntpos><cntaddr><addrtype>mailing and physical address</addrtype><address>109 T.W. Alexander Drive</address><city>Research Triangle Park</city><state>NC</state><postal>27709</postal></cntaddr><cntvoice>(919) 541-3832</cntvoice><cntemail>EnviroAtlas@epa.gov</cntemail><cntinst>https://www.epa.gov/enviroatlas</cntinst></cntinfo></distrib></distinfo><metainfo><metstdn>FGDC Content Standard for Digital Geospatial Metadata</metstdn><metstdv>FGDC-STD-001-1998</metstdv><metd>20170522</metd><metfrd>20210522</metfrd><metc><cntinfo><cntorgp><cntorg>U.S. Environmental Protection Agency, Office of Research and Development-Sustainable and Healthy Communities Research Program, EnviroAtlas</cntorg><cntper>EnviroAtlas Coordinator</cntper></cntorgp><cntpos>Geospatial Data Owner</cntpos><cntaddr><addrtype>mailing and physical address</addrtype><address>109 T.W. Alexander Drive</address><city>Research Triangle Park</city><state>NC</state><postal>27709</postal></cntaddr><cntvoice>(919) 541-3832</cntvoice><cntemail>EnviroAtlas@epa.gov</cntemail><cntinst>https://www.epa.gov/enviroatlas</cntinst></cntinfo></metc></metainfo><eainfo><detailed><enttyp><enttypl>BigGameHunting_RecreationDemand</enttypl><enttypd>The estimated day trip recreation demand for big game hunting within each 12-digit HUC in the contiguous United States.</enttypd><enttypds>US EPA</enttypds></enttyp><attr><attrlabl>BG_Demand</attrlabl><attrdef>Number of day trips per year demanded for big game hunting by individuals over the age of 18 distributed within the contiguous U.S.</attrdef><attrdefs>US EPA</attrdefs><attrdomv><rdom><rdommin>0</rdommin><rdommax>425422.331657</rdommax></rdom></attrdomv></attr><attr><attrlabl>HUC_12</attrlabl><attrdef>Twelve Digit Hydrologic Unit Code. This field provides a unique 12-digit code for each subwatershed. Numbers were assigned in an upstream to downstream fashion. Where no downstream/upstream relationship could be determined, numbers were assigned in a clockwise fashion.</attrdef><attrdefs>Federal Guidelines, Requirements, and Procedures for the National Watershed Boundary Dataset; Chapter 3 of Section A; Federal Standards, Book 11, Collection and delineation of Spatial Data; Techniques and Methods 11-A3.</attrdefs><attrdomv><rdom><rdommin>000000000000</rdommin><rdommax>999999999999</rdommax></rdom></attrdomv></attr></detailed><overview><eadetcit>https://enviroatlas.epa.gov/EnviroAtlas/DataFactSheets/index.html</eadetcit><eaover>This dataset shows distributed days demanded for big game hunting. In general terms, the recreation demand for big game hunting was determined by creating a kernel density dispersion model using the EnviroAtlas 2011 dasymetric population data. Participation rates per demographic group for big game hunting were determined using phone survey data collected by the US Fish and Wildlife Service Fishing, Hunting and Wildlife-Associated Recreation (FHWAR) survey (USFWS, 2011). Willingness to travel by each participant was determined using the National Visitor Use Monitoring (NVUM) program (USDA Forest Services, 2011) which provided information on distance traveled for big game hunting day trips. The participation rates were applied to the population data to determine the number of days individuals would participate in big game hunting. Those days demanded were then distributed using a probability function of willingness to travel to create the distributed days demanded for big game hunting. To represent the results in the EnviroAtlas, the data were summarized by 12-digit HUC.</eaover></overview></eainfo></metadata>
