<?xml version="1.0"?>
<metadata><Esri><CreaDate>20190325</CreaDate><CreaTime>12074800</CreaTime><SyncOnce>TRUE</SyncOnce><DataProperties><itemProps><itemLocation><linkage Sync="TRUE">file://\\V18OVHRTTF760\D$\Public\Data\projects\EnviroAtlas_Public\EDG_Download_STG\National\CONUS_metrics_Mar2019_METADATA\Bird_National_Metrics</linkage><protocol Sync="TRUE">Local Area Network</protocol></itemLocation></itemProps><copyHistory><copy source="D:\Public\Data\projects\EnviroAtlas_Public\FGDBs4EDG\CONUS\CONUS_metrics_October2017_METADATA\CONUS_metrics_October2017_METADATA\TableMetadata\Bird_National_Metrics" dest="\\V18OVHRTTF760\D$\Public\Data\projects\EnviroAtlas_Public\EDG_Download_STG\National\CONUS_metrics_Mar2019_METADATA\Bird_National_Metrics" date="20190325" time="12074800"></copy></copyHistory></DataProperties></Esri><idinfo><keywords><theme><themekt>ISO 19115 Topic Category</themekt><themekey>environment</themekey></theme><theme><themekt>EPA GIS Keyword Thesaurus</themekt><themekey>Ecosystem</themekey><themekey>Environment</themekey></theme><theme><themekt>EnviroAtlas</themekt><themekey>12-digit HUCs</themekey><themekey>Biodiversity</themekey><themekey>Biology</themekey><themekey>Conservation</themekey><themekey>Ecosystem Services</themekey><themekey>Endangered</themekey><themekey>EnviroAtlas</themekey><themekey>Environment</themekey><themekey>Environmental Atlas</themekey><themekey>Habitat</themekey></theme><place><placekt>None</placekt><placekey>Alabama</placekey><placekey>Arizona</placekey><placekey>Arkansas</placekey><placekey>California</placekey><placekey>Colorado</placekey><placekey>Connecticut</placekey><placekey>Delaware</placekey><placekey>Florida</placekey><placekey>Georgia</placekey><placekey>Idaho</placekey><placekey>Illinois</placekey><placekey>Indiana</placekey><placekey>Iowa</placekey><placekey>Kansas</placekey><placekey>Kentucky</placekey><placekey>Louisiana</placekey><placekey>Maine</placekey><placekey>Maryland</placekey><placekey>Massachusetts</placekey><placekey>Michigan</placekey><placekey>Minnesota</placekey><placekey>Mississippi</placekey><placekey>Missouri</placekey><placekey>Montana</placekey><placekey>Nebraska</placekey><placekey>Nevada</placekey><placekey>New Hampshire</placekey><placekey>New Jersey</placekey><placekey>New Mexico</placekey><placekey>New York</placekey><placekey>North Carolina</placekey><placekey>North Dakota</placekey><placekey>Ohio</placekey><placekey>Oklahoma</placekey><placekey>Oregon</placekey><placekey>Pennsylvania</placekey><placekey>Rhode Island</placekey><placekey>South Carolina</placekey><placekey>South Dakota</placekey><placekey>Tennessee</placekey><placekey>Texas</placekey><placekey>United States</placekey><placekey>Utah</placekey><placekey>Vermont</placekey><placekey>Virginia</placekey><placekey>Washington</placekey><placekey>Washington DC</placekey><placekey>West Virginia</placekey><placekey>Wisconsin</placekey><placekey>Wyoming</placekey></place><theme><themekt>User</themekt><themekey>Ecosystem Services</themekey><themekey>EnviroAtlas</themekey><themekey>Environment</themekey><themekey>Environmental Atlas</themekey></theme></keywords><citation><citeinfo><origin>Center for Applied Spatial Ecology, New Mexico Cooperative Fish and Wildlife Unit, New Mexico State University</origin><title>EnviroAtlas - Bird National Biodiversity Ecosystem Services Metrics by 12-digit HUC for the Conterminous United States</title><pubinfo><publish>U.S. EPA Office of Research &amp; Development (ORD) - National Exposure Research Laboratory (NERL)</publish><pubplace>Research Triangle Park, NC</pubplace></pubinfo><pubdate>20151002</pubdate><onlink>https://edg.epa.gov/data/PUBLIC/ORD/ENVIROATLAS/National</onlink><onlink>https://enviroatlas.epa.gov/arcgis/rest/services/National/National2016_master/MapServer</onlink><onlink>https://www.epa.gov/enviroatlas/enviroatlas-data</onlink><onlink>https://www.epa.gov/enviroatlas</onlink></citeinfo></citation><timeperd><current>Publication date</current><timeinfo><sngdate><caldate>20150406</caldate></sngdate></timeinfo></timeperd><status><progress>Complete</progress><update>As needed</update></status><spdom><bounding><westbc>-128.02839229</westbc><eastbc>-65.20336449</eastbc><northbc>51.6773602</northbc><southbc>22.7348894</southbc></bounding></spdom><accconst>None</accconst><useconst>None. Please check sources, scale, accuracy, currency and other available information. Please confirm that you are using the most recent copy of both data and metadata. Acknowledgement of the EPA would be appreciated.</useconst><descript><abstract>This dataset was produced by a joint effort of New Mexico State University (NMSU), the U.S. Environmental Protection Agency (EPA), and the U.S. Geological Survey (USGS) to support research and online mapping activities related to EnviroAtlas. Ecosystem services, i.e., services provided to humans from ecological systems, have become a key issue of this century in resource management, conservation planning, and environmental decision analysis. Mapping and quantifying ecosystem services have become strategic national interests for integrating ecology with economics to help understand the effects of human policies and actions and their subsequent impacts on both ecosystem function and human well-being. Some aspects of biodiversity are valued by humans in varied ways, and thus are important to include in any assessment that seeks to identify and quantify the benefits of ecosystems to humans. Some biodiversity metrics clearly reflect ecosystem services (e.g., abundance and diversity of harvestable species), whereas others may reflect indirect and difficult to quantify relationships to services (e.g., relevance of species diversity to ecosystem resilience, or cultural and aesthetic values). Wildlife habitat has been modeled at broad spatial scales and can be used to map a number of biodiversity metrics. We map 15 biodiversity metrics reflecting ecosystem services or other aspects of biodiversity for bird species. Metrics include all bird species richness, lists identifying species of conservation concern, climate vulnerabilities, etc. This dataset was produced by the Center for Applied Spatial Ecology, New Mexico Cooperative Fish and Wildlife Unit (NMCFWRU), NMSU to support research and online mapping activities related to EnviroAtlas.  EnviroAtlas (https://www.epa.gov/enviroatlas) allows the user to interact with a web-based, easy-to-use, mapping application to view and analyze multiple ecosystem services for the contiguous United States. The dataset is available as downloadable data (https://edg.epa.gov/data/Public/ORD/EnviroAtlas) or as an EnviroAtlas map service. Additional descriptive information about each attribute in this dataset can be found in its associated EnviroAtlas Fact Sheet (https://www.epa.gov/enviroatlas/enviroatlas-fact-sheets).</abstract><purpose>The biodiversity metrics were created by grouping national-level, single-species habitat models created by the USGS Gap Analysis Program into smaller, ecologically-based, phylogeny-based, or stakeholder-suggested composites. This data could be used in conjunction with other biodiversity data or ecosystem service data to identify concordance and discordance between metrics. Areas of concordance highlight the similarity between the two metrics. Areas of discordance highlight dissimilar areas, but must then be reviewed to understand why the dissimilarity occurs. The overall goal of EnviroAtlas is to employ and develop the best available science to map indicators of ecosystem services production, demand, and drivers for the nation.</purpose></descript><secinfo><secsys>https://project-open-data.github.io/schema/#accessLevel</secsys><secclass>public</secclass><sechandl>Standard Technical Controls</sechandl></secinfo><ptcontac><cntinfo><cntperp><cntorg>U.S. Environmental Protection Agency, Office of Research and Development-Sustainable and Healthy Communities Research Program, EnviroAtlas</cntorg><cntper>EnviroAtlas Coordinator</cntper></cntperp><cntpos>Geospatial Data Owner</cntpos><cntaddr><addrtype>mailing and physical address</addrtype><address>109 T.W. Alexander Drive</address><city>Research Triangle Park</city><state>NC</state><postal>27709</postal></cntaddr><cntvoice>(919) 541-3832</cntvoice><cntemail>EnviroAtlas@epa.gov</cntemail><cntinst>https://www.epa.gov/enviroatlas</cntinst></cntinfo></ptcontac></idinfo><dataqual><logic>Tests for integrity have not been performed.</logic><complete>Features represented have not been tested for completeness</complete><posacc><horizpa><horizpar>Data were collected using methods that have unknown accuracy (EPA National Geospatial Data Policy [NGDP] Accuracy Tier 10). For more information, please see EPA's NGDP at https://www.epa.gov/geospatial/epa-national-geospatial-data-policy</horizpar></horizpa></posacc><lineage><procstep><procdate>20150406</procdate><procdesc>Individual habitat models were obtained from the National Gap Analysis Program Office.</procdesc></procstep><procstep><procdate>20150406</procdate><procdesc>Species lists for biodiversity metrics were created.</procdesc></procstep><procstep><procdate>20150406</procdate><procdesc>Species models for each list were combined and the sum of species with potential habitat was calculated using ArcGIS cell statistics.</procdesc></procstep></lineage></dataqual><spref><horizsys><planar><planci><plance>coordinate pair</plance><plandu>meters</plandu><coordrep><absres>0.000001</absres><ordres>0.000001</ordres></coordrep></planci><mapproj><mapprojn>Albers Conical Equal Area</mapprojn><albers><stdparll>29.500000</stdparll><stdparll>45.500000</stdparll><longcm>-96.000000</longcm><latprjo>23.000000</latprjo><feast>0.000000</feast><fnorth>0.000000</fnorth></albers></mapproj></planar><geodetic><horizdn>North American Datum of 1983</horizdn><ellips>Geodetic Reference System 80</ellips><semiaxis>6378137.000000</semiaxis><denflat>298.257222</denflat></geodetic></horizsys></spref><distinfo><resdesc>Downloadable Data</resdesc><distliab>https://edg.epa.gov/EPA_Data_License.html</distliab><distrib><cntinfo><cntorgp><cntorg>U.S. Environmental Protection Agency, Office of Research and Development-Sustainable and Healthy Communities Research Program, EnviroAtlas</cntorg><cntper>EnviroAtlas Coordinator</cntper></cntorgp><cntpos>Geospatial Data Owner</cntpos><cntaddr><addrtype>mailing and physical address</addrtype><address>109 T.W. Alexander Drive</address><city>Research Triangle Park</city><state>NC</state><postal>27709</postal></cntaddr><cntvoice>(919) 541-3832</cntvoice><cntemail>EnviroAtlas@epa.gov</cntemail><cntinst>https://www.epa.gov/enviroatlas</cntinst></cntinfo></distrib></distinfo><metainfo><metstdn>FGDC Content Standard for Digital Geospatial Metadata</metstdn><metstdv>FGDC-STD-001-1998</metstdv><metd>20170522</metd><metfrd>20210522</metfrd><metc><cntinfo><cntorgp><cntorg>U.S. Environmental Protection Agency, Office of Research and Development-Sustainable and Healthy Communities Research Program, EnviroAtlas</cntorg><cntper>EnviroAtlas Coordinator</cntper></cntorgp><cntpos>Geospatial Data Owner</cntpos><cntaddr><addrtype>mailing and physical address</addrtype><address>109 T.W. Alexander Drive</address><city>Research Triangle Park</city><state>NC</state><postal>27709</postal></cntaddr><cntvoice>(919) 541-3832</cntvoice><cntemail>EnviroAtlas@epa.gov</cntemail><cntinst>https://enviroatlas.epa.gov</cntinst></cntinfo></metc></metainfo><eainfo><detailed><enttyp><enttypl>Bird_National_Metrics</enttypl><enttypd>Biodiversity Metrics for the US</enttypd><enttypds>NMSU</enttypds></enttyp><attr><attrlabl>HUC_12</attrlabl><attrdef>Twelve Digit Hydrologic Unit Code. This field provides a unique 12-digit code for each subwatershed. Numbers were assigned in an upstream to downstream fashion. Where no downstream/upstream relationship could be determined, numbers were assigned in a clockwise fashion.</attrdef><attrdefs>Federal Guidelines, Requirements, and Procedures for the National Watershed Boundary Dataset; Chapter 3 of Section A; Federal Standards, Book 11, Collection and Delineation of Spatial Data; Techniques and Methods 11-A3.</attrdefs><attrdomv><rdom><rdommin>010000000000</rdommin><rdommax>999999999999</rdommax></rdom></attrdomv></attr><attr><attrlabl>Bird_All_MAX</attrlabl><attrdef>The maximum number of bird species in any one pixel for each 12-digit HUC over the entire contiguous US.</attrdef><attrdefs>NMSU</attrdefs><attrdomv><rdom><rdommin>0</rdommin><rdommax>160</rdommax></rdom></attrdomv></attr><attr><attrlabl>Bird_All_MEAN</attrlabl><attrdef>The mean number of bird species per pixel for each 12-digit HUC over the contiguous US.</attrdef><attrdefs>NMSU</attrdefs><attrdomv><rdom><rdommin>0</rdommin><rdommax>107.90</rdommax></rdom></attrdomv></attr><attr><attrlabl>Bird_All_NIB</attrlabl><attrdef>The Bird All Normalized Index of Biodiversity (NIB) was calculated by dividing the mean species richness value of each HUC by the maximum value for the study area (the contiguous US).</attrdef><attrdefs>NMSU</attrdefs><attrdomv><rdom><rdommin>0</rdommin><rdommax>1</rdommax></rdom></attrdomv></attr><attr><attrlabl>Bird_Aud_end_MAX</attrlabl><attrdef>The maximum number of Audubon Climate Endangered bird species in any one pixel for each 12-digit HUC over the contiguous US.</attrdef><attrdefs>NMSU</attrdefs><attrdomv><rdom><rdommin>0</rdommin><rdommax>47</rdommax></rdom></attrdomv></attr><attr><attrlabl>Bird_Aud_end_MEAN</attrlabl><attrdef>The mean number of Audubon Climate Endangered bird species per pixel for each 12-digit HUC over the contiguous US.</attrdef><attrdefs>NMSU</attrdefs><attrdomv><rdom><rdommin>0</rdommin><rdommax>34.6</rdommax></rdom></attrdomv></attr><attr><attrlabl>Bird_Aud_end_NIB</attrlabl><attrdef>The Bird Audubon Endangered Normalized Index of Biodiversity (NIB) was calculated by dividing the mean species richness value of each HUC by the maximum value for the study area (the contiguous US).</attrdef><attrdefs>NMSU</attrdefs><attrdomv><rdom><rdommin>0</rdommin><rdommax>1</rdommax></rdom></attrdomv></attr><attr><attrlabl>Bird_Aud_thr_MAX</attrlabl><attrdef>The maximum number of Audubon Climate Threatened bird species in any one pixel for each 12-digit HUC over the contiguous US.</attrdef><attrdefs>NMSU</attrdefs><attrdomv><rdom><rdommin>0</rdommin><rdommax>43</rdommax></rdom></attrdomv></attr><attr><attrlabl>Bird_Aud_thr_MEAN</attrlabl><attrdef>The mean number of Audubon Climate Threatened bird species per pixel for each 12-digit HUC over the contiguous US.</attrdef><attrdefs>NMSU</attrdefs><attrdomv><rdom><rdommin>0</rdommin><rdommax>33.27</rdommax></rdom></attrdomv></attr><attr><attrlabl>Bird_Aud_thr_NIB</attrlabl><attrdef>The Bird Audubon Threatened Normalized Index of Biodiversity (NIB) was calculated by dividing the mean species richness value of each HUC by the maximum value for the study area (the contiguous US).</attrdef><attrdefs>NMSU</attrdefs><attrdomv><rdom><rdommin>0</rdommin><rdommax>1</rdommax></rdom></attrdomv></attr><attr><attrlabl>Bird_BCC_MAX</attrlabl><attrdef>The maximum number of birds listed in the State of the Birds report (2011) as species of conservation concern in any one pixel for each 12-digit HUC over the contiguous US.</attrdef><attrdefs>NMSU</attrdefs><attrdomv><rdom><rdommin>0</rdommin><rdommax>28</rdommax></rdom></attrdomv></attr><attr><attrlabl>Bird_BCC_MEAN</attrlabl><attrdef>The mean number of bird species listed in the State of the Birds report (2011) as species of conservation concern per pixel for each 12-digit HUC over the contiguous US.</attrdef><attrdefs>NMSU</attrdefs><attrdomv><rdom><rdommin>0</rdommin><rdommax>21.27</rdommax></rdom></attrdomv></attr><attr><attrlabl>Bird_BCC_NIB</attrlabl><attrdef>The Bird of Conservation Concern Normalized Index of Biodiversity (NIB) was calculated by dividing the mean species richness value of each HUC by the maximum value for the study area (the contiguous US).</attrdef><attrdefs>NMSU</attrdefs><attrdomv><rdom><rdommin>0</rdommin><rdommax>1</rdommax></rdom></attrdomv></attr><attr><attrlabl>Bird_breeding_MAX</attrlabl><attrdef>The maximum number of bird species listed in the State of the Birds report (2011) as having a single primary habitat (habitat obligate) for breeding in any one pixel for each 12-digit HUC over the contiguous US.</attrdef><attrdefs>NMSU</attrdefs><attrdomv><rdom><rdommin>0</rdommin><rdommax>54</rdommax></rdom></attrdomv></attr><attr><attrlabl>Bird_breeding_MEAN</attrlabl><attrdef>The mean number of bird species listed in the State of the Birds report (2011) as having a single primary habitat (habitat obligate) for breeding per pixel for each 12-digit HUC over the contiguous US.</attrdef><attrdefs>NMSU</attrdefs><attrdomv><rdom><rdommin>0</rdommin><rdommax>37.85</rdommax></rdom></attrdomv></attr><attr><attrlabl>Bird_breeding_NIB</attrlabl><attrdef>The Bird Breeding Habitat Normalized Index of Biodiversity (NIB) was calculated by dividing the mean species richness value of each HUC by the maximum value for the study area (the contiguous US).</attrdef><attrdefs>NMSU</attrdefs><attrdomv><rdom><rdommin>0</rdommin><rdommax>1</rdommax></rdom></attrdomv></attr><attr><attrlabl>Bird_G1g2g3_MAX</attrlabl><attrdef>The maximum number of bird species listed by NatureServe as G1, G2, or G3 in any one pixel for each 12-digit HUC over the contiguous US.</attrdef><attrdefs>NMSU</attrdefs><attrdomv><rdom><rdommin>0</rdommin><rdommax>4</rdommax></rdom></attrdomv></attr><attr><attrlabl>Bird_G1g2g3_MEAN</attrlabl><attrdef>The mean number of bird species listed by NatureServe as G1, G2, or G3 per pixel for each 12-digit HUC over the contiguous US.</attrdef><attrdefs>NMSU</attrdefs><attrdomv><rdom><rdommin>0</rdommin><rdommax>2.99</rdommax></rdom></attrdomv></attr><attr><attrlabl>Bird_G1g2g3_NIB</attrlabl><attrdef>The Bird G1,G2,G3 Normalized Index of Biodiversity (NIB) was calculated by dividing the mean species richness value of each HUC by the maximum value for the study area (the contiguous US).</attrdef><attrdefs>NMSU</attrdefs><attrdomv><rdom><rdommin>0</rdommin><rdommax>1</rdommax></rdom></attrdomv></attr><attr><attrlabl>Bird_IUCN_Listed_MAX</attrlabl><attrdef>The maximum number of bird species listed by IUCN as extinct, critically endangered, endangered, vulnerable, or near threatened in any one pixel for each 12-digit HUC over the contiguous US.</attrdef><attrdefs>NMSU</attrdefs><attrdomv><rdom><rdommin>0</rdommin><rdommax>4</rdommax></rdom></attrdomv></attr><attr><attrlabl>Bird_IUCN_Listed_MEAN</attrlabl><attrdef>The mean number of bird species listed by IUCN as extinct, critically endangered, endangered, vulnerable, or near threatened per pixel for each 12-digit HUC over the contiguous US.</attrdef><attrdefs>NMSU</attrdefs><attrdomv><rdom><rdommin>0</rdommin><rdommax>2.99</rdommax></rdom></attrdomv></attr><attr><attrlabl>Bird_IUCN_Listed_NIB</attrlabl><attrdef>The Bird ICUN listed Normalized Index of Biodiversity (NIB) was calculated by dividing the mean species richness value of each HUC by the maximum value for the study area (the contiguous US).</attrdef><attrdefs>NMSU</attrdefs><attrdomv><rdom><rdommin>0</rdommin><rdommax>1</rdommax></rdom></attrdomv></attr><attr><attrlabl>Bird_PIF_MAX</attrlabl><attrdef>The maximum number of bird species listed by Partners in Flight in their Watch List in any one pixel for each 12-digit HUC over the contiguous US.</attrdef><attrdefs>NMSU</attrdefs><attrdomv><rdom><rdommin>0</rdommin><rdommax>37</rdommax></rdom></attrdomv></attr><attr><attrlabl>Bird_PIF_MEAN</attrlabl><attrdef>The mean number of bird species listed by Partners in Flight in their Watch List per pixel for each 12-digit HUC over the contiguous US.</attrdef><attrdefs>NMSU</attrdefs><attrdomv><rdom><rdommin>0</rdommin><rdommax>30.31</rdommax></rdom></attrdomv></attr><attr><attrlabl>Bird_PIF_NIB</attrlabl><attrdef>The Bird Partners in Flight Normalized Index of Biodiversity (NIB) was calculated by dividing the mean species richness value of each HUC by the maximum value for the study area (the contiguous US).</attrdef><attrdefs>NMSU</attrdefs><attrdomv><rdom><rdommin>0</rdommin><rdommax>1</rdommax></rdom></attrdomv></attr><attr><attrlabl>Bird_wetland_MAX</attrlabl><attrdef>The maximum number of bird species listed in the State of the Birds report (2011) as having a single primary habitat (habitat obligate) of Wetlands in any one pixel for each 12-digit HUC over the contiguous US.</attrdef><attrdefs>NMSU</attrdefs><attrdomv><rdom><rdommin>0</rdommin><rdommax>83</rdommax></rdom></attrdomv></attr><attr><attrlabl>Bird_wetland_MEAN</attrlabl><attrdef>The mean number of bird species listed in the State of the Birds report (2011) as having a single primary habitat (habitat obligate) of Wetlands per pixel for each 12-digit HUC over the contiguous US.</attrdef><attrdefs>NMSU</attrdefs><attrdomv><rdom><rdommin>0</rdommin><rdommax>62.67</rdommax></rdom></attrdomv></attr><attr><attrlabl>Bird_wetland_NIB</attrlabl><attrdef>The Bird Wetland Habitat Normalized Index of Biodiversity (NIB) was calculated by dividing the mean species richness value of each HUC by the maximum value for the study area (the contiguous US).</attrdef><attrdefs>NMSU</attrdefs><attrdomv><rdom><rdommin>0</rdommin><rdommax>1</rdommax></rdom></attrdomv></attr><attr><attrlabl>Bird_ESA_MAX</attrlabl><attrdef>The maximum number of bird species listed as Threatened and Endangered (T&amp;E) Species under the Endangered Species Act in any one pixel for each 12-digit HUC over the contiguous US.</attrdef><attrdefs>NMSU</attrdefs><attrdomv><rdom><rdommin>0</rdommin><rdommax>5</rdommax></rdom></attrdomv></attr><attr><attrlabl>Bird_ESA_MEAN</attrlabl><attrdef>The mean number of bird species listed as Threatened and Endangered (T&amp;E) Species under the Endangered Species Act per pixel for each 12-digit HUC over the contiguous US.</attrdef><attrdefs>NMSU</attrdefs><attrdomv><rdom><rdommin>0</rdommin><rdommax>2.94</rdommax></rdom></attrdomv></attr><attr><attrlabl>Bird_ESA_NIB</attrlabl><attrdef>The Bird ESA Normalized Index of Biodiversity (NIB) was calculated by dividing the mean species richness value of each HUC by the maximum value for the study area (the contiguous US).</attrdef><attrdefs>NMSU</attrdefs><attrdomv><rdom><rdommin>0</rdommin><rdommax>1</rdommax></rdom></attrdomv></attr></detailed><overview><eadetcit>https://www.epa.gov/enviroatlas/enviroatlas-fact-sheets</eadetcit><eaover>METRIC DESCRIPTIONS:

			-Bird Species Richness:	
			The number of bird species as measured by predicted habitat present within a pixel. Bird Species Richness provides a characterization of the area of interest. Bird Species Richness can be indicative of recreational opportunities or aesthetic qualities. Birding is a multimillion dollar a year industry and tourist brochures often highlight the recreational opportunities available within an area. Bird Species Richness has been used as a major indicator of the biodiversity conservation potential of an area. It is important to ecological service categories related to biodiversity conservation and recreation, culture, and aesthetics. Source: U.S. Geological Survey Gap Analysis Program. 2011. National GAP vertebrate species distribution model. http://gapanalysis.usgs.gov/species.

			-Bird Species of Conservation Concern:
			The number of birds listed in the State of the Birds report (2011) as species of conservation concern as measured by predicted habitat present within a pixel for the continental United States. This is based on the listings designated by the USFWS in their Birds of Conservation Concern 2007 and 2008 WatchList. The WatchList was created by the American Bird Conservancy and Audubon. Birds of Conservation Concern (n=160) (State of the Birds, 2011).
			North American Bird Conservation Initiative, U.S. Committee, 2011. The State of the Birds 2011 Report.

			-Birds Species Partners in Flight:
			The number of birds listed by Partners in Flight in their Watch List as measured by predicted habitat present within a pixel within the continental United States (n=154). 

			-Bird Species Breeding:
			This metric is comprised of the number of birds listed in the State of the Birds report (2011) as having a single primary habitat (habitat obligate) for breeding. Species are measured by predicted habitat present within a pixel within the continental United States. (State of the Birds, 2011).
			North American Bird Conservation Initiative, U.S. Committee, 2011. The State of the Birds 2011 Report on Public Lands and Waters. U.S. Department of Interior: Washington, DC. 48 pages.

			-Bird Species Wetlands:
			This metric is comprised of the number of birds (n=152) listed in the State of the Birds report (2011) as having a single primary habitat (habitat obligate) of Wetlands. Species are measured by predicted habitat present within a pixel within the continental United States (State of the Birds, 2011).
			North American Bird Conservation Initiative, U.S. Committee, 2011. The State of the Birds 2011 Report on Public Lands and Waters. U.S. Department of Interior: Washington, DC. 48 pages.

			-Bird Species Audubon Endangered:
			The Audubon society analyzed 588 bird species to determine the effects of future climate change on these species (National Audubon Society, 2013). This list classifies species as Endangered 1 or Endangered 2. Audubon defined ENDANGERED_1 as species with a loss of 50% or more of current range by 2050 without compensatory expansion in one season. Audubon defined ENDANGERED_2 as the loss of 50% or more of current range by 2050 without compensatory expansion in two seasons. This metrics combines both lists for a total number of 127 species. 
			National Audubon Society. 2013. Developing a Management Model of the Effects of Future Climate Change on Species: A Tool for the Landscape Conservation Cooperatives. Unpublished report prepared for the U.S. Fish and Wildlife Service.

			-Bird Species Audubon Threatened:
			The Audubon society analyzed 588 bird species to determine the effects of future climate change on these species. This metric includes species listed as Threatened 1 or Threatened 2. Audubon defined THREATENED_1 as the loss of 50% or more of current range by 2080 with potential for compensatory expansion in one season. Audubon defined THREATENED_2 as the loss of 50% or more of current range by 2080 with potential for compensatory expansion in two seasons. This metrics combines both lists for a total number of 183 species. 
			National Audubon Society. 2013. Developing a Management Model of the Effects of
			Future Climate Change on Species: A Tool for the Landscape Conservation Cooperatives. Unpublished report prepared for the U.S. Fish and Wildlife Service.

			-Bird Species G1, G2, G3 listed:
			This metric is comprised of the number of birds listed by NatureServe as G1, G2, or G3. G1= Critically Imperiled—At very high risk of extinction due to extreme rarity (often 5 or fewer populations), very steep declines, or other factors. G2= Imperiled—At high risk of extinction due to very restricted range, very few populations (often 20 or fewer), steep declines, or other factors. G3= Vulnerable—At moderate risk of extinction due to a restricted range, relatively few populations (often 80 or fewer), recent and widespread declines, or other factors. Species are measured by predicted habitat present within a pixel for the continental United States.

			-Bird Species IUCN listed:
			This metric is comprised of the number of birds (n=52) listed by IUCN as extinct, critically endangered, endangered, vulnerable, or near threatened. Extinct (EX) = A taxon is Extinct when there is no reasonable doubt that the last individual has died. A taxon is presumed Extinct when exhaustive surveys in known and/or expected habitat, at appropriate times (diurnal, seasonal, annual), throughout its historic range have failed to record an individual. Surveys should be over a time frame appropriate to the taxon's life cycle and life form. Critically Endangered (CR) = A taxon is Critically Endangered when the best available evidence indicates that it meets any of the criteria A to E for Critically Endangered (see http://www.iucnredlist.org/static/categories_criteria_3_1), and it is therefore considered to be facing an extremely high risk of extinction in the wild. Endangered (EN) = A taxon is Endangered when the best available evidence indicates that it meets any of the criteria A to E for Endangered (see http://www.iucnredlist.org/static/categories_criteria_3_1), and it is therefore considered to be facing a very high risk of extinction in the wild. Vulnerable (VU) = A taxon is Vulnerable when the best available evidence indicates that it meets any of the criteria A to E for Vulnerable (see http://www.iucnredlist.org/static/categories_criteria_3_1), and it is therefore considered to be facing a high risk of extinction in the wild. Near Threatened (NT)=A taxon is Near Threatened when it has been evaluated against the criteria but does not qualify for Critically Endangered, Endangered or Vulnerable now, but is close to qualifying for or is likely to qualify for a threatened category in the near future. Species are measured by predicted habitat present within a pixel for the continental United States.

			-Bird Species Threatened and Endangered Vertebrate Species: 
			Number of Federally-listed Threatened and Endangered (T&amp;E) Species as measured by predicted habitat present within a pixel (USFWS, 2011). Important to ecological service categories related to biodiversity conservation and recreation, culture, and aesthetics. These species are regulated by the USFWS as required by the Endangered Species Act. 

			For more information about EnviroAtlas data, go to https://www.epa.gov/enviroatlas/enviroatlas-fact-sheets.</eaover></overview></eainfo></metadata>
