<?xml version="1.0"?>
<metadata><Esri><CreaDate>20190325</CreaDate><CreaTime>12074800</CreaTime><SyncOnce>TRUE</SyncOnce><DataProperties><itemProps><itemLocation><linkage Sync="TRUE">file://\\V18OVHRTTF760\D$\Public\Data\projects\EnviroAtlas_Public\EDG_Download_STG\National\CONUS_metrics_Mar2019_METADATA\fertilizer06</linkage><protocol Sync="TRUE">Local Area Network</protocol></itemLocation></itemProps><copyHistory><copy source="D:\Public\Data\projects\EnviroAtlas_Public\FGDBs4EDG\CONUS\CONUS_metrics_October2017_METADATA\CONUS_metrics_October2017_METADATA\TableMetadata\fertilizer06" dest="\\V18OVHRTTF760\D$\Public\Data\projects\EnviroAtlas_Public\EDG_Download_STG\National\CONUS_metrics_Mar2019_METADATA\fertilizer06" date="20190325" time="12074800"></copy></copyHistory></DataProperties></Esri><idinfo><keywords><theme><themekt>ISO 19115 Topic Category</themekt><themekey>environment</themekey><themekey>farming</themekey></theme><theme><themekt>EPA GIS Keyword Thesaurus</themekt><themekey>Agriculture</themekey><themekey>Ecosystem</themekey><themekey>Environment</themekey><themekey>Land</themekey></theme><theme><themekt>EnviroAtlas</themekt><themekey>12-digit HUCs</themekey><themekey>Agriculture</themekey><themekey>Ecosystem Services</themekey><themekey>EnviroAtlas</themekey><themekey>Environment</themekey><themekey>Environmental Atlas</themekey><themekey>Land</themekey></theme><place><placekt>None</placekt><placekey>Alabama</placekey><placekey>Arizona</placekey><placekey>Arkansas</placekey><placekey>California</placekey><placekey>Colorado</placekey><placekey>Connecticut</placekey><placekey>Delaware</placekey><placekey>Florida</placekey><placekey>Georgia</placekey><placekey>Idaho</placekey><placekey>Illinois</placekey><placekey>Indiana</placekey><placekey>Iowa</placekey><placekey>Kansas</placekey><placekey>Kentucky</placekey><placekey>Louisiana</placekey><placekey>Maine</placekey><placekey>Maryland</placekey><placekey>Massachusetts</placekey><placekey>Michigan</placekey><placekey>Minnesota</placekey><placekey>Mississippi</placekey><placekey>Missouri</placekey><placekey>Montana</placekey><placekey>Nebraska</placekey><placekey>Nevada</placekey><placekey>New Hampshire</placekey><placekey>New Jersey</placekey><placekey>New Mexico</placekey><placekey>New York</placekey><placekey>North Carolina</placekey><placekey>North Dakota</placekey><placekey>Ohio</placekey><placekey>Oklahoma</placekey><placekey>Oregon</placekey><placekey>Pennsylvania</placekey><placekey>Rhode Island</placekey><placekey>South Carolina</placekey><placekey>South Dakota</placekey><placekey>Tennessee</placekey><placekey>Texas</placekey><placekey>United States</placekey><placekey>Utah</placekey><placekey>Vermont</placekey><placekey>Virginia</placekey><placekey>Washington</placekey><placekey>Washington DC</placekey><placekey>West Virginia</placekey><placekey>Wisconsin</placekey><placekey>Wyoming</placekey></place></keywords><citation><citeinfo><origin>US Environmental Protection Agency (US EPA)</origin><title>EnviroAtlas - Synthetic N fertilizer application to agricultural lands by 12-digit HUC in the Conterminous United States, 2006</title><pubinfo><publish>U.S. EPA Office of Research &amp; Development (ORD) - National Exposure Research Laboratory (NERL)</publish><pubplace>Research Triangle Park, NC</pubplace></pubinfo><pubdate>20150507</pubdate><onlink>https://edg.epa.gov/data/PUBLIC/ORD/ENVIROATLAS/National</onlink><onlink>https://enviroatlas.epa.gov/arcgis/rest/services/National/National2016_master/MapServer</onlink><onlink>https://www.epa.gov/enviroatlas/enviroatlas-data</onlink><onlink>https://www.epa.gov/enviroatlas</onlink></citeinfo></citation><timeperd><current>Publication date</current><timeinfo><sngdate><caldate>2006</caldate></sngdate></timeinfo></timeperd><status><progress>Complete</progress><update>As needed</update></status><spdom><bounding><westbc>-128.02839229</westbc><eastbc>-65.20336449</eastbc><northbc>51.6773602</northbc><southbc>22.7348894</southbc></bounding></spdom><accconst>None</accconst><useconst>None. Please check sources, scale, accuracy, currency and other available information. Please confirm that you are using the most recent copy of both data and metadata.  Acknowledgement of the EPA would be appreciated.</useconst><descript><abstract>This EnviroAtlas dataset contains data on the mean synthetic nitrogen (N) fertilizer application to cultivated crop and hay/pasture lands per 12-digit Hydrologic Unit (HUC) in 2006. Synthetic N fertilizer inputs in 2006 were estimated using county-level estimates of farm N fertilizer inputs. We acquired county-level data describing total farm-level inputs (kg N/yr) of synthetic N fertilizer to individual counties in 2006 from the United States Geological Survey (USGS) (http://pubs.usgs.gov/sir/2012/5207/). These data were converted to per area rates (kg N/ha/yr) of synthetic N fertilizer application by dividing the total N input by the land area (ha) of combined cultivated crop and hay/pasture lands within a county as determined from county-level (http://cta.ornl.gov/transnet/Boundaries.html) summarization of the 2006 National Land Cover Database (NLCD; http://www.mrlc.gov/nlcd06_data.php). We distributed county-specific, annual per area N inputs rates (kg N/ha/yr) to cultivated crop and hay/pasture lands (30 x 30 m pixels) within the corresponding county using the raster calculator tool in ArcMap 10.0 (ESRI, Inc., Redlands, CA). Fertilizer data described here represent an average input to a typical agricultural land type within a county, i.e., they are not specific to individual crop types. This dataset was produced by the US EPA to support research and online mapping activities related to EnviroAtlas. EnviroAtlas (https://www.epa.gov/enviroatlas) allows the user to interact with a web-based, easy-to-use, mapping application to view and analyze multiple ecosystem services for the contiguous United States. The dataset is available as downloadable data (https://edg.epa.gov/data/Public/ORD/EnviroAtlas) or as an EnviroAtlas map service. Additional descriptive information about each attribute in this dataset can be found in its associated EnviroAtlas Fact Sheet (https://www.epa.gov/enviroatlas/enviroatlas-fact-sheets).</abstract><purpose>The purpose of this data set is to provide information that can be used to estimate landscape-level loading of synthetic N fertilizer to watersheds, to municipal, agricultural, and water resources management units, and to other management- or ecosystem-relevant spatial units. Synthetic N fertilizer is a major source of reactive N to United States ecosystems and can have both positive (enhanced crop production) and negative (e.g., eutrophication of aquatic systems) impacts. These data can be used to examine correlations with air and water quality characteristics or be fed into terrestrial and aquatic biogeochemical models. The overall goal of EnviroAtlas is to employ and develop the best available science to map indicators of ecosystem services production, demand, and drivers for the nation.</purpose></descript><secinfo><secsys>https://project-open-data.github.io/schema/#accessLevel</secsys><secclass>public</secclass><sechandl>Standard Technical Controls</sechandl></secinfo><ptcontac><cntinfo><cntperp><cntorg>U.S. Environmental Protection Agency, Office of Research and Development-Sustainable and Healthy Communities Research Program, EnviroAtlas</cntorg><cntper>EnviroAtlas Coordinator</cntper></cntperp><cntpos>Geospatial Data Owner</cntpos><cntaddr><addrtype>mailing and physical address</addrtype><address>109 T.W. Alexander Drive</address><city>Research Triangle Park</city><state>NC</state><postal>27709</postal></cntaddr><cntvoice>(919) 541-3832</cntvoice><cntemail>EnviroAtlas@epa.gov</cntemail><cntinst>https://www.epa.gov/enviroatlas</cntinst></cntinfo></ptcontac></idinfo><dataqual><logic>Tests for integrity have not been performed.</logic><complete>Features represented have not been tested for completeness</complete><posacc><horizpa><horizpar>Data were collected using methods that have unknown accuracy (EPA National Geospatial Data Policy [NGDP] Accuracy Tier 10). For more information, please see EPA's NGDP at https://epa.gov/geospatial/policies.html</horizpar></horizpa></posacc><lineage><procstep><procdate>2013</procdate><procdesc>Compiled county-level fertilizer data for 2006 from USGS.</procdesc></procstep><procstep><procdate>2013</procdate><procdesc>Distributed county-scale fertilizer data to cultivated crop and hay/pasture lands.</procdesc></procstep><procstep><procdate>03092015</procdate><procdesc>Converted the NHDPlus V2 WBD Snapshot, EnviroAtlas version - Conterminous United States to a 30m raster snapped to the 2011 NLCD.</procdesc></procstep><procstep><procdate>03092015</procdate><procdesc>Used ArcMap zonal statistics as table to find the mean value for each 12-digit HUC.</procdesc></procstep></lineage></dataqual><spref><horizsys><planar><planci><plance>coordinate pair</plance><plandu>meters</plandu><coordrep><absres>0.000001</absres><ordres>0.000001</ordres></coordrep></planci><mapproj><mapprojn>Albers Conical Equal Area</mapprojn><albers><stdparll>29.500000</stdparll><stdparll>45.500000</stdparll><longcm>-96.000000</longcm><latprjo>23.000000</latprjo><feast>0.000000</feast><fnorth>0.000000</fnorth></albers></mapproj></planar><geodetic><horizdn>North American Datum of 1983</horizdn><ellips>Geodetic Reference System 80</ellips><semiaxis>6378137.000000</semiaxis><denflat>298.257222</denflat></geodetic></horizsys></spref><distinfo><resdesc>Downloadable Data</resdesc><distliab>https://edg.epa.gov/EPA_Data_License.html</distliab><distrib><cntinfo><cntorgp><cntorg>U.S. Environmental Protection Agency, Office of Research and Development-Sustainable and Healthy Communities Research Program, EnviroAtlas</cntorg><cntper>EnviroAtlas Coordinator</cntper></cntorgp><cntpos>Geospatial Data Owner</cntpos><cntaddr><addrtype>mailing and physical address</addrtype><address>109 T.W. Alexander Drive</address><city>Research Triangle Park</city><state>NC</state><postal>27709</postal></cntaddr><cntvoice>(919) 541-3832</cntvoice><cntemail>EnviroAtlas@epa.gov</cntemail><cntinst>https://www.epa.gov/enviroatlas</cntinst></cntinfo></distrib></distinfo><metainfo><metstdn>FGDC Content Standard for Digital Geospatial Metadata</metstdn><metstdv>FGDC-STD-001-1998</metstdv><metd>20170522</metd><metfrd>20210522</metfrd><metc><cntinfo><cntorgp><cntorg>U.S. Environmental Protection Agency, Office of Research and Development-Sustainable and Healthy Communities Research Program, EnviroAtlas</cntorg><cntper>EnviroAtlas Coordinator</cntper></cntorgp><cntpos>Geospatial Data Owner</cntpos><cntaddr><addrtype>mailing and physical address</addrtype><address>109 T.W. Alexander Drive</address><city>Research Triangle Park</city><state>NC</state><postal>27709</postal></cntaddr><cntvoice>(919) 541-3832</cntvoice><cntemail>EnviroAtlas@epa.gov</cntemail><cntinst>https://www.epa.gov/enviroatlas</cntinst></cntinfo></metc></metainfo><eainfo><detailed><enttyp><enttypl>fertilizer06</enttypl><enttypd>Mean rate of synthetic N fertilizer application to agricultural lands in kg N/ha/yr for the year 2006 by 12-digit HUC.</enttypd><enttypds>US EPA</enttypds></enttyp><attr><attrlabl>SNFA_MEAN</attrlabl><attrdef>Mean rate of synthetic N fertilizer application to agricultural lands in kg N/ha/yr for the year 2006 by 12-digit HUC for the conterminous United States</attrdef><attrdefs>US EPA</attrdefs><attrdomv><rdom><rdommin>0</rdommin><rdommax>406.0621</rdommax></rdom></attrdomv></attr><attr><attrlabl>HUC_12</attrlabl><attrdef>Twelve Digit Hydrologic Unit Code. This field provides a unique 12-digit code for each subwatershed. Numbers were assigned in an upstream to downstream fashion. Where no downstream/upstream relationship could be determined, numbers were assigned in a clockwise fashion.</attrdef><attrdefs>Federal Guidelines, Requirements, and Procedures for the National Watershed Boundary Dataset; Chapter 3 of Section A; Federal Standards, Book 11, Collection and Delineation of Spatial Data; Techniques and Methods 11-A3.</attrdefs><attrdomv><rdom><rdommin>010000000000</rdommin><rdommax>999999999999</rdommax></rdom></attrdomv></attr></detailed><overview><eadetcit>https://www.epa.gov/enviroatlas/enviroatlas-fact-sheets</eadetcit><eaover>Synthetic N fertilizer inputs in 2006 were estimated using county-level estimates of farm N fertilizer
inputs. We acquired county-level data describing total farm-level inputs (kg N yr^-1) of synthetic N
fertilizer to individual counties in 2006 from the USGS (Gronberg and Spahr 2012). These data were
converted to per area rates (kg N ha yr^-1) of synthetic N fertilizer application by dividing the total N
input by the land area (ha) of combined cultivated crop and hay/pasture (agricultural) lands within a
county as determined from county-level summarization of the 2006 NLCD. We distributed
county-specific, per area N inputs rates to agricultural lands (30 x 30 m pixels) within the corresponding
county (Ruddy et al. 2006).

Literature Cited:
Cleveland, C. C., A. R. Townsend, D. S. Schimel, H. Fisher, R. W. Howarth, L. O. Hedin, S. S.
Perakis, E. F. Latty, J. C. Von Fischer, A. Elseroad, and M. F. Wasson. 1999. Global
patterns of terrestrial biological nitrogen (N2) fixation in natural ecosystems. Global
Biogeochemical Cycles 13:623-645.;
Gronberg, J. A. M., and N. E. Spahr. 2012. County-level estimates of nitrogen and phosphorus from
comercial fertilizer for the conterminous United States, 1987-2006. USGS Scientific
Investigations Report 2012-5207. Reston, VA.;
Herridge, D. F., M. B. Peoples, and R. M. Boddey. 2008. Global inputs of biological nitrogen fixation
in agricultural systems. Plant Soil 311:1-18.;
Kellogg R. L., C. H. Lander, D. C. Moffitt, and N. Gollehon. 2000. Manure nutrients relative to the
capacity of cropland and pastureland to assimilate nutrients: spatial and temporal trends for the
United States. US Department of Agriculture nps00-0579. Washington, DC.;
Peoples, M. B., J. Brockwell, D. F. Herridge, I. J. Rochester, B. J. R. Alves, S. Urquiaga, R. M.
Boddey, F. D. Dakora, S. Bhattarai, S. L. Maskey, C. Sampet, B. Rerkasem, D. F. Khan, H.
Hauggaard-Nielsen, and E. S. 2009. The contributions of nitrogen-fixing crop legumes to the
productivity of agricultural systems. Symbiosis 48:1-17.;
R Development Core Team. 2011. R: A language and environment for statistical computing. R
Foundation for Statistical Computing, Vienna, Austria. ISBN 3-900051-07-0, URL
http://www.R-project.org/.;
Rochester, I. J., M.B. People, G.A. Constable, and R.R. Gault. 1998. Faba beans and other legumes
add nitrogen to irrigated cotton cropping systems. Australian. Journal of Experimental
Research 38:253-260.;
Ruddy BC, Lorenz DL, and Mueller DK. 2006. County-level estimates of nutrient inputs to the land
surface of the conterminous United States, 1982-2001. USGS NAQWA Scientific
Investigations Report 2006-501. Reston, VA.;
Sanford, W. E., and D. L. Selnick. 2013. Estimation of evapotranspiration across the conterminous
United States using regression with climate and land-cover data. Journal of the American Water
Resources Association 49:217-230.;
Sobota, D. J., J. E. Compton, and J. A. Harrison. Past and present contributions of crop biological
nitrogen fixation to reactive nitrogen loading in the United States. Submitted to Ecological
Applications.;
Vitousek, P.M., D. N. L. Menge, S. C. Reed, and C. C. Cleveland. 2013. Biological nitrogen fixation:
rates, patterns and ecological controls in terrestrial ecosystems. Philosophical Transactions of
the British Royal Society 368:1471-2970.;
Yang, J. Y., C. F. Drury, X. M. Yang, R. De Jong, E. C. Huffman, C. A. Campbell, and V. Kirkwood.
2010. Estimating biological N2 fixation in Canadian agricultural land using legume yields.
Agriculture, Ecosystems and Environment 137:192-201.</eaover></overview></eainfo></metadata>
