<?xml version="1.0"?>
<metadata><Esri><CreaDate>20190325</CreaDate><CreaTime>12074800</CreaTime><SyncOnce>TRUE</SyncOnce><DataProperties><itemProps><itemLocation><linkage Sync="TRUE">file://\\V18OVHRTTF760\D$\Public\Data\projects\EnviroAtlas_Public\EDG_Download_STG\National\CONUS_metrics_Mar2019_METADATA\ImpairedWaters</linkage><protocol Sync="TRUE">Local Area Network</protocol></itemLocation></itemProps><copyHistory><copy source="D:\Public\Data\projects\EnviroAtlas_Public\FGDBs4EDG\CONUS\CONUS_metrics_October2017_METADATA\CONUS_metrics_October2017_METADATA\TableMetadata\ImpairedWaters" dest="\\V18OVHRTTF760\D$\Public\Data\projects\EnviroAtlas_Public\EDG_Download_STG\National\CONUS_metrics_Mar2019_METADATA\ImpairedWaters" date="20190325" time="12074800"></copy></copyHistory></DataProperties></Esri><idinfo><keywords><theme><themekt>ISO 19115 Topic Category</themekt><themekey>environment</themekey></theme><theme><themekt>EPA GIS Keyword Thesaurus</themekt><themekey>Ecosystem</themekey><themekey>Environment</themekey></theme><theme><themekt>EnviroAtlas</themekt><themekey>12-digit HUCs</themekey><themekey>Biota</themekey><themekey>Contaminant</themekey><themekey>Drinking Water</themekey><themekey>Ecosystem Services</themekey><themekey>EnviroAtlas</themekey><themekey>Environment</themekey><themekey>Environmental Atlas</themekey><themekey>Regulatory</themekey><themekey>Surface Water</themekey><themekey>Toxics</themekey><themekey>Water</themekey></theme><place><placekt>None</placekt><placekey>Alabama</placekey><placekey>Arizona</placekey><placekey>Arkansas</placekey><placekey>California</placekey><placekey>Colorado</placekey><placekey>Connecticut</placekey><placekey>Delaware</placekey><placekey>Florida</placekey><placekey>Georgia</placekey><placekey>Idaho</placekey><placekey>Illinois</placekey><placekey>Indiana</placekey><placekey>Iowa</placekey><placekey>Kansas</placekey><placekey>Kentucky</placekey><placekey>Louisiana</placekey><placekey>Maine</placekey><placekey>Maryland</placekey><placekey>Massachusetts</placekey><placekey>Michigan</placekey><placekey>Minnesota</placekey><placekey>Mississippi</placekey><placekey>Missouri</placekey><placekey>Montana</placekey><placekey>Nebraska</placekey><placekey>Nevada</placekey><placekey>New Hampshire</placekey><placekey>New Jersey</placekey><placekey>New Mexico</placekey><placekey>New York</placekey><placekey>North Carolina</placekey><placekey>North Dakota</placekey><placekey>Ohio</placekey><placekey>Oklahoma</placekey><placekey>Oregon</placekey><placekey>Pennsylvania</placekey><placekey>Rhode Island</placekey><placekey>South Carolina</placekey><placekey>South Dakota</placekey><placekey>Tennessee</placekey><placekey>Texas</placekey><placekey>United States</placekey><placekey>Utah</placekey><placekey>Vermont</placekey><placekey>Virginia</placekey><placekey>Washington</placekey><placekey>Washington DC</placekey><placekey>West Virginia</placekey><placekey>Wisconsin</placekey><placekey>Wyoming</placekey></place></keywords><citation><citeinfo><origin>US Environmental Protection Agency (US EPA)</origin><title>EnviroAtlas - 303(d) Impairments by 12-digit HUC for the Conterminous United States</title><pubinfo><publish>U.S. EPA Office of Research &amp; Development (ORD) - National Exposure Research Laboratory (NERL)</publish><pubplace>Research Triangle Park, NC</pubplace></pubinfo><pubdate>20160427</pubdate><onlink>https://edg.epa.gov/data/PUBLIC/ORD/ENVIROATLAS/National</onlink><onlink>https://enviroatlas.epa.gov/arcgis/rest/services/National/National2016_master/MapServer</onlink><onlink>https://www.epa.gov/enviroatlas/enviroatlas-data</onlink><onlink>https://www.epa.gov/enviroatlas</onlink></citeinfo></citation><timeperd><current>Publication date</current><timeinfo><mdattim><sngdate><caldate>20150501</caldate></sngdate><sngdate><caldate>201604</caldate></sngdate></mdattim></timeinfo></timeperd><status><progress>Complete</progress><update>As needed</update></status><spdom><bounding><westbc>-128.02839229</westbc><eastbc>-65.20336449</eastbc><northbc>51.6773602</northbc><southbc>22.7348894</southbc></bounding></spdom><accconst>None</accconst><useconst>None. Please check sources, scale, accuracy, currency and other available information. Please confirm that you are using the most recent copy of both data and metadata.  Acknowledgement of the EPA would be appreciated.</useconst><descript><abstract>This EnviroAtlas dataset depicts the total length of stream or river flowlines that have impairments submitted to the EPA by states under section 303(d) of the Clean Water Act. It also contains the total lengths of streams, rivers, and canals, total waterbody area, and stream density (stream length per area) from the US Geological Survey's high-resolution National Hydrography Dataset (NHD).

This dataset was produced by the US EPA to support research and online mapping activities related to EnviroAtlas. EnviroAtlas (https://www.epa.gov/enviroatlas) allows the user to interact with a web-based, easy-to-use, mapping application to view and analyze multiple ecosystem services for the contiguous United States. The dataset is available as downloadable data (https://edg.epa.gov/data/Public/ORD/EnviroAtlas) or as an EnviroAtlas map service. Additional descriptive information about each attribute in this dataset can be found in its associated EnviroAtlas Fact Sheet (https://www.epa.gov/enviroatlas/enviroatlas-fact-sheets).</abstract><purpose>This dataset shows the lengths of streams with and without impairments, the density of total streams, and the area of waterbodies by HUC12. Users can use this data to assess the type and extent of impairments in their watersheds. This information could be used to target watersheds in need of Best Management Practices (BMPs) to reduce non-point source pollution, or to develop remediation strategies that address common sources of impairments in a watershed. Stream length, density, and area could be used to study water supply. Users can also view this information along with other layers. For example, layers from this dataset could be overlaid with layers on impervious surface or riparian buffers, to identify possible sources of impairments and remediation needs, or combined with recreation layers to see where impairments could impact recreational use of waters. The overall goal of EnviroAtlas is to employ and develop the best available science to map indicators of ecosystem services production, demand, and drivers for the nation.</purpose><supplinf>Due to differences in how streams were recorded in the maps used to develop the NHD, stream length and stream density vary in some regions due to overcounting or undercounting of streams. Stream length and density should be taken as approximations. 

While most features in the 303(d) impairments list are coded onto NHD features, there are some custom data that are not associated with NHD; the NHD and 303(d) datasets do not always align. Therefore, in some 12-digit HUCs, the length of 303(d) impaired segments may exceed the length of segments recorded in the NHD dataset. 

In addition, the data on impairments only represent waters on a state's approved 303(d) list, and not all impaired water bodies. The extent of monitoring and the methods used vary from state to state. The 303(d) list does not include impaired waters with an established TMDL (Total Maximum Daily Load), impaired waters for which other pollution control mechanisms are in place and expected to attain water quality standards, or waters with impairments that are not result of pollution.
Additionally, the data are for whatever year each state last submitted its list of impaired waters to the EPA; these data are not all from the same year. 

Finally, the same stream segment may have multiple impairments. Therefore, summing the stream lengths for all impairments in a HUC may result in a number that is greater than the value for TotImpLen.</supplinf></descript><secinfo><secsys>https://project-open-data.github.io/schema/#accessLevel</secsys><secclass>public</secclass><sechandl>Standard Technical Controls</sechandl></secinfo><ptcontac><cntinfo><cntperp><cntorg>U.S. Environmental Protection Agency, Office of Research and Development-Sustainable and Healthy Communities Research Program, EnviroAtlas</cntorg><cntper>EnviroAtlas Coordinator</cntper></cntperp><cntpos>Geospatial Data Owner</cntpos><cntaddr><addrtype>mailing and physical address</addrtype><address>109 T.W. Alexander Drive</address><city>Research Triangle Park</city><state>NC</state><postal>27709</postal></cntaddr><cntvoice>(919) 541-3832</cntvoice><cntemail>EnviroAtlas@epa.gov</cntemail><cntinst>https://www.epa.gov/enviroatlas</cntinst></cntinfo></ptcontac></idinfo><dataqual><logic>Tests for integrity have not been performed.</logic><complete>Features represented have not been tested for completeness</complete><posacc><horizpa><horizpar>Data were collected using methods that have unknown accuracy (EPA National Geospatial Data Policy [NGDP] Accuracy Tier 10). For more information, please see EPA's NGDP at https://epa.gov/geospatial/policies.html</horizpar></horizpa></posacc><lineage><procstep><procdate>20160418</procdate><procdesc>1. Calculate the length of impaired waters by cause.</procdesc></procstep><procstep><procdate>20160418</procdate><procdesc>1.a. Obtained May 1, 2015 303(d) Listed Impaired Waters NHD Indexed Dataset from https://www.epa.gov/waterdata/waters-geospatial-data-downloads#303dListedImpairedWaters.</procdesc></procstep><procstep><procdate>20160420</procdate><procdesc>1.b. Dissolve rad_303d_l (Reach Address Database - feature class showing impaired reaches from the 303(d) Listed Impaired Waters NHD Indexed Dataset) on ESRI_key (convenience key provided to aid in joins and relates in ESRI software).</procdesc></procstep><procstep><procdate>20160420</procdate><procdesc>1.c. Identify impaired stream reaches for each category of impairment causes; the categories consist of groups of parent causes from attgeo_303dcaussrce (table of 303(d) Listed Impaired Waters by Causes of Impairment and Probable Sources from 303(d) Listed Impaired Waters NHD Indexed Dataset). See the overview section of the metadata for details on categories used.</procdesc></procstep><procstep><procdate>20160420</procdate><procdesc>1.d. Relate attgeo_303dcaussrce to rad_303d_l using the field ESRI_key.</procdesc></procstep><procstep><procdate>20160420</procdate><procdesc>1.e. Select reaches with impairment causes included in each EnviroAtlas impairment category. Select from attgeo_303dcaussrce where LW_PARENT_CAUSE_NAME (cause of impairment group name such as 'Pathogens' or 'Sediment') = "CAUSE" and select Related Tables to select all reaches with a given impairment cause. Export selected features, and dissolve them to prevent double-counting of streams with more than one impairment.</procdesc></procstep><procstep><procdate>20160421</procdate><procdesc>1.d. For each category of impairment causes, find the total length of impaired streams in each HUC12. Intersect each dissolved feature class from the previous step with the NHDPlusV2_WBDSnapshot_EnviroAtlas_CONUS. Add the field "KM", calculate the length in kilometers, then summarize on the HUC_12 field, with the sum of "KM" as a summary statistic. The output will be a table for each impairment category containing the total length of all impaired streams by HUC12.</procdesc></procstep><procstep><procdate>20160425</procdate><procdesc>2. Calculate the total waterbody area, total stream length, and stream density by HUC12.</procdesc></procstep><procstep><procdate>20160425</procdate><procdesc>2.a. Obtain the high-resolution NHD datasets, by state, from the USGS (ftp://rockyftp.cr.usgs.gov/vdelivery/Datasets/Staged/Hydrography/NHD/State/HighResolution).</procdesc></procstep><procstep><procdate>20160425</procdate><procdesc>2.b. Merge NHDWaterbody shapefiles for all states, then use the Delete Identical tool to eliminate duplicated lines that were created by the merge. Repeat with NHDFlowline and NHDArea shapefiles.</procdesc></procstep><procstep><procdate>20160426</procdate><procdesc>2.c. Find the total area of all waterbodies in each HUC12. Dissolved the merged waterbodies feature class. Intersected it with NHDPlusV2_WBDSnapshot_EnviroAtlas_CONUS. Calculated the area in square kilometers for each feature in the intersection. Summarized on the HUC_12 field, with the sum of square kilometers as a summary statistic. Change any nulls to zero. The output is a table with the total waterbody area for each HUC12.</procdesc></procstep><procstep><procdate>20160427</procdate><procdesc>2.d. Find the total stream length for each HUC12. First, remove flowlines that do not represent streams or rivers. Add a field for feature type (FTYPE) names to the merged NHD flowlines; use the table from the help file at http://nhd.usgs.gov/userGuide/Robohelpfiles/NHD_User_Guide/Feature_Catalog/Hydrography_Dataset/Complete_FCode_List.htm to add feature types based on FCODE. Do the same for the merged NHDArea feature class. Add a second field to the flowlines, AreaFCODE. Join the merged NHDArea feature class to the flowlines using the Permanent_Identifier from NHDArea and WBArea_Permanent_Identifier from NHDFlowlines. Copy the FCODE from NHDArea to AreaFCODE in the flowlines. Delete all flowlines with feature type 'COASTLINE,' 'PIPELINE,' or 'UNDERGROUND CONDUIT;' also delete ARTIFICIAL PATH features if AreaFCODE does not equal 'STREAM/RIVER.' The remaining reaches are of FTYPE STREAM/RIVER, CANAL/DITCH, CONNECTOR, or ARTIFICIAL PATH, where ARTIFICIAL PATH represents STREAM/RIVER areas. Intersect the remaining flowlines with the 12-digit HUCs, then dissolve the output on the HUC_12 field. Calculate length in kilometers.</procdesc></procstep><procstep><procdate>20160429</procdate><procdesc>2.e. Calculate stream density. Calculate the areas of the 12-digit HUCs in square kilometers, join them to the flowlines, and divide stream length by HUC12 area to find stream density.</procdesc></procstep><procstep><procdate>20160429</procdate><procdesc>3. Get the total length of streams with any 303(d) impairment. Intersect rad_303d_l with the 12-digit HUCs, dissolve the output on HUC_12, and calculate the flowline length in kilometers for each HUC12.</procdesc></procstep><procstep><procdate>20160429</procdate><procdesc>4. Join outputs and export to Impaired_Waters_2016.</procdesc></procstep></lineage></dataqual><spref><horizsys><planar><planci><plance>coordinate pair</plance><plandu>meters</plandu><coordrep><absres>0.000001</absres><ordres>0.000001</ordres></coordrep></planci><mapproj><mapprojn>Albers Conical Equal Area</mapprojn><albers><stdparll>29.500000</stdparll><stdparll>45.500000</stdparll><longcm>-96.000000</longcm><latprjo>23.000000</latprjo><feast>0.000000</feast><fnorth>0.000000</fnorth></albers></mapproj></planar><geodetic><horizdn>North American Datum of 1983</horizdn><ellips>Geodetic Reference System 80</ellips><semiaxis>6378137.000000</semiaxis><denflat>298.257222</denflat></geodetic></horizsys></spref><distinfo><resdesc>Downloadable Data</resdesc><distliab>https://edg.epa.gov/EPA_Data_License.html</distliab><distrib><cntinfo><cntorgp><cntorg>U.S. Environmental Protection Agency, Office of Research and Development-Sustainable and Healthy Communities Research Program, EnviroAtlas</cntorg><cntper>EnviroAtlas Coordinator</cntper></cntorgp><cntpos>Geospatial Data Owner</cntpos><cntaddr><addrtype>mailing and physical address</addrtype><address>109 T.W. Alexander Drive</address><city>Research Triangle Park</city><state>NC</state><postal>27709</postal></cntaddr><cntvoice>(919) 541-3832</cntvoice><cntemail>EnviroAtlas@epa.gov</cntemail><cntinst>https://www.epa.gov/enviroatlas</cntinst></cntinfo></distrib></distinfo><metainfo><metstdn>FGDC Content Standard for Digital Geospatial Metadata</metstdn><metstdv>FGDC-STD-001-1998</metstdv><metd>20170522</metd><metfrd>20210522</metfrd><metc><cntinfo><cntorgp><cntorg>U.S. Environmental Protection Agency, Office of Research and Development-Sustainable and Healthy Communities Research Program, EnviroAtlas</cntorg><cntper>EnviroAtlas Coordinator</cntper></cntorgp><cntpos>Geospatial Data Owner</cntpos><cntaddr><addrtype>mailing and physical address</addrtype><address>109 T.W. Alexander Drive</address><city>Research Triangle Park</city><state>NC</state><postal>27709</postal></cntaddr><cntvoice>(919) 541-3832</cntvoice><cntemail>EnviroAtlas@epa.gov</cntemail><cntinst>https://www.epa.gov/enviroatlas</cntinst></cntinfo></metc></metainfo><eainfo><detailed><enttyp><enttypl>ImpairedWaters_2015</enttypl><enttypd>Lengths of streams with listed 303(d) impairements, with stream length, stream density, and waterbody area.</enttypd><enttypds>US EPA</enttypds></enttyp><attr><attrlabl>HUC_12</attrlabl><attrdef>Twelve Digit Hydrologic Unit Code. This field provides a unique 12-digit code for each subwatershed. Numbers were assigned in an upstream to downstream fashion. Where no downstream/upstream relationship could be determined, numbers were assigned in a clockwise fashion.</attrdef><attrdefs>Federal Guidelines, Requirements, and Procedures for the National Watershed Boundary Dataset; Chapter 3 of Section A; Federal Standards, Book 11, Collection and Delineation of Spatial Data; Techniques and Methods 11-A3.</attrdefs><attrdomv><rdom><rdommin>010000000000</rdommin><rdommax>999999999999</rdommax></rdom></attrdomv></attr><attr><attrlabl>WaterbodyArea</attrlabl><attrdef>Total area of all waterbodies (square kilometers), from the high-resolution NHDWaterbody dataset.</attrdef><attrdefs>US EPA</attrdefs><attrdomv><rdom><rdommin>0</rdommin><rdommax>3750.36</rdommax></rdom></attrdomv></attr><attr><attrlabl>TotalLength</attrlabl><attrdef>The total length (km) of streams, rivers, canals, and connectors from the high-resolution NHDFlowlines.</attrdef><attrdefs>US EPA</attrdefs><attrdomv><rdom><rdommin>0</rdommin><rdommax>4517.96</rdommax></rdom></attrdomv></attr><attr><attrlabl>StreamDensity</attrlabl><attrdef>The length of streams per 12-digit HUC in km, divided by the area in square km.</attrdef><attrdefs>US EPA</attrdefs><attrdomv><rdom><rdommin>0</rdommin><rdommax>9.92</rdommax></rdom></attrdomv></attr><attr><attrlabl>BiotaImpLen</attrlabl><attrdef>Total stream length (km) with 303(d) impairments "Cause Unknown - Impaired Biota," "Cause Unknown - Fish Kills," or "Fish Consumption Advisory."</attrdef><attrdefs>US EPA</attrdefs><attrdomv><rdom><rdommin>0</rdommin><rdommax>150.22</rdommax></rdom></attrdomv></attr><attr><attrlabl>MercuryImpLen</attrlabl><attrdef>Total stream length (km) with 303(d) impairment "Mercury."</attrdef><attrdefs>US EPA</attrdefs><attrdomv><rdom><rdommin>0</rdommin><rdommax>713.51</rdommax></rdom></attrdomv></attr><attr><attrlabl>MetalsImpLen</attrlabl><attrdef>Total stream length (km) with 303(d) impairment "Metals (other than mercury)."</attrdef><attrdefs>US EPA</attrdefs><attrdomv><rdom><rdommin>0</rdommin><rdommax>473.51</rdommax></rdom></attrdomv></attr><attr><attrlabl>NuisanceImpLen</attrlabl><attrdef>Total stream length (km) with 303(d) impairments "Algal growth," "Noxious aquatic plants," "Nuisance exotic species," and "Nuisance native species."</attrdef><attrdefs>US EPA</attrdefs><attrdomv><rdom><rdommin>0</rdommin><rdommax>227.66</rdommax></rdom></attrdomv></attr><attr><attrlabl>NutImpLen</attrlabl><attrdef>Total stream length (km) with 303(d) impairment "Nutrients."</attrdef><attrdefs>US EPA</attrdefs><attrdomv><rdom><rdommin>0</rdommin><rdommax>711.92</rdommax></rdom></attrdomv></attr><attr><attrlabl>OrgEnrO2DepImpLen</attrlabl><attrdef>Total stream length (km) with 303(d) impairment "Organic enrichment/Oxygen depletion."</attrdef><attrdefs>US EPA</attrdefs><attrdomv><rdom><rdommin>0</rdommin><rdommax>713.43</rdommax></rdom></attrdomv></attr><attr><attrlabl>PathogenImpLen</attrlabl><attrdef>Total stream length (km) with 303(d) impairment "Pathogens."</attrdef><attrdefs>US EPA</attrdefs><attrdomv><rdom><rdommin>0</rdommin><rdommax>464.85</rdommax></rdom></attrdomv></attr><attr><attrlabl>PesticidesImpLen</attrlabl><attrdef>Total stream length (km) with 303(d) impairment "Pesticides."</attrdef><attrdefs>US EPA</attrdefs><attrdomv><rdom><rdommin>0</rdommin><rdommax>473.51</rdommax></rdom></attrdomv></attr><attr><attrlabl>pHImpLen</attrlabl><attrdef>Total stream length (km) with 303(d) impairment "pH/acidity/caustic conditions."</attrdef><attrdefs>US EPA</attrdefs><attrdomv><rdom><rdommin>0</rdommin><rdommax>138.09</rdommax></rdom></attrdomv></attr><attr><attrlabl>SedTurbImpLen</attrlabl><attrdef>Total stream length (km) with 303(d) impairments "Sediment" or "Turbidity."</attrdef><attrdefs>US EPA</attrdefs><attrdomv><rdom><rdommin>0</rdommin><rdommax>365.83</rdommax></rdom></attrdomv></attr><attr><attrlabl>TempImpLen</attrlabl><attrdef>Total stream length (km) with 303(d) impairment "Temperature."</attrdef><attrdefs>US EPA</attrdefs><attrdomv><rdom><rdommin>0</rdommin><rdommax>142.00</rdommax></rdom></attrdomv></attr><attr><attrlabl>OtherImpLen</attrlabl><attrdef>Total stream length (km) with 303(d) impairments "cause unknown," "other cause," "flow alteration(s)," "habitat alterations," "ammonia," "biotoxins," "chlorine," "dioxins," "oil and grease," "polychlorinated biphenyls (pcbs)," "radiation," "salinity/total dissolved solids/chlorides/sulfates," "taste, color, and odor," "total toxics," "toxic inorganics," "toxic organics," or "trash."</attrdef><attrdefs>US EPA</attrdefs><attrdomv><rdom><rdommin>0</rdommin><rdommax>764.37</rdommax></rdom></attrdomv></attr><attr><attrlabl>TotImpLen</attrlabl><attrdef>Total stream length (km) with any listed 303(d) impairment.</attrdef><attrdefs>US EPA</attrdefs><attrdomv><rdom><rdommin>0</rdommin><rdommax>765.87</rdommax></rdom></attrdomv></attr></detailed><overview><eadetcit>https://www.epa.gov/enviroatlas/enviroatlas-fact-sheets</eadetcit><eaover>For more information about EnviroAtlas data, go to https://www.epa.gov/enviroatlas/enviroatlas-fact-sheets.

			Stream length is based on the high-resolution NHD flowlines. The feature types STREAM/RIVER, CANAL/DITCH, and CONNECTOR were included; ARTIFICIAL PATH was included only where the path has a corresponding NHDArea feature with FTYPE StreamRiver. The feature types COASTLINE, PIPELINE, and UNDERGROUND CONDUIT were excluded. 
			
			Waterbody area is based on the high-resolution NHD waterbodies. All waterbody feature types were included. 
			
The impairment parent causes were grouped into the following categories:
*	Temperature: TEMPERATURE;
*	Sediment and Turbidity: SEDIMENT, TURBIDITY;
*	Biota: CAUSE UNKNOWN - FISH KILLS, CAUSE UNKNOWN - IMPAIRED BIOTA, FISH CONSUMPTION ADVISORY;
*	Mercury: MERCURY;
*	Metals other than mercury: METALS (OTHER THAN MERCURY);
*	Nuisance species: ALGAL GROWTH, NOXIOUS AQUATIC PLANTS, NUISANCE EXOTIC SPECIES, NUISANCE NATIVE SPECIES;
*	Nutrients: NUTRIENTS;
*	OrganicEnrichO2Deplet: ORGANIC ENRICHMENT/OXYGEN DEPLETION;
*	Pathogens: PATHOGENS;
*	Pesticides: PESTICIDES;
*	pH: PH/ACIDITY/CAUSTIC CONDITIONS;
*	Other: CAUSE UNKNOWN, OTHER CAUSE, FLOW ALTERATION(S), HABITAT ALTERATIONS, AMMONIA, BIOTOXINS, CHLORINE, DIOXINS, OIL AND GREASE, POLYCHLORINATED BIPHENYLS (PCBS), RADIATION, SALINITY/TOTAL DISSOLVED SOLIDS/CHLORIDES/SULFATES, TASTE, COLOR, AND ODOR, TOTAL TOXICS, TOXIC INORGANICS, TOXIC ORGANICS, TRASH
*	Total impairments: All causes

No feature types were removed from the impaired waters database; a small fraction of the impairments are for coastlines or pipelines.

For more information about EnviroAtlas data, go to https://www.epa.gov/enviroatlas/enviroatlas-fact-sheets."</eaover></overview></eainfo></metadata>
