<?xml version="1.0"?>
<metadata><Esri><CreaDate>20190325</CreaDate><CreaTime>12074800</CreaTime><SyncOnce>TRUE</SyncOnce><DataProperties><itemProps><itemLocation><linkage Sync="TRUE">file://\\V18OVHRTTF760\D$\Public\Data\projects\EnviroAtlas_Public\EDG_Download_STG\National\CONUS_metrics_Mar2019_METADATA\impervious</linkage><protocol Sync="TRUE">Local Area Network</protocol></itemLocation></itemProps><copyHistory><copy source="D:\Public\Data\projects\EnviroAtlas_Public\FGDBs4EDG\CONUS\CONUS_metrics_October2017_METADATA\CONUS_metrics_October2017_METADATA\TableMetadata\impervious" dest="\\V18OVHRTTF760\D$\Public\Data\projects\EnviroAtlas_Public\EDG_Download_STG\National\CONUS_metrics_Mar2019_METADATA\impervious" date="20190325" time="12074800"></copy></copyHistory></DataProperties></Esri><idinfo><keywords><theme><themekt>ISO 19115 Topic Category</themekt><themekey>environment</themekey></theme><theme><themekt>EPA GIS Keyword Thesaurus</themekt><themekey>Ecosystem</themekey><themekey>Environment</themekey></theme><theme><themekt>EnviroAtlas</themekt><themekey>Ecology</themekey><themekey>Ecosystem</themekey><themekey>Ecosystem Services</themekey><themekey>EnviroAtlas</themekey><themekey>Environment</themekey><themekey>Environmental Atlas</themekey><themekey>Impact</themekey><themekey>Indicator</themekey><themekey>Land Cover</themekey></theme><place><placekt>None</placekt><placekey>Alabama</placekey><placekey>Arizona</placekey><placekey>Arkansas</placekey><placekey>California</placekey><placekey>Colorado</placekey><placekey>Connecticut</placekey><placekey>Delaware</placekey><placekey>Florida</placekey><placekey>Georgia</placekey><placekey>Idaho</placekey><placekey>Illinois</placekey><placekey>Indiana</placekey><placekey>Iowa</placekey><placekey>Kansas</placekey><placekey>Kentucky</placekey><placekey>Louisiana</placekey><placekey>Maine</placekey><placekey>Maryland</placekey><placekey>Massachusetts</placekey><placekey>Michigan</placekey><placekey>Minnesota</placekey><placekey>Mississippi</placekey><placekey>Missouri</placekey><placekey>Montana</placekey><placekey>Nebraska</placekey><placekey>Nevada</placekey><placekey>New Hampshire</placekey><placekey>New Jersey</placekey><placekey>New Mexico</placekey><placekey>New York</placekey><placekey>North Carolina</placekey><placekey>North Dakota</placekey><placekey>Ohio</placekey><placekey>Oklahoma</placekey><placekey>Oregon</placekey><placekey>Pennsylvania</placekey><placekey>Rhode Island</placekey><placekey>South Carolina</placekey><placekey>South Dakota</placekey><placekey>Tennessee</placekey><placekey>Texas</placekey><placekey>United States</placekey><placekey>Utah</placekey><placekey>Vermont</placekey><placekey>Virginia</placekey><placekey>Washington</placekey><placekey>Washington DC</placekey><placekey>West Virginia</placekey><placekey>Wisconsin</placekey><placekey>Wyoming</placekey></place><theme><themekt>User</themekt><themekey>12-digit HUCs</themekey></theme></keywords><citation><citeinfo><origin>US Environmental Protection Agency (US EPA)</origin><title>EnviroAtlas - Percent Impervious for the Conterminous United States</title><pubinfo><publish>U.S. EPA Office of Research &amp; Development (ORD) - National Exposure Research Laboratory (NERL)</publish><pubplace>Research Triangle Park, NC</pubplace></pubinfo><pubdate>20160520</pubdate><onlink>https://edg.epa.gov/data/PUBLIC/ORD/ENVIROATLAS/National</onlink><onlink>https://enviroatlas.epa.gov/arcgis/rest/services/National/National2016_master/MapServer</onlink><onlink>https://www.epa.gov/enviroatlas/enviroatlas-data</onlink><onlink>https://www.epa.gov/enviroatlas</onlink></citeinfo></citation><timeperd><current>Publication date</current><timeinfo><sngdate><caldate>2006</caldate></sngdate></timeinfo></timeperd><status><progress>Complete</progress><update>As needed</update></status><spdom><bounding><westbc>-128.02839229</westbc><eastbc>-65.20336449</eastbc><northbc>51.6773602</northbc><southbc>22.7348894</southbc></bounding></spdom><accconst>None</accconst><useconst>None. Please check sources, scale, accuracy, currency and other available information. Please confirm that you are using the most recent copy of both data and metadata.  Acknowledgement of the EPA would be appreciated.</useconst><descript><abstract>This dataset shows the percentage of each Watershed Boundary Dataset (WBD) 12-digit hydrologic unit (HUC) that is classified as impervious by the 2006 National Land Cover Dataset (NLCD) Percent Developed Impervious surface layer. This dataset was produced by the US EPA to support research and online mapping activities related to EnviroAtlas. EnviroAtlas (https://www.epa.gov/enviroatlas) allows the user to interact with a web-based, easy-to-use, mapping application to view and analyze multiple ecosystem services for the contiguous United States. The dataset is available as downloadable data (https://edg.epa.gov/data/Public/ORD/EnviroAtlas) or as an EnviroAtlas map service. Additional descriptive information about each attribute in this dataset can be found in its associated EnviroAtlas Fact Sheet (https://www.epa.gov/enviroatlas/enviroatlas-fact-sheets).</abstract><purpose>This dataset is useful for evaluating the potential value of ecosystem services provided by vegetation zones. The overall goal of EnviroAtlas is to employ and develop the best available science to map indicators of ecosystem services production, demand, and drivers for the nation.</purpose><supplinf>This EnviroAtlas dataset is based on data originally developed using a version of the Watershed Boundary Dataset (WBD 2011) extracted for EnviroAtlas on March 22, 2011. In 2015, EnviroAtlas transitioned from the WBD 2011 to a newer version - the National Hydrography Dataset Plus (NHDPlus) V2 WBD Snapshot, EnviroAtlas version - which includes updated 12-digit HUC boundaries for the Conterminous United States. 

			This EnviroAtlas dataset was created by reallocating the original WBD 2011 dataset to the NHDPlus V2 WBD Snapshot using area-weighted reallocation. The area weighting process assumes that values are distributed evenly across HUCs. In cases where values are unevenly distributed within a HUC, this can result in misallocated values in the new dataset. Therefore, users should exercise caution when interpreting this data, especially in regions where there are significant changes to the 12-digit HUCs. The majority of spatial changes between the two 12-digit HUC versions took place along the California coast, in Minnesota, and along the US-Canada border, especially in New England. Metric values for most of the rest of the United States are essentially unchanged. If the user is interested in data for a specific small area, especially in areas that were modified, using the original WBD 2011 version of this dataset joined with the WBD 2011 boundary feature class should provide accurate metric values. As new versions of the dataset are developed using the 2015 HUCs, these will replace the reallocated datasets in EnviroAtlas.

			Before reallocating the metrics, edits were made to the area of some 12-digit HUCs. For example, along the coast of California some 12-digit HUCs had stopped at the coastline in the WBD 2011 dataset but were extended into the ocean in the NHDPlus V2 dataset. Instead of reallocating the metrics using the total area of the NHDPlus V2 HUCs, the land area based on National Land Cover Database (NLCD) 2011 was used to update the land area values. This ensured the land area of the NHDPlus V2 HUCs roughly matched the land area of the WBD 2011 HUCs. This method helped avoid incorrectly distributing terrestrial metrics, such as including the new ocean-extended area in the denominator of values that were originally calculated using land-only area as the denominator, which would result in artificially lowering the values of per-unit area metrics in the ocean-extended HUCs.</supplinf></descript><secinfo><secsys>https://project-open-data.github.io/schema/#accessLevel</secsys><secclass>public</secclass><sechandl>Standard Technical Controls</sechandl></secinfo><ptcontac><cntinfo><cntperp><cntorg>U.S. Environmental Protection Agency, Office of Research and Development-Sustainable and Healthy Communities Research Program, EnviroAtlas</cntorg><cntper>EnviroAtlas Coordinator</cntper></cntperp><cntpos>Geospatial Data Owner</cntpos><cntaddr><addrtype>mailing and physical address</addrtype><address>109 T.W. Alexander Drive</address><city>Research Triangle Park</city><state>NC</state><postal>27709</postal></cntaddr><cntvoice>(919) 541-3832</cntvoice><cntemail>EnviroAtlas@epa.gov</cntemail><cntinst>https://www.epa.gov/enviroatlas</cntinst></cntinfo></ptcontac></idinfo><dataqual><logic>Tests for integrity have not been performed.</logic><complete>Features represented have not been tested for completeness</complete><posacc><horizpa><horizpar>Data were collected using methods that have unknown accuracy (EPA National Geospatial Data Policy [NGDP] Accuracy Tier 10). For more information, please see EPA's NGDP at https://epa.gov/geospatial/policies.html</horizpar></horizpa></posacc><lineage><procstep><procdate>20110217</procdate><procdesc>Obtained 2006 National Land Cover Dataset Impervious Surface layer</procdesc></procstep><procstep><procdate>20110330</procdate><procdesc>Obtained National Watershed Boundary Dataset</procdesc></procstep><procstep><procdate>20110331</procdate><procdesc>Projected WBD into Albers and separated it into 2-digit hydrologic units areas</procdesc></procstep><procstep><procdate>20110408</procdate><procdesc>Extracted NLCD Impervious Surface by 2-digit hydrologic unit areas</procdesc></procstep><procstep><procdate>20110526</procdate><procdesc>Summarized by Zone the Impervious Surface grids using the HUC-12 identifier in the WBD to define zones</procdesc></procstep><procstep><procdate>20110526</procdate><procdesc>Joined summarized output to attribute table using HUC-12 as the join field</procdesc></procstep><procstep><procdate>20110526</procdate><procdesc>Renamed field 'MEAN' in summarized results to 'pIMPV'</procdesc></procstep><procstep><procdate>20110526</procdate><procdesc>Calculated value of pIMPV field to '-1' where overlap with NLCD = 0</procdesc></procstep><procstep><procdate>20150320</procdate><procdesc>Reallocated values from the original March 22 2011 WBD to the NHDPlus V2 WBD Snapshot, EnviroAtlas version for the Conterminous United States using area-weighted redistribution.</procdesc></procstep></lineage></dataqual><spref><horizsys><planar><planci><plance>coordinate pair</plance><plandu>meters</plandu><coordrep><absres>0.000001</absres><ordres>0.000001</ordres></coordrep></planci><mapproj><mapprojn>Albers Conical Equal Area</mapprojn><albers><stdparll>29.500000</stdparll><stdparll>45.500000</stdparll><longcm>-96.000000</longcm><latprjo>23.000000</latprjo><feast>0.000000</feast><fnorth>0.000000</fnorth></albers></mapproj></planar><geodetic><horizdn>North American Datum of 1983</horizdn><ellips>Geodetic Reference System 80</ellips><semiaxis>6378137.000000</semiaxis><denflat>298.257222</denflat></geodetic></horizsys></spref><distinfo><resdesc>Downloadable Data</resdesc><distliab>https://edg.epa.gov/EPA_Data_License.html</distliab><distrib><cntinfo><cntorgp><cntorg>U.S. Environmental Protection Agency, Office of Research and Development-Sustainable and Healthy Communities Research Program, EnviroAtlas</cntorg><cntper>EnviroAtlas Coordinator</cntper></cntorgp><cntpos>Geospatial Data Owner</cntpos><cntaddr><addrtype>mailing and physical address</addrtype><address>109 T.W. Alexander Drive</address><city>Research Triangle Park</city><state>NC</state><postal>27709</postal></cntaddr><cntvoice>(919) 541-3832</cntvoice><cntemail>EnviroAtlas@epa.gov</cntemail><cntinst>https://www.epa.gov/enviroatlas</cntinst></cntinfo></distrib></distinfo><metainfo><metstdn>FGDC Content Standard for Digital Geospatial Metadata</metstdn><metstdv>FGDC-STD-001-1998</metstdv><metd>20170522</metd><metfrd>20210522</metfrd><metc><cntinfo><cntorgp><cntorg>U.S. Environmental Protection Agency, Office of Research and Development-Sustainable and Healthy Communities Research Program, EnviroAtlas</cntorg><cntper>EnviroAtlas Coordinator</cntper></cntorgp><cntpos>Geospatial Data Owner</cntpos><cntaddr><addrtype>mailing and physical address</addrtype><address>109 T.W. Alexander Drive</address><city>Research Triangle Park</city><state>NC</state><postal>27709</postal></cntaddr><cntvoice>(919) 541-3832</cntvoice><cntemail>EnviroAtlas@epa.gov</cntemail><cntinst>https://www.epa.gov/enviroatlas</cntinst></cntinfo></metc></metainfo><eainfo><detailed><enttyp><enttypl>impervious</enttypl><enttypd>Percentage of hydrologic unit that is classified as impervious surface by the 2006 NLCD</enttypd><enttypds>USEPA/ORD/NERL/ESD/LEB</enttypds></enttyp><attr><attrlabl>HUC_12</attrlabl><attrdef>Twelve Digit Hydrologic Unit Code. This field provides a unique 12-digit code for each subwatershed. Numbers were assigned in an upstream to downstream fashion. Where no downstream/upstream relationship could be determined, numbers were assigned in a clockwise fashion.</attrdef><attrdefs>Federal Guidelines, Requirements, and Procedures for the National Watershed Boundary Dataset; Chapter 3 of Section A; Federal Standards, Book 11, Collection and Delineation of Spatial Data; Techniques and Methods 11-A3.</attrdefs><attrdomv><rdom><rdommin>010000000000</rdommin><rdommax>999999999999</rdommax></rdom></attrdomv></attr><attr><attrlabl>LC_OVERLAP</attrlabl><attrdef>Percentage of overlap between the WBD 12-digit hydrologic unit and the 2006 NLCD. Use this field to determine if enough land data exists with the hydrologic unit to provide a reliable estimate.</attrdef><attrdefs>USEPA/ORD/NERL/ESD/LEB</attrdefs><attrdomv><rdom><rdommin>0</rdommin><rdommax>100</rdommax></rdom></attrdomv></attr><attr><attrlabl>PIMPV</attrlabl><attrdef>Percentage of WBD 12-digit Hydrologic Unit that is classified as impervious by the 2006 NLCD Percent Developed Impervious surface layer.</attrdef><attrdefs>USEPA/ORD/NERL/ESD/LEB</attrdefs><attrdomv><rdom><rdommin>0</rdommin><rdommax>72</rdommax></rdom></attrdomv></attr></detailed><overview><eadetcit>https://www.epa.gov/enviroatlas/enviroatlas-fact-sheets</eadetcit><eaover>A comprehensive list of metric creation steps is included in the Processing Steps.</eaover></overview></eainfo></metadata>
