<?xml version="1.0"?>
<metadata>
	<Esri>
		<PublishedDocID>{A0F2736A-3F50-4BB2-B3D7-B12C3552AAE6}</PublishedDocID>
	</Esri>
	<idinfo>
		<keywords>
			<theme>
				<themekt>ISO 19115 Topic Category</themekt>
				<themekey>environment</themekey>
			</theme>
			<theme>
				<themekt>EPA GIS Keyword Thesaurus</themekt>
				<themekey>Ecosystem</themekey>
				<themekey>Environment</themekey>
			</theme>
			<place>
				<placekt>None</placekt>
				<placekey>Alabama</placekey>
				<placekey>Arizona</placekey>
				<placekey>Arkansas</placekey>
				<placekey>California</placekey>
				<placekey>Colorado</placekey>
				<placekey>Connecticut</placekey>
				<placekey>Delaware</placekey>
				<placekey>Florida</placekey>
				<placekey>Georgia</placekey>
				<placekey>Idaho</placekey>
				<placekey>Illinois</placekey>
				<placekey>Indiana</placekey>
				<placekey>Iowa</placekey>
				<placekey>Kansas</placekey>
				<placekey>Kentucky</placekey>
				<placekey>Louisiana</placekey>
				<placekey>Maine</placekey>
				<placekey>Maryland</placekey>
				<placekey>Massachusetts</placekey>
				<placekey>Michigan</placekey>
				<placekey>Minnesota</placekey>
				<placekey>Mississippi</placekey>
				<placekey>Missouri</placekey>
				<placekey>Montana</placekey>
				<placekey>Nebraska</placekey>
				<placekey>Nevada</placekey>
				<placekey>New Hampshire</placekey>
				<placekey>New Jersey</placekey>
				<placekey>New Mexico</placekey>
				<placekey>New York</placekey>
				<placekey>North Carolina</placekey>
				<placekey>North Dakota</placekey>
				<placekey>Ohio</placekey>
				<placekey>Oklahoma</placekey>
				<placekey>Oregon</placekey>
				<placekey>Pennsylvania</placekey>
				<placekey>Rhode Island</placekey>
				<placekey>South Carolina</placekey>
				<placekey>South Dakota</placekey>
				<placekey>Tennessee</placekey>
				<placekey>Texas</placekey>
				<placekey>United States</placekey>
				<placekey>Utah</placekey>
				<placekey>Vermont</placekey>
				<placekey>Virginia</placekey>
				<placekey>Washington</placekey>
				<placekey>Washington DC</placekey>
				<placekey>West Virginia</placekey>
				<placekey>Wisconsin</placekey>
				<placekey>Wyoming</placekey>
			</place>
			<theme>
				<themekt>EnviroAtlas</themekt>
				<themekey>12-digit HUCs</themekey>
				<themekey>Ecosystem Services</themekey>
				<themekey>EnviroAtlas</themekey>
				<themekey>Environment</themekey>
				<themekey>Environmental Atlas</themekey>
				<themekey>Land Cover</themekey>
				<themekey>Riparian</themekey>
				<themekey>Surface Water</themekey>
				<themekey>Water</themekey>
			</theme>
		</keywords>
		<citation>
			<citeinfo>
				<origin>US Environmental Protection Agency (US EPA)</origin>
				<title>EnviroAtlas - 2011 Riparian Land Cover Proportions by 12-digit HUC for the Conterminous United States</title>
				<pubinfo>
					<publish>U.S. EPA Office of Research &amp; Development (ORD) - National Exposure Research Laboratory (NERL)</publish>
					<pubplace>Research Triangle Park, NC</pubplace>
				</pubinfo>
				<pubdate>20170629</pubdate>
				<onlink>https://edg.epa.gov/data/PUBLIC/ORD/ENVIROATLAS</onlink>
				<onlink>https://enviroatlas.epa.gov/arcgis/rest/services</onlink>
				<onlink>https://www.epa.gov/enviroatlas/enviroatlas-data</onlink>
				<onlink>https://www.epa.gov/enviroatlas</onlink>
			</citeinfo>
		</citation>
		<timeperd>
			<current>Ground condition</current>
			<timeinfo>
				<sngdate>
					<caldate>2011</caldate>
				</sngdate>
			</timeinfo>
		</timeperd>
		<status>
			<progress>Complete</progress>
			<update>As needed</update>
		</status>
		<spdom>
			<bounding>
				<westbc>-128.02839229</westbc>
				<eastbc>-65.20336449</eastbc>
				<northbc>51.6773602</northbc>
				<southbc>22.7348894</southbc>
			</bounding>
		</spdom>
		<accconst>None</accconst>
		<useconst>None. Please check sources, scale, accuracy, currency and other available information. Please confirm that you are using the most recent copy of both data and metadata.  Acknowledgement of the EPA would be appreciated.</useconst>
		<descript>
			<abstract>This EnviroAtlas dataset represents the percentage land area that is classified as forest (excluding wetlands), forest including woody wetlands, and natural land cover that occurs within 45 meters of streams for each 12-digit hydrologic unit code (HUC) in the conterminous United States. Land cover is defined using the EnviroAtlas hybrid Cropland Data Layer (CDL) - 2011 National Land Cover Dataset (NLCD). Steams were derived from the NHDPlus Version 2 dataset.

This dataset was produced by the US EPA to support research and online mapping activities related to EnviroAtlas. EnviroAtlas (https://www.epa.gov/enviroatlas) allows the user to interact with a web-based, easy-to-use, mapping application to view and analyze multiple ecosystem services for the contiguous United States. The dataset is available as downloadable data (https://edg.epa.gov/data/Public/ORD/EnviroAtlas) or as an EnviroAtlas map service. Additional descriptive information about each attribute in this dataset can be found in its associated EnviroAtlas Fact Sheet (https://www.epa.gov/enviroatlas/enviroatlas-fact-sheets).</abstract>
			<purpose>This dataset is useful for evaluating the potential value of ecosystem services provided by vegetation communities, and the impacts of developed land cover. The overall goal of EnviroAtlas is to employ and develop the best available science to map indicators of ecosystem services production, demand, and drivers for the nation.</purpose>
		</descript>
		<secinfo>
			<secsys>https://project-open-data.github.io/schema/#accessLevel</secsys>
			<secclass>public</secclass>
			<sechandl>Standard Technical Controls</sechandl>
		</secinfo>
		<ptcontac>
			<cntinfo>
				<cntperp>
					<cntorg>U.S. Environmental Protection Agency, Office of Research and Development-Sustainable and Healthy Communities Research Program, EnviroAtlas</cntorg>
					<cntper>EnviroAtlas Coordinator</cntper>
				</cntperp>
				<cntpos>Geospatial Data Owner</cntpos>
				<cntaddr>
					<addrtype>mailing and physical address</addrtype>
					<address>109 T.W. Alexander Drive</address>
					<city>Research Triangle Park</city>
					<state>NC</state>
					<postal>27709</postal>
				</cntaddr>
				<cntvoice>(919) 541-3832</cntvoice>
				<cntemail>EnviroAtlas@epa.gov</cntemail>
				<cntinst>https://www.epa.gov/enviroatlas</cntinst>
			</cntinfo>
		</ptcontac>
	</idinfo>
	<dataqual>
		<logic>Tests for integrity have not been performed.</logic>
		<complete>Features represented have not been tested for completeness</complete>
		<posacc>
			<horizpa>
				<horizpar>Data were collected using methods that have unknown accuracy (EPA National Geospatial Data Policy [NGDP] Accuracy Tier 10). For more information, please see EPA's NGDP at https://epa.gov/geospatial/policies.html</horizpar>
			</horizpa>
		</posacc>
		<lineage>
			<procstep>
				<procdate>20150815</procdate>
				<procdesc>Obtained the EnviroAtlas hybrid 2011 Cropland Data Layer (CDL) and NLCD 2011 land cover raster.</procdesc>
			</procstep>
			<procstep>
				<procdate>20150820</procdate>
				<procdesc>Obtained the NHDPlusV2 Watershed Boundary Dataset (WBD) Snapshot, EnviroAtlas version.</procdesc>
			</procstep>
			<procstep>
				<procdate>20151119</procdate>
				<procdesc>Obtained the NHDPlusV2 National Hydrography Dataset (NHD).</procdesc>
			</procstep>
			<procstep>
				<procdate>20160309</procdate>
				<procdesc>Processed each NHDFlowline shapefile in the NHD with the strmLine Tool in the AtlasAnalyses Toolbox (a self-created toolbox for the purpose of standardizing analyses for the EnviroAtlas). The strmLine tool selects line segments from the NHDPlus NHDFlowline layer that are defined as FTYPE = Stream/River or Connector or Artificial Path.</procdesc>
			</procstep>
			<procstep>
				<procdate>20160310</procdate>
				<procdesc>Processed each NHDArea and NHDWaterbody layers in the NHD with the strmAreal Tool in the AtlasAnalyses Toolbox (a self-created toolbox for the purpose of standardizing analyses for the EnviroAtlas). The strmAreal tool extracts Reservoir, LakePond, and Ice Mass waterbodies that intersect the previously processed NHD flowlines and merges them with any NHDArea wash, rapids, streamriver, or lock chambers that also intersect the NHDFlowlines.</procdesc>
			</procstep>
			<procstep>
				<procdate>20160314</procdate>
				<procdesc>Processed new stream line and areal shapefiles to correspond to the areal extents of the WBD datasets.</procdesc>
			</procstep>
			<procstep>
				<procdate>20160317</procdate>
				<procdesc>Calculations were done using the Riparian Land Cover Proportions tool in the Landscape Characteristics toolset of the ATtILA for ArcGIS toolbox (ATtILA 10_0.tbx, 5/26/2016 version) in ArcGIS. Calculated rNI45, rfor45, and rfor9045. Used NHDPlusV2_WBDSnapshot_EnviroAtlas_CONUS as the reporting unit feature, cdl_nlcd as the land cover grid, and the respective stream line and stream areal shapefiles for each WBD region as the stream features. Used a user-defined land cover scheme for the hybrid CDL-NLCD dataset.</procdesc>
			</procstep>
			<procstep>
				<procdate>20160802</procdate>
				<procdesc>Calculation output tables were joined into a single table.</procdesc>
			</procstep>
			<procstep>
				<procdate>20170920</procdate>
				<procdesc>Renamed fields rNI45, rfor45, and rfor9045 to RNAT45, RFOR45, and RFOR9045, respectively.</procdesc>
			</procstep>
		</lineage>
	</dataqual>
	<spref>
		<horizsys>
			<planar>
				<planci>
					<plance>coordinate pair</plance>
					<plandu>meters</plandu>
					<coordrep>
						<absres>0.000001</absres>
						<ordres>0.000001</ordres>
					</coordrep>
				</planci>
				<mapproj>
					<mapprojn>Albers Conical Equal Area</mapprojn>
					<albers>
						<stdparll>29.500000</stdparll>
						<stdparll>45.500000</stdparll>
						<longcm>-96.000000</longcm>
						<latprjo>23.000000</latprjo>
						<feast>0.000000</feast>
						<fnorth>0.000000</fnorth>
					</albers>
				</mapproj>
			</planar>
			<geodetic>
				<horizdn>North American Datum of 1983</horizdn>
				<ellips>Geodetic Reference System 80</ellips>
				<semiaxis>6378137.000000</semiaxis>
				<denflat>298.257222</denflat>
			</geodetic>
		</horizsys>
	</spref>
	<distinfo>
		<resdesc>Downloadable Data</resdesc>
		<distliab>https://edg.epa.gov/EPA_Data_License.html</distliab>
		<distrib>
			<cntinfo>
				<cntorgp>
					<cntorg>U.S. Environmental Protection Agency, Office of Research and Development-Sustainable and Healthy Communities Research Program, EnviroAtlas</cntorg>
					<cntper>EnviroAtlas Coordinator</cntper>
				</cntorgp>
				<cntpos>Geospatial Data Owner</cntpos>
				<cntaddr>
					<addrtype>mailing and physical address</addrtype>
					<address>109 T.W. Alexander Drive</address>
					<city>Research Triangle Park</city>
					<state>NC</state>
					<postal>27709</postal>
				</cntaddr>
				<cntvoice>(919) 541-3832</cntvoice>
				<cntemail>EnviroAtlas@epa.gov</cntemail>
				<cntinst>https://www.epa.gov/enviroatlas</cntinst>
			</cntinfo>
		</distrib>
	</distinfo>
	<metainfo>
		<metstdn>FGDC Content Standard for Digital Geospatial Metadata</metstdn>
		<metstdv>FGDC-STD-001-1998</metstdv>
		<metd>20170727</metd>
		<metfrd>20210727</metfrd>
		<metc>
			<cntinfo>
				<cntorgp>
					<cntorg>U.S. Environmental Protection Agency, Office of Research and Development-Sustainable and Healthy Communities Research Program, EnviroAtlas</cntorg>
					<cntper>EnviroAtlas Coordinator</cntper>
				</cntorgp>
				<cntpos>Geospatial Data Owner</cntpos>
				<cntaddr>
					<addrtype>mailing and physical address</addrtype>
					<address>109 T.W. Alexander Drive</address>
					<city>Research Triangle Park</city>
					<state>NC</state>
					<postal>27709</postal>
				</cntaddr>
				<cntvoice>(919) 541-3832</cntvoice>
				<cntemail>EnviroAtlas@epa.gov</cntemail>
				<cntinst>https://www.epa.gov/enviroatlas</cntinst>
			</cntinfo>
		</metc>
	</metainfo>
	<eainfo>
		<detailed>
			<enttyp>
				<enttypl>RiparianLC_20180328</enttypl>
				<enttypd>Percentage of land area within 45 meters of stream features in 12-digit hydrologic units classified as various land cover super classes.</enttypd>
				<enttypds>US EPA</enttypds>
			</enttyp>
			<attr>
				<attrlabl>HUC_12</attrlabl>
				<attrdef>Twelve Digit Hydrologic Unit Code. This field provides a unique 12-digit code for each subwatershed. Numbers were assigned in an upstream to downstream fashion. Where no downstream/upstream relationship could be determined, numbers were assigned in a clockwise fashion.</attrdef>
				<attrdefs>Federal Guidelines, Requirements, and Procedures for the National Watershed Boundary Dataset; Chapter 3 of Section A; Federal Standards, Book 11, Collection and Delineation of Spatial Data; Techniques and Methods 11-A3.</attrdefs>
				<attrdomv>
					<rdom>
						<rdommin>010000000000</rdommin>
						<rdommax>999999999999</rdommax>
					</rdom>
				</attrdomv>
			</attr>
			<attr>
				<attrlabl>RNAT45</attrlabl>
				<attrdef>Percentage of WBD 12-digit Hydrologic Unit land area within 45 meters of a stream that is classified as natural land cover (131 - Barren, 141 - Deciduous Forest, 142 - Evergreen Forest, 143 - Mixed Forest, 152 - Shrub/Scrub, 171 - Grassland/Herbaceous, 190 - Woody Wetlands, 195 - Emergent Herbaceous Wetlands). Null indicates no NHDPlusV2 stream features, stream features too small to calculate metrics, or no land in HUC. Null indicates NODATA value in the Canopy grid or no NHDPlus V2 water features.</attrdef>
				<attrdefs>US EPA</attrdefs>
				<attrdomv>
					<rdom>
						<rdommin>0</rdommin>
						<rdommax>100</rdommax>
					</rdom>
				</attrdomv>
			</attr>
			<attr>
				<attrlabl>RFOR45</attrlabl>
				<attrdef>Percentage of WBD 12-digit Hydrologic Unit land area within 45 meters of a stream that is classified as forest (141 - Deciduous Forest, 142 - Evergreen Forest, 143 - Mixed Forest). Null indicates no NHDPlusV2 stream features, stream features too small to calculate metrics, or no land in HUC. Null indicates NODATA value in the Canopy grid or no NHDPlus V2 water features.</attrdef>
				<attrdefs>US EPA</attrdefs>
				<attrdomv>
					<rdom>
						<rdommin>0</rdommin>
						<rdommax>100</rdommax>
					</rdom>
				</attrdomv>
			</attr>
			<attr>
				<attrlabl>RFOR9045</attrlabl>
				<attrdef>Percentage of WBD 12-digit Hydrologic Unit land area with 45 meters of a stream that is classified as forest and/or woody wetland (141 - Deciduous Forest, 142 - Evergreen Forest, 143 - Mixed Forest, 190 - Woody Wetlands). Null indicates no NHDPlusV2 stream features, stream features too small to calculate metrics, or no land in HUC. Null indicates NODATA value in the Canopy grid or that none of the NHDPlus V2 water features included in this analysis were present in the HUC12.</attrdef>
				<attrdefs>US EPA</attrdefs>
				<attrdomv>
					<rdom>
						<rdommin>0</rdommin>
						<rdommax>100</rdommax>
					</rdom>
				</attrdomv>
			</attr>
		</detailed>
		<overview>
			<eadetcit>https://www.epa.gov/enviroatlas/enviroatlas-fact-sheets</eadetcit>
			<eaover>This dataset was generated using the ATtILA tool (https://www.epa.gov/enviroatlas/attila-toolbox), an ArcGIS tool for calculating commonly used landscape metrics. The land cover input is the EnviroAtlas 2011 CDL-NLCD, a raster dataset that is a hybrid of the 2011 NLCD (www.mrlc.gov/) and the 2011 CDL (https://www.nass.usda.gov/Research_and_Science/Cropland/SARS1a.php). The stream inputs were derived from the NHDFlowline, NHDWaterbody, and NHDArea shapefiles in the NHDPlus Version 2 datasets (http://www.horizon-systems.com/NHDPlus/NHDPlusV2_home.php). For more information on the metric calculation, please see the ATtILA User's Manual included with the toolbox. A comprehensive list of metric creation steps is included in the Processing Steps.</eaover>
		</overview>
	</eainfo>
</metadata>