<?xml version="1.0"?>
<metadata>
	<Esri>
		<PublishedDocID>{6e7e0473-f67a-4119-b009-e541508b03ee}</PublishedDocID>
	</Esri>
	<idinfo>
		<keywords>
			<theme>
				<themekt>ISO 19115 Topic Category</themekt>
				<themekey>environment</themekey>
			</theme>
			<theme>
				<themekt>EPA GIS Keyword Thesaurus</themekt>
				<themekey>Ecosystem</themekey>
				<themekey>Environment</themekey>
			</theme>
			<place>
				<placekt>None</placekt>
				<placekey>Alabama</placekey>
				<placekey>Arizona</placekey>
				<placekey>Arkansas</placekey>
				<placekey>California</placekey>
				<placekey>Colorado</placekey>
				<placekey>Connecticut</placekey>
				<placekey>Delaware</placekey>
				<placekey>Florida</placekey>
				<placekey>Georgia</placekey>
				<placekey>Idaho</placekey>
				<placekey>Illinois</placekey>
				<placekey>Indiana</placekey>
				<placekey>Iowa</placekey>
				<placekey>Kansas</placekey>
				<placekey>Kentucky</placekey>
				<placekey>Louisiana</placekey>
				<placekey>Maine</placekey>
				<placekey>Maryland</placekey>
				<placekey>Massachusetts</placekey>
				<placekey>Michigan</placekey>
				<placekey>Minnesota</placekey>
				<placekey>Mississippi</placekey>
				<placekey>Missouri</placekey>
				<placekey>Montana</placekey>
				<placekey>Nebraska</placekey>
				<placekey>Nevada</placekey>
				<placekey>New Hampshire</placekey>
				<placekey>New Jersey</placekey>
				<placekey>New Mexico</placekey>
				<placekey>New York</placekey>
				<placekey>North Carolina</placekey>
				<placekey>North Dakota</placekey>
				<placekey>Ohio</placekey>
				<placekey>Oklahoma</placekey>
				<placekey>Oregon</placekey>
				<placekey>Pennsylvania</placekey>
				<placekey>Rhode Island</placekey>
				<placekey>South Carolina</placekey>
				<placekey>South Dakota</placekey>
				<placekey>Tennessee</placekey>
				<placekey>Texas</placekey>
				<placekey>United States</placekey>
				<placekey>Utah</placekey>
				<placekey>Vermont</placekey>
				<placekey>Virginia</placekey>
				<placekey>Washington</placekey>
				<placekey>Washington DC</placekey>
				<placekey>West Virginia</placekey>
				<placekey>Wisconsin</placekey>
				<placekey>Wyoming</placekey>
			</place>
			<theme>
				<themekt>EnviroAtlas</themekt>
				<themekey>12-digit HUCs</themekey>
				<themekey>Biophysical</themekey>
				<themekey>Ecosystem Services</themekey>
				<themekey>EnviroAtlas</themekey>
				<themekey>Environment</themekey>
				<themekey>Environmental Atlas</themekey>
				<themekey>Green Space</themekey>
				<themekey>Land Cover</themekey>
				<themekey>Surface Water</themekey>
				<themekey>Water</themekey>
			</theme>
		</keywords>
		<citation>
			<citeinfo>
				<origin>U.S. Environmental Protection Agency (US EPA)</origin>
				<title>EnviroAtlas - 2011 Riparian Tree Canopy Cover by 12-digit HUC for the Conterminous United States</title>
				<pubinfo>
					<publish>U.S. EPA Office of Research &amp; Development (ORD) - National Exposure Research Laboratory (NERL)</publish>
					<pubplace>Research Triangle Park, NC</pubplace>
				</pubinfo>
				<pubdate>20170821</pubdate>
				<onlink>https://edg.epa.gov/data/PUBLIC/ORD/ENVIROATLAS</onlink>
				<onlink>https://enviroatlas.epa.gov/arcgis/rest/services</onlink>
				<onlink>https://www.epa.gov/enviroatlas/enviroatlas-data</onlink>
				<onlink>https://www.epa.gov/enviroatlas</onlink>
			</citeinfo>
		</citation>
		<timeperd>
			<current>Ground condition</current>
			<timeinfo>
				<sngdate>
					<caldate>2011</caldate>
				</sngdate>
			</timeinfo>
		</timeperd>
		<status>
			<progress>Complete</progress>
			<update>As needed</update>
		</status>
		<spdom>
			<bounding>
				<westbc>-128.02839229</westbc>
				<eastbc>-65.20336449</eastbc>
				<northbc>51.6773602</northbc>
				<southbc>22.7348894</southbc>
			</bounding>
		</spdom>
		<accconst>None</accconst>
		<useconst>None. Please check sources, scale, accuracy, currency and other available information. Please confirm that you are using the most recent copy of both data and metadata.  Acknowledgement of the EPA would be appreciated.</useconst>
		<descript>
			<abstract>This EnviroAtlas dataset represents the percentage of land area within a 45 meter riparian buffer zone that is classified as tree canopy cover using the National Land Cover Database 2011 (NLCD2011) percent tree canopy cover (TCC 2011) dataset for each 12-digit hydrologic unit code (HUC) in the conterminous United States. 

This dataset was produced by the US EPA to support research and online mapping activities related to EnviroAtlas. EnviroAtlas (https://www.epa.gov/enviroatlas) allows the user to interact with a web-based, easy-to-use, mapping application to view and analyze multiple ecosystem services for the contiguous United States. The dataset is available as downloadable data (https://edg.epa.gov/data/Public/ORD/EnviroAtlas) or as an EnviroAtlas map service. Additional descriptive information about each attribute in this dataset can be found in its associated EnviroAtlas Fact Sheet (https://www.epa.gov/enviroatlas/enviroatlas-fact-sheets).</abstract>
			<purpose>This dataset is useful for evaluating the potential value of ecosystem services provided by vegetation communities, and the impacts of developed land cover. The overall goal of EnviroAtlas is to employ and develop the best available science to map indicators of ecosystem services production, demand, and drivers for the nation.</purpose>
		</descript>
		<secinfo>
			<secsys>http://project-open-data.github.io/schema/#accessLevel</secsys>
			<secclass>public</secclass>
			<sechandl>Standard Technical Controls</sechandl>
		</secinfo>
		<ptcontac>
			<cntinfo>
				<cntperp>
					<cntorg>U.S. Environmental Protection Agency, Office of Research and Development-Sustainable and Healthy Communities Research Program, EnviroAtlas</cntorg>
					<cntper>EnviroAtlas Coordinator</cntper>
				</cntperp>
				<cntpos>Geospatial Data Owner</cntpos>
				<cntaddr>
					<addrtype>mailing and physical address</addrtype>
					<address>109 T.W. Alexander Drive</address>
					<city>Research Triangle Park</city>
					<state>NC</state>
					<postal>27709</postal>
				</cntaddr>
				<cntvoice>(919) 541-3832</cntvoice>
				<cntemail>EnviroAtlas@epa.gov</cntemail>
				<cntinst>https://www.epa.gov/enviroatlas</cntinst>
			</cntinfo>
		</ptcontac>
	</idinfo>
	<dataqual>
		<logic>Tests for integrity have not been performed.</logic>
		<complete>Features represented have not been tested for completeness</complete>
		<posacc>
			<horizpa>
				<horizpar>Data were collected using methods that have unknown accuracy (EPA National Geospatial Data Policy [NGDP] Accuracy Tier 10). For more information, please see EPA's NGDP at https://epa.gov/geospatial/policies.html</horizpar>
			</horizpa>
		</posacc>
		<lineage>
			<procstep>
				<procdate>20160114</procdate>
				<procdesc>Obtained the NLCD 2011 USFS Percent Tree Canopy Cartographic raster (TCC)</procdesc>
			</procstep>
			<procstep>
				<procdate>20150820</procdate>
				<procdesc>Obtained the NHDPlusV2 Watershed Boundary Dataset (WBD) Snapshot, EnviroAtlas version.</procdesc>
			</procstep>
			<procstep>
				<procdate>20151119</procdate>
				<procdesc>Obtained the NHDPlusV2 National Hydrography Dataset (NHD).</procdesc>
			</procstep>
			<procstep>
				<procdate>20160309</procdate>
				<procdesc>Processed each NHDFlowline shapefile in the NHD with the strmLine Tool in the AtlasAnalyses Toolbox (a self-created toolbox for the purpose of standardizing analyses for the EnviroAtlas). The strmLine tool selects line segments from the NHDPlus NHDFlowline layer that are defined as FTYPE = Stream/River or Connector or Artificial Path. </procdesc>
			</procstep>
			<procstep>
				<procdate>20160310</procdate>
				<procdesc>Processed each NHDArea and NHDWaterbody layers in the NHD with the strmAreal Tool in the AtlasAnalyses Toolbox (a self-created toolbox for the purpose of standardizing analyses for the EnviroAtlas). The strmAreal tool extracts Reservoir, LakePond, and Ice Mass waterbodies that intersect the previously processed NHD flowlines and merges them with any NHDArea wash, rapids, streamriver, or lock chambers that also intersect the NHDFlowlines. </procdesc>
			</procstep>
			<procstep>
				<procdate>20160314</procdate>
				<procdesc>Processed new stream line and areal shapefiles to correspond to the areal extents of the WBD datasets</procdesc>
			</procstep>
			<procstep>
				<procdate>20160302</procdate>
				<procdesc>Created new raster (CNPY2011_NoWater) by setting areas in the TCC to NODATA that correspond to areas classified in the VALUE field as 0 (no data), 111 (Open Water), or 112 (Perennial Ice/Snow) in the EnviroAtlas hybrid 2011 Cropland Data Layer (CDL) and NLCD 2011 land cover raster</procdesc>
			</procstep>
			<procstep>
				<procdate>20170110</procdate>
				<procdesc>Used the ATtILA for ArcGIS tool (ATtILA 10_0.tbx, 5/26/2016 version) to generate feature coverage of the 45 m buffer zones for each 12-digit HUCs by saving the intermediary products while using the Riparian Land Cover Proportions tool. The intermediate output needed is named, rlcp_Buffer45#, where # is an incremental number that is added to the filename if other rlcp_Buffer# files are found in the geodatabase.</procdesc>
			</procstep>
			<procstep>
				<procdate>20170123</procdate>
				<procdesc>Merged all of the 45 m riparian buffer layers into a single coverage for the entire conterminous US. Named the output, RLCPBuffer45.</procdesc>
			</procstep>
			<procstep>
				<procdate>20170821</procdate>
				<procdesc>The mean percent canopy cover within each 45 meter riparian buffer zone in each 12-digit Hydrologic Unit was determined using the Zonal Statistics as Table tool in ArcGIS 10.2.2 for Desktop. RLCPBuffer45 was used as the feature zone data with HUC_12 set as the Zone field. CNPY2011_NoWater was used as the Input value raster.</procdesc>
			</procstep>
			<procstep>
				<procdate>20170821</procdate>
				<procdesc>Added a field to the R45Canopy2011 table named, R45Canopy, and did a field calculation to make the contents of the R45Canopy field to equal that of the MEAN field. Deleted MEAN field as well as fields for ZONE_CODE, COUNT, and AREA.</procdesc>
			</procstep>
		</lineage>
	</dataqual>
	<spref>
		<horizsys>
			<planar>
				<planci>
					<plance>coordinate pair</plance>
					<plandu>meters</plandu>
					<coordrep>
						<absres>0.000001</absres>
						<ordres>0.000001</ordres>
					</coordrep>
				</planci>
				<mapproj>
					<mapprojn>Albers Conical Equal Area</mapprojn>
					<albers>
						<stdparll>29.500000</stdparll>
						<stdparll>45.500000</stdparll>
						<longcm>-96.000000</longcm>
						<latprjo>23.000000</latprjo>
						<feast>0.000000</feast>
						<fnorth>0.000000</fnorth>
					</albers>
				</mapproj>
			</planar>
			<geodetic>
				<horizdn>North American Datum of 1983</horizdn>
				<ellips>Geodetic Reference System 80</ellips>
				<semiaxis>6378137.000000</semiaxis>
				<denflat>298.257222</denflat>
			</geodetic>
		</horizsys>
	</spref>
	<distinfo>
		<resdesc>Downloadable Data</resdesc>
		<distliab>https://edg.epa.gov/EPA_Data_License.html</distliab>
		<distrib>
			<cntinfo>
				<cntorgp>
					<cntorg>U.S. Environmental Protection Agency, Office of Research and Development-Sustainable and Healthy Communities Research Program, EnviroAtlas</cntorg>
					<cntper>EnviroAtlas Coordinator</cntper>
				</cntorgp>
				<cntpos>Geospatial Data Owner</cntpos>
				<cntaddr>
					<addrtype>mailing and physical address</addrtype>
					<address>109 T.W. Alexander Drive</address>
					<city>Research Triangle Park</city>
					<state>NC</state>
					<postal>27709</postal>
				</cntaddr>
				<cntvoice>(919) 541-3832</cntvoice>
				<cntemail>EnviroAtlas@epa.gov</cntemail>
				<cntinst>https://www.epa.gov/enviroatlas</cntinst>
			</cntinfo>
		</distrib>
	</distinfo>
	<metainfo>
		<metstdn>FGDC Content Standard for Digital Geospatial Metadata</metstdn>
		<metstdv>FGDC-STD-001-1998</metstdv>
		<metd>20171102</metd>
		<metfrd>20211102</metfrd>
		<metc>
			<cntinfo>
				<cntorgp>
					<cntorg>U.S. Environmental Protection Agency, Office of Research and Development-Sustainable and Healthy Communities Research Program, EnviroAtlas</cntorg>
					<cntper>EnviroAtlas Coordinator</cntper>
				</cntorgp>
				<cntpos>Geospatial Data Owner</cntpos>
				<cntaddr>
					<addrtype>mailing and physical address</addrtype>
					<address>109 T.W. Alexander Drive</address>
					<city>Research Triangle Park</city>
					<state>NC</state>
					<postal>27709</postal>
				</cntaddr>
				<cntvoice>(919) 541-3832</cntvoice>
				<cntemail>EnviroAtlas@epa.gov</cntemail>
				<cntinst>https://www.epa.gov/enviroatlas</cntinst>
			</cntinfo>
		</metc>
	</metainfo>
	<eainfo>
		<detailed>
			<enttyp>
				<enttypl>RiparianCanopy</enttypl>
				<enttypd>Percentage of land area within a 45 meter riparian buffer zone covered by tree canopy within 12-digit hydrologic unit.</enttypd>
				<enttypds>US EPA</enttypds>
			</enttyp>
			<attr>
				<attrlabl>HUC_12</attrlabl>
				<attrdef>Twelve Digit Hydrologic Unit Code. This field provides a unique 12-digit code for each subwatershed. Numbers were assigned in an upstream to downstream fashion. Where no downstream/upstream relationship could be determined, numbers were assigned in a clockwise fashion.</attrdef>
				<attrdefs>Federal Guidelines, Requirements, and Procedures for the National Watershed Boundary Dataset; Chapter 3 of Section A; Federal Standards, Book 11, Collection and Delineation of Spatial Data; Techniques and Methods 11-A3.</attrdefs>
				<attrdomv>
					<rdom>
						<rdommin>010000000000</rdommin>
						<rdommax>999999999999</rdommax>
					</rdom>
				</attrdomv>
			</attr>
			<attr>
				<attrlabl>R45Canopy</attrlabl>
				<attrdef>Percentage of land area within a 45 meter riparian buffer zone covered by tree canopy within WBD 12-digit Hydrologic Unit. Null indicates NODATA value in the Canopy grid or that none of the NHDPlus V2 water features included in this analysis were present in the HUC12.</attrdef>
				<attrdefs>US EPA</attrdefs>
				<attrdomv>
					<rdom>
						<rdommin>0</rdommin>
						<rdommax>100</rdommax>
					</rdom>
				</attrdomv>
			</attr>
		</detailed>
		<overview>
			<eadetcit>https://www.epa.gov/enviroatlas/enviroatlas-fact-sheets</eadetcit>
			<eaover>The metric was generated using the Zonal Statistics as Table tool in ArcGIS 10.2.2 for Desktop. RLCPBuffer45 was used as the feature zone data with HUC_12 set as the Zone field. CNPY2011_NoWater derived from the NLCD 2011 USFS Percent Tree Canopy Cartographic Product (http://www.mrlc.gov/nlcd11_data.php) was used as the Input value raster. A comprehensive list of metric creation steps is included in the Processing Steps.</eaover>
		</overview>
	</eainfo>
	<Esri>
		<CreaDate>20180829</CreaDate>
		<CreaTime>13540700</CreaTime>
		<SyncOnce>TRUE</SyncOnce>
		<DataProperties>
			<itemProps>
				<itemLocation>
					<linkage Sync="TRUE">file://\\V18OVHRTTF760\D$\Public\Data\projects\EA_public_working\National_2016\Nat201808_newdata\RiparianCanopy</linkage>
					<protocol Sync="TRUE">Local Area Network</protocol>
				</itemLocation>
			</itemProps>
			<copyHistory>
				<copy source="D:\Public\Data\FTP\EnviroAtlas\MetadataTransfer\RiparianCanopy" dest="\\V18OVHRTTF760\D$\Public\Data\projects\EA_public_working\National_2016\Nat201808_newdata\RiparianCanopy" date="20180829" time="13540700"/>
			</copyHistory>
		</DataProperties>
	</Esri>
</metadata>
