<?xml version="1.0"?>
<metadata>
	<Esri>
		<CreaDate>20190325</CreaDate><CreaTime>12074800</CreaTime><SyncOnce>TRUE</SyncOnce><DataProperties><itemProps><itemLocation><linkage Sync="TRUE">file://\\V18OVHRTTF760\D$\Public\Data\projects\EnviroAtlas_Public\EDG_Download_STG\National\CONUS_metrics_Mar2019_METADATA\ThermoWD</linkage><protocol Sync="TRUE">Local Area Network</protocol></itemLocation></itemProps><copyHistory><copy source="D:\Public\Data\projects\EnviroAtlas_Public\FGDBs4EDG\CONUS\CONUS_metrics_October2017_METADATA\CONUS_metrics_October2017_METADATA\TableMetadata\ThermoWD" dest="\\V18OVHRTTF760\D$\Public\Data\projects\EnviroAtlas_Public\EDG_Download_STG\National\CONUS_metrics_Mar2019_METADATA\ThermoWD" date="20190325" time="12074800"></copy></copyHistory></DataProperties></Esri>
	<idinfo>
		<keywords>
			<theme>
				<themekt>ISO 19115 Topic Category</themekt>
				<themekey>environment</themekey>
			</theme>
			<theme>
				<themekt>EPA GIS Keyword Thesaurus</themekt>
				<themekey>Ecosystem</themekey>
				<themekey>Environment</themekey>
			</theme>
			<theme>
				<themekt>EnviroAtlas</themekt>
				<themekey>12-digit HUCs</themekey>
				<themekey>Demand for Ecosystem Services</themekey>
				<themekey>Ecosystem</themekey>
				<themekey>Ecosystem Services</themekey>
				<themekey>Energy</themekey>
				<themekey>EnviroAtlas</themekey>
				<themekey>Environment</themekey>
				<themekey>Environmental Atlas</themekey>
				<themekey>Ground Water</themekey>
				<themekey>Surface Water</themekey>
				<themekey>Water</themekey>
			</theme>
			<place>
				<placekt>None</placekt>
				<placekey>Alabama</placekey>
				<placekey>Arizona</placekey>
				<placekey>Arkansas</placekey>
				<placekey>California</placekey>
				<placekey>Colorado</placekey>
				<placekey>Connecticut</placekey>
				<placekey>Delaware</placekey>
				<placekey>Florida</placekey>
				<placekey>Georgia</placekey>
				<placekey>Idaho</placekey>
				<placekey>Illinois</placekey>
				<placekey>Indiana</placekey>
				<placekey>Iowa</placekey>
				<placekey>Kansas</placekey>
				<placekey>Kentucky</placekey>
				<placekey>Louisiana</placekey>
				<placekey>Maine</placekey>
				<placekey>Maryland</placekey>
				<placekey>Massachusetts</placekey>
				<placekey>Michigan</placekey>
				<placekey>Minnesota</placekey>
				<placekey>Mississippi</placekey>
				<placekey>Missouri</placekey>
				<placekey>Montana</placekey>
				<placekey>Nebraska</placekey>
				<placekey>Nevada</placekey>
				<placekey>New Hampshire</placekey>
				<placekey>New Jersey</placekey>
				<placekey>New Mexico</placekey>
				<placekey>New York</placekey>
				<placekey>North Carolina</placekey>
				<placekey>North Dakota</placekey>
				<placekey>Ohio</placekey>
				<placekey>Oklahoma</placekey>
				<placekey>Oregon</placekey>
				<placekey>Pennsylvania</placekey>
				<placekey>Rhode Island</placekey>
				<placekey>South Carolina</placekey>
				<placekey>South Dakota</placekey>
				<placekey>Tennessee</placekey>
				<placekey>Texas</placekey>
				<placekey>United States</placekey>
				<placekey>Utah</placekey>
				<placekey>Vermont</placekey>
				<placekey>Virginia</placekey>
				<placekey>Washington</placekey>
				<placekey>Washington DC</placekey>
				<placekey>West Virginia</placekey>
				<placekey>Wisconsin</placekey>
				<placekey>Wyoming</placekey>
			</place>
		</keywords>
		<citation>
			<citeinfo>
				<origin>US Environmental Protection Agency (US EPA)</origin>
				<title>EnviroAtlas - Thermoelectric Water Use by 12-Digit HUC for the Conterminous United States</title>
				<pubinfo>
					<publish>U.S. EPA Office of Research &amp; Development (ORD) - National Exposure Research Laboratory (NERL)</publish>
					<pubplace>Research Triangle Park, NC</pubplace>
				</pubinfo>
				<pubdate>20170320</pubdate>
				<onlink>https://edg.epa.gov/data/PUBLIC/ORD/ENVIROATLAS/National</onlink>
				<onlink>https://enviroatlas.epa.gov/arcgis/rest/services/National/National2016_master/MapServer</onlink>
				<onlink>https://www.epa.gov/enviroatlas/enviroatlas-data</onlink>
				<onlink>https://www.epa.gov/enviroatlas</onlink>
			</citeinfo>
		</citation>
		<status>
			<progress>Complete</progress>
			<update>As needed</update>
		</status>
		<spdom>
			<bounding>
				<westbc>-128.02839229</westbc>
				<eastbc>-65.20336449</eastbc>
				<northbc>51.6773602</northbc>
				<southbc>22.7348894</southbc>
			</bounding>
		</spdom>
		<accconst>None</accconst>
		<useconst>None. Please check sources, scale, accuracy, currency and other available information. Please confirm that you are using the most recent copy of both data and metadata.  Acknowledgement of the EPA would be appreciated.</useconst>
		<descript>
			<abstract>This EnviroAtlas dataset is a summary of the thermoelectric water consumption based on the December 2016 US Energy Information Administration (EIA) monthly electric generator inventory, a 2014 review of water consumption for electricity generation (Macknick et al.), and reported water consumption estimates from a 2009 Department of Energy (DOE) report. The file contains total water withdrawal and consumption in gallons per year by 12-digit hydrologic unit codes (HUC_12s) from the boundary file named NHDPlusV2_WBDSnapshot_EnviroAtlas_CONUS. This dataset was produced by the US EPA to support research and online mapping activities related to EnviroAtlas. EnviroAtlas (https://www.epa.gov/enviroatlas) allows the user to interact with a web-based, easy-to-use, mapping application to view and analyze multiple ecosystem services for the contiguous United States. The dataset is available as downloadable data (https://edg.epa.gov/data/Public/ORD/EnviroAtlas) or as an EnviroAtlas map service. Additional descriptive information about each attribute in this dataset can be found in its associated EnviroAtlas Fact Sheet (https://www.epa.gov/enviroatlas/enviroatlas-fact-sheets).</abstract>
			<purpose>The summarized data provides an indication of estimated yearly fresh water demand by industry for production of electrical power. The overall goal of EnviroAtlas is to employ and develop the best available science to map indicators of ecosystem services production, demand, and drivers for the nation.</purpose>
		</descript>
		<timeperd>
			<current>Ground condition</current>
			<timeinfo>
				<sngdate>
					<caldate>2016</caldate>
				</sngdate>
			</timeinfo>
		</timeperd>
		<secinfo>
			<secsys>https://project-open-data.github.io/schema/#accessLevel</secsys>
			<secclass>public</secclass>
			<sechandl>Standard Technical Controls</sechandl>
		</secinfo>
		<ptcontac>
			<cntinfo>
				<cntperp>
					<cntorg>U.S. Environmental Protection Agency, Office of Research and Development-Sustainable and Healthy Communities Research Program, EnviroAtlas</cntorg>
					<cntper>EnviroAtlas Coordinator</cntper>
				</cntperp>
				<cntpos>Geospatial Data Owner</cntpos>
				<cntaddr>
					<addrtype>mailing and physical address</addrtype>
					<address>109 T.W. Alexander Drive</address>
					<city>Research Triangle Park</city>
					<state>NC</state>
					<postal>27709</postal>
				</cntaddr>
				<cntvoice>(919) 541-3832</cntvoice>
				<cntemail>EnviroAtlas@epa.gov</cntemail>
				<cntinst>https://www.epa.gov/enviroatlas</cntinst>
			</cntinfo>
		</ptcontac>
	</idinfo>
	<dataqual>
		<logic>Tests for integrity have not been performed.</logic>
		<complete>Features represented have not been tested for completeness</complete>
		<posacc>
			<horizpa>
				<horizpar>Data were collected using methods that have unknown accuracy (EPA National Geospatial Data Policy [NGDP] Accuracy Tier 10). For more information, please see EPA's NGDP at https://www.epa.gov/geospatial/geospatial-policies-and-standards</horizpar>
			</horizpa>
		</posacc>
		<lineage>
			<procstep>
				<procdate>20170228</procdate>
				<procdesc>Acquired December 2016 US Energy Information Administration (EIA) monthly electric generator inventory</procdesc>
			</procstep>
			<procstep>
				<procdate>20170302</procdate>
				<procdesc>Selected those plants in operation and that used water in electrical generation process</procdesc>
			</procstep>
			<procstep>
				<procdate>20170308</procdate>
				<procdesc>Created point layer using latitude and longitude from data file in ArcGIS using Add XY data.</procdesc>
			</procstep>
			<procstep>
				<procdate>201703015</procdate>
				<procdesc>Used average gallon per MWh (megawatt hour) per fuel type to calculate total water withdrawal and consumption amounts for each plant. The fuel types include Coal, Nuclear, Natural Gas, Oil, Solar Energy, Biomass, and Geothermal. The estimates for all but oil came from the Macknick et al 2012 paper. Oil estimates came from the NETL 2009 report.</procdesc>
			</procstep>
			<procstep>
				<procdate>20170317</procdate>
				<procdesc>Used spatial join to link points file to HUC_12 boundaries</procdesc>
			</procstep>
			<procstep>
				<procdate>20170320</procdate>
				<procdesc>Summarized water withdrawal and consumption by HUC_12 in ArcMap </procdesc>
			</procstep>
		</lineage>
	</dataqual>
	<spref>
		<horizsys>
			<planar>
				<planci>
					<plance>coordinate pair</plance>
					<plandu>meters</plandu>
					<coordrep>
						<absres>0.000001</absres>
						<ordres>0.000001</ordres>
					</coordrep>
				</planci>
				<mapproj>
					<mapprojn>Albers Conical Equal Area</mapprojn>
					<albers>
						<stdparll>29.500000</stdparll>
						<stdparll>45.500000</stdparll>
						<longcm>-96.000000</longcm>
						<latprjo>23.000000</latprjo>
						<feast>0.000000</feast>
						<fnorth>0.000000</fnorth>
					</albers>
				</mapproj>
			</planar>
			<geodetic>
				<horizdn>North American Datum of 1983</horizdn>
				<ellips>Geodetic Reference System 80</ellips>
				<semiaxis>6378137.000000</semiaxis>
				<denflat>298.257222</denflat>
			</geodetic>
		</horizsys>
	</spref>
	<distinfo>
		<resdesc>Downloadable Data</resdesc>
		<distliab>https://edg.epa.gov/EPA_Data_License.html</distliab>
		<distrib>
			<cntinfo>
				<cntorgp>
					<cntorg>U.S. Environmental Protection Agency, Office of Research and Development-Sustainable and Healthy Communities Research Program, EnviroAtlas</cntorg>
					<cntper>EnviroAtlas Coordinator</cntper>
				</cntorgp>
				<cntpos>Geospatial Data Owner</cntpos>
				<cntaddr>
					<addrtype>mailing and physical address</addrtype>
					<address>109 T.W. Alexander Drive</address>
					<city>Research Triangle Park</city>
					<state>NC</state>
					<postal>27709</postal>
				</cntaddr>
				<cntvoice>(919) 541-3832</cntvoice>
				<cntemail>EnviroAtlas@epa.gov</cntemail>
				<cntinst>https://www.epa.gov/enviroatlas</cntinst>
			</cntinfo>
		</distrib>
	</distinfo>
	<metainfo>
		<metstdn>FGDC Content Standard for Digital Geospatial Metadata</metstdn>
		<metstdv>FGDC-STD-001-1998</metstdv>
		<metd>20170410</metd>
		<metfrd>20210410</metfrd>
		<metc>
			<cntinfo>
				<cntorgp>
					<cntorg>U.S. Environmental Protection Agency, Office of Research and Development-Sustainable and Healthy Communities Research Program, EnviroAtlas</cntorg>
					<cntper>EnviroAtlas Coordinator</cntper>
				</cntorgp>
				<cntpos>Geospatial Data Owner</cntpos>
				<cntaddr>
					<addrtype>mailing and physical address</addrtype>
					<address>109 T.W. Alexander Drive</address>
					<city>Research Triangle Park</city>
					<state>NC</state>
					<postal>27709</postal>
				</cntaddr>
				<cntvoice>(919) 541-3832</cntvoice>
				<cntemail>EnviroAtlas@epa.gov</cntemail>
				<cntinst>https://www.epa.gov/enviroatlas</cntinst>
			</cntinfo>
		</metc>
	</metainfo>
	<eainfo>
		<detailed>
			<enttyp>
				<enttypl>ThermoWD_2017</enttypl>
				<enttypd>Thermoelectric Water Consumption by HUC_12</enttypd>
				<enttypds>US EPA</enttypds>
			</enttyp>
			<attr>
				<attrlabl>HUC_12</attrlabl>
				<attrdef>Twelve Digit Hydrologic Unit Code. This field provides a unique 12-digit code for each subwatershed. Numbers were assigned in an upstream to downstream fashion. Where no downstream/upstream relationship could be determined, numbers were assigned in a clockwise fashion.</attrdef>
				<attrdefs>Federal Guidelines, Requirements, and Procedures for the National Watershed Boundary Dataset; Chapter 3 of Section A; Federal Standards, Book 11, Collection and Delineation of Spatial Data; Techniques and Methods 11-A3.</attrdefs>
				<attrdomv>
					<rdom>
						<rdommin>010000000000</rdommin>
						<rdommax>999999999999</rdommax>
					</rdom>
				</attrdomv>
			</attr>
			<attr>
				<attrlabl>Thermo_Plants</attrlabl>
				<attrdef>Number of thermoelectric plants per HUC_12</attrdef>
				<attrdefs>US EPA</attrdefs>
				<attrdomv>
					<rdom>
						<rdommin>0</rdommin>
						<rdommax>72</rdommax>
					</rdom>
				</attrdomv>
			</attr>
			<attr>
				<attrlabl>FWWGYR</attrlabl>
				<attrdef>Total Water Withdrawal in HUC_12 in gallons per year. Withdrawal measures the amount of water that is withdrawn from the stream, regardless of whether it is consumed. Some of the withdrawn water is returned to the stream.</attrdef>
				<attrdefs>US EPA</attrdefs>
				<attrdomv>
					<rdom>
						<rdommin>0</rdommin>
						<rdommax>739309828992</rdommax>
					</rdom>
				</attrdomv>
			</attr>
			<attr>
				<attrlabl>FWCGYR</attrlabl>
				<attrdef>Total Water Consumption in HUC_12 in gallons per year. Water consumption measures water that is withdrawn and consumed without being returned to the stream.</attrdef>
				<attrdefs>US EPA</attrdefs>
				<attrdomv>
					<rdom>
						<rdommin>0</rdommin>
						<rdommax>22542472416</rdommax>
					</rdom>
				</attrdomv>
			</attr>
			<attr>
				<attrlabl>TWW_MGAL</attrlabl>
				<attrdef>Total Water Withdrawal in HUC_12 in millions of gallons per day. Withdrawal measures the amount of water that is withdrawn from the stream, regardless of whether it is consumed. Some of the withdrawn water is returned to the stream.</attrdef>
				<attrdefs>US EPA</attrdefs>
				<attrdomv>
					<rdom>
						<rdommin>0</rdommin>
						<rdommax>2025.51</rdommax>
					</rdom>
				</attrdomv>
			</attr>
			<attr>
				<attrlabl>TWC_MGAL</attrlabl>
				<attrdef>Total Water Consumption in HUC_12 in millions of gallons per day. Water consumption measures water that is withdrawn and consumed without being returned to the stream.</attrdef>
				<attrdefs>US EPA</attrdefs>
				<attrdomv>
					<rdom>
						<rdommin>0</rdommin>
						<rdommax>61.76</rdommax>
					</rdom>
				</attrdomv>
			</attr>
		</detailed>
		<overview>
			<eadetcit>https://www.epa.gov/enviroatlas/enviroatlas-fact-sheets</eadetcit>
			<eaover>In 2017 the source for the thermoelectric plant data changed from EPA eGRID (Emissions &amp; Generation Resource Integrated Database) to US energy Information Administration (EIA) monthly electric generator inventory for December. (U.S. Energy Information Administration, Form EIA-860, 'Annual Electric Generator Report' and Form EIA-860M, 'Monthly Update to the Annual Electric Generator Report.').

The EIA December 2016 data file provided currently in operation plants locations, the type of energy source, and a capacity factor for energy generation in megawatts (MW).  Capacity from facilities with a total generator nameplate capacity less than 1 MW are excluded from this report.  This exclusion may represent a significant portion of capacity for some technologies such as solar photovoltaic generation.

The average gallon per MWh per fuel type was used to calculate total water withdrawal and consumption  amounts for each plant. The fuel types include Coal, Nuclear, Natural Gas, Oil, Solar Energy, Biomass, and Geothermal. The estimates for all but oil came from the Macknick et al. 2012 paper (Macknick, J., Newmark, R., Heath, G, and Hallett, K.C. 2012.  Operational water consumption and withdrawal factors for electricity generating technologies: a review of existing literature.  Environ. Res. Lett 7:1-10).  Oil estimates came from the 2009 National Energy Technology Laboratory (www.netl.doe.gov) report titled "Estimating Freshwater Needs to Meet Future Thermoelectric Generation Requirements."

 A comprehensive list of metric creation steps is included in the Processing Steps.</eaover>
		</overview>
	</eainfo>
</metadata>
