<?xml version="1.0"?>
<metadata>
	<Esri>
		<CreaDate>20190325</CreaDate><CreaTime>12074800</CreaTime><SyncOnce>TRUE</SyncOnce><DataProperties><itemProps><itemLocation><linkage Sync="TRUE">file://\\V18OVHRTTF760\D$\Public\Data\projects\EnviroAtlas_Public\EDG_Download_STG\National\CONUS_metrics_Mar2019_METADATA\Wind_Energy</linkage><protocol Sync="TRUE">Local Area Network</protocol></itemLocation></itemProps><copyHistory><copy source="D:\Public\Data\projects\EnviroAtlas_Public\FGDBs4EDG\CONUS\CONUS_metrics_October2017_METADATA\CONUS_metrics_October2017_METADATA\TableMetadata\Wind_Energy" dest="\\V18OVHRTTF760\D$\Public\Data\projects\EnviroAtlas_Public\EDG_Download_STG\National\CONUS_metrics_Mar2019_METADATA\Wind_Energy" date="20190325" time="12074800"></copy></copyHistory></DataProperties></Esri>
	<idinfo>
		<keywords>
			<theme>
				<themekt>ISO 19115 Topic Category</themekt>
				<themekey>environment</themekey>
			</theme>
			<theme>
				<themekt>EPA GIS Keyword Thesaurus</themekt>
				<themekey>Ecosystem</themekey>
				<themekey>Environment</themekey>
			</theme>
			<theme>
				<themekt>EnviroAtlas</themekt>
				<themekey>12-digit HUCs</themekey>
				<themekey>Ecosystem Services</themekey>
				<themekey>Energy</themekey>
				<themekey>EnviroAtlas</themekey>
				<themekey>Environment</themekey>
				<themekey>Environmental Atlas</themekey>
				<themekey>Natural Resources</themekey>
			</theme>
			<place>
				<placekt>None</placekt>
				<placekey>Alabama</placekey>
				<placekey>Arizona</placekey>
				<placekey>Arkansas</placekey>
				<placekey>California</placekey>
				<placekey>Colorado</placekey>
				<placekey>Connecticut</placekey>
				<placekey>Delaware</placekey>
				<placekey>Florida</placekey>
				<placekey>Georgia</placekey>
				<placekey>Idaho</placekey>
				<placekey>Illinois</placekey>
				<placekey>Indiana</placekey>
				<placekey>Iowa</placekey>
				<placekey>Kansas</placekey>
				<placekey>Kentucky</placekey>
				<placekey>Louisiana</placekey>
				<placekey>Maine</placekey>
				<placekey>Maryland</placekey>
				<placekey>Massachusetts</placekey>
				<placekey>Michigan</placekey>
				<placekey>Minnesota</placekey>
				<placekey>Mississippi</placekey>
				<placekey>Missouri</placekey>
				<placekey>Montana</placekey>
				<placekey>Nebraska</placekey>
				<placekey>Nevada</placekey>
				<placekey>New Hampshire</placekey>
				<placekey>New Jersey</placekey>
				<placekey>New Mexico</placekey>
				<placekey>New York</placekey>
				<placekey>North Carolina</placekey>
				<placekey>North Dakota</placekey>
				<placekey>Ohio</placekey>
				<placekey>Oklahoma</placekey>
				<placekey>Oregon</placekey>
				<placekey>Pennsylvania</placekey>
				<placekey>Rhode Island</placekey>
				<placekey>South Carolina</placekey>
				<placekey>South Dakota</placekey>
				<placekey>Tennessee</placekey>
				<placekey>Texas</placekey>
				<placekey>United States</placekey>
				<placekey>Utah</placekey>
				<placekey>Vermont</placekey>
				<placekey>Virginia</placekey>
				<placekey>Washington</placekey>
				<placekey>Washington DC</placekey>
				<placekey>West Virginia</placekey>
				<placekey>Wisconsin</placekey>
				<placekey>Wyoming</placekey>
			</place>
		</keywords>
		<citation>
			<citeinfo>
				<origin>US Environmental Protection Agency (US EPA)</origin>
				<title>EnviroAtlas - Annual average potential wind energy resource by 12-digit HUC for the Conterminous United States</title>
				<pubinfo>
					<publish>U.S. EPA Office of Research &amp; Development (ORD) - National Exposure Research Laboratory (NERL)</publish>
					<pubplace>Research Triangle Park, NC</pubplace>
				</pubinfo>
				<pubdate>20160613</pubdate>
				<onlink>https://edg.epa.gov/data/PUBLIC/ORD/ENVIROATLAS/National</onlink>
				<onlink>https://enviroatlas.epa.gov/arcgis/rest/services/National/National2017_master/MapServer</onlink>
				<onlink>https://www.epa.gov/enviroatlas/enviroatlas-data</onlink>
				<onlink>https://www.epa.gov/enviroatlas</onlink>
			</citeinfo>
		</citation>
		<timeperd>
			<current>Publication date</current>
			<timeinfo>
				<mdattim>
					<sngdate>
						<caldate>2001</caldate>
					</sngdate>
					<sngdate>
						<caldate>2002</caldate>
					</sngdate>
					<sngdate>
						<caldate>2003</caldate>
					</sngdate>
					<sngdate>
						<caldate>2004</caldate>
					</sngdate>
					<sngdate>
						<caldate>2005</caldate>
					</sngdate>
					<sngdate>
						<caldate>2012</caldate>
					</sngdate>
				</mdattim>
			</timeinfo>
		</timeperd>
		<status>
			<progress>Complete</progress>
			<update>As needed</update>
		</status>
		<spdom>
			<bounding>
				<westbc>-128.02839229</westbc>
				<eastbc>-65.20336449</eastbc>
				<northbc>51.6773602</northbc>
				<southbc>22.7348894</southbc>
			</bounding>
		</spdom>
		<accconst>None.</accconst>
		<useconst>None. Please check sources, scale, accuracy, currency and other available information. Please confirm that you are using the most recent copy of both data and metadata.  Acknowledgement of the EPA would be appreciated.</useconst>
		<descript>
			<abstract>This EnviroAtlas dataset shows the annual average potential wind energy resource in kilowatt hours per square kilometer per day for each 12-digit Hydrologic Unit (HUC). It was produced using data from the National Renewable Energy Laboratory (NREL). These estimates represent wind resources at a 50 meter height above surface. 

			This dataset was produced by the US EPA to support research and online mapping activities related to EnviroAtlas. EnviroAtlas (https://www.epa.gov/enviroatlas) allows the user to interact with a web-based, easy-to-use, mapping application to view and analyze multiple ecosystem services for the contiguous United States. The dataset is available as downloadable data (https://edg.epa.gov/data/Public/ORD/EnviroAtlas) or as an EnviroAtlas map service. Additional descriptive information about each attribute in this dataset can be found in its associated EnviroAtlas Fact Sheet (https://www.epa.gov/enviroatlas/enviroatlas-fact-sheets).</abstract>
			<purpose>This EnviroAtlas dataset can be used to analyze the potential wind energy that could be produced across the conterminous United States. It can be used by planners and the public to estimate potential renewable energy resources.

			The overall goal of EnviroAtlas is to employ and develop the best available science to map indicators of ecosystem services production, demand, and drivers for the nation.</purpose>
			<supplinf>This data is based on datasets produced by NREL and AWS TrueWind in cooperation with the U.S. Department of Energy's WINDExchange program; the same methodologies were not used for all states, resulting in values that sometimes vary along state lines. The 50-meter data for many states were produced as part of the Wind Powering America Program. The 50m datasets that were produced by AWS TrueWind account for surface roughness; however, the 50m datasets produced by NREL (IL, ND, and SD) do not. NREL used publicly available datasets for the remaining states where data were available; these data might have been developed using different methodologies than those used by Wind Powering America. For several states (Louisiana, Mississippi, Alabama, and Florida), NREL only offers data at 25-kilometer resolution. Therefore, the data sources and methodologies used to produce the wind power estimates may not have been consistent across all states. 

			These data represent potential wind energy; the actual wind energy produced in a location might be lower. These estimates only apply to areas of low surface roughness, such as grassy plains. In areas with greater surface roughness, such as forests, wind power will be reduced. Many, but not all, of the NREL datasets used to produce this dataset account for surface roughness. 

			This data is not suitable for micro-siting wind development projects.</supplinf>
		</descript>
		<secinfo>
			<secsys>https://project-open-data.github.io/schema/#accessLevel</secsys>
			<secclass>public</secclass>
			<sechandl>Standard Technical Controls</sechandl>
		</secinfo>
		<ptcontac>
			<cntinfo>
				<cntperp>
					<cntorg>U.S. Environmental Protection Agency, Office of Research and Development-Sustainable and Healthy Communities Research Program, EnviroAtlas</cntorg>
					<cntper>EnviroAtlas Coordinator</cntper>
				</cntperp>
				<cntpos>Geospatial Data Owner</cntpos>
				<cntaddr>
					<addrtype>mailing and physical address</addrtype>
					<address>109 T.W. Alexander Drive</address>
					<city>Research Triangle Park</city>
					<state>NC</state>
					<postal>27709</postal>
				</cntaddr>
				<cntvoice>(919) 541-3832</cntvoice>
				<cntemail>EnviroAtlas@epa.gov</cntemail>
				<cntinst>https://www.epa.gov/enviroatlas</cntinst>
			</cntinfo>
		</ptcontac>
	</idinfo>
	<dataqual>
		<logic>Tests for integrity have not been performed.</logic>
		<complete>Features represented have not been tested for completeness</complete>
		<posacc>
			<horizpa>
				<horizpar>Data were collected using methods that have unknown accuracy (EPA National Geospatial Data Policy [NGDP] Accuracy Tier 10). For more information, please see EPA's NGDP at https://epa.gov/geospatial/policies.html</horizpar>
			</horizpa>
		</posacc>
		<lineage>
			<procstep>
				<procdate>201311</procdate>
				<procdesc>1. Obtained wind data from NREL (http://www.nrel.gov/gis/data_wind.html). The data used includes shapefiles showing an estimate of annual wind resources for states and regions at 50-meter resolution. Because this data was not available for all states, a different NREL dataset, showing wind resources at a 25-km resolution for the conterminous U.S., was obtained to use where 50-meter resolution data was not available.</procdesc>
			</procstep>
			<procstep>
				<procdate>201408</procdate>
				<procdesc>2. Projected all shapefiles into Albers.</procdesc>
			</procstep>
			<procstep>
				<procdate>201408</procdate>
				<procdesc>3. The shapefiles for some states and regions overlapped with each other. In cases of overlap, used the ArcGIS erase tool to erase the overlapping area from the shapefile that showed wind resources at a lower resolution, or that matched the state border less accurately. Retained the overlapping areas from the shapefiles that showed more detail or had more accurate boundaries.</procdesc>
			</procstep>
			<procstep>
				<procdate>201408</procdate>
				<procdesc>4. The shapefile for Minnesota contained overlapping features in the interior of the state. Removed one large feature that covered most of the state and obscured many more complex polygons. For smaller polygons, kept the polygon whose wind power class most closely matched the wind power class of its neighbors.</procdesc>
			</procstep>
			<procstep>
				<procdate>201408</procdate>
				<procdesc>5. Merged all 50 meter shapefiles into a single shapefile covering most of the conterminous United States. This shapefile does not include Louisiana, Mississippi, Alabama, or Florida, because data for these states was not available at 50-meter resolution.</procdesc>
			</procstep>
			<procstep>
				<procdate>201408</procdate>
				<procdesc>6. For both the lower-48 50-meter shapefile and the lower-48 25km shapefile, converted the wind power class attribute to energy in kWh/m2/day.</procdesc>
			</procstep>
			<procstep>
				<procdate>201408</procdate>
				<procdesc>a. Took the average of the maximum and minimum wind power density values (W/m2) for each wind power class.</procdesc>
			</procstep>
			<procstep>
				<procdate>201408</procdate>
				<procdesc>b. Multiplied wind power densities in W/m2 by 24,000 to find kWh/km2/day (divide by 1000 to convert W/m2 to kW/m2, multiply by 24 to get kWh/m2/day, multiply by 1,000,000 to get kWh/km2/day).</procdesc>
			</procstep>
			<procstep>
				<procdate>201408</procdate>
				<procdesc>Converted the two shapefiles from polygon to raster, using the wind energy density in kWh/km2/day as the raster value.</procdesc>
			</procstep>
			<procstep>
				<procdate>201408</procdate>
				<procdesc>Combined the two rasters using map algebra. Where the 50m raster was null (LA, MI, AL, FL, gaps between states that did not align perfectly, and holes within some states), incorporated values from the 25km raster.</procdesc>
			</procstep>
			<procstep>
				<procdate>20160323</procdate>
				<procdesc>Ran zonal statistics as table to find the mean potential wind energy per km2 for each 12-digit HUC, using a rasterized version of the NHDPlusV2 WBD Snapshot - EnviroAtlas Version.</procdesc>
			</procstep>
			<procstep>
				<procdate>20171016</procdate>
				<procdesc>Converted units from kWh/km2/day to kWh/m2/day to match units in the EnviroAtlas solar energy potential dataset. Divided kWh/km2/day by 1,000,000.</procdesc>
			</procstep>
		</lineage>
	</dataqual>
	<spref>
		<horizsys>
			<planar>
				<planci>
					<plance>coordinate pair</plance>
					<plandu>meters</plandu>
					<coordrep>
						<absres>0.000001</absres>
						<ordres>0.000001</ordres>
					</coordrep>
				</planci>
				<mapproj>
					<mapprojn>Albers Conical Equal Area</mapprojn>
					<albers>
						<stdparll>29.500000</stdparll>
						<stdparll>45.500000</stdparll>
						<longcm>-96.000000</longcm>
						<latprjo>23.000000</latprjo>
						<feast>0.000000</feast>
						<fnorth>0.000000</fnorth>
					</albers>
				</mapproj>
			</planar>
			<geodetic>
				<horizdn>North American Datum of 1983</horizdn>
				<ellips>Geodetic Reference System 80</ellips>
				<semiaxis>6378137.000000</semiaxis>
				<denflat>298.257222</denflat>
			</geodetic>
		</horizsys>
	</spref>
	<distinfo>
		<resdesc>Downloadable Data</resdesc>
		<distliab>https://edg.epa.gov/EPA_Data_License.html</distliab>
		<distrib>
			<cntinfo>
				<cntorgp>
					<cntorg>U.S. Environmental Protection Agency, Office of Research and Development-Sustainable and Healthy Communities Research Program, EnviroAtlas</cntorg>
					<cntper>EnviroAtlas Coordinator</cntper>
				</cntorgp>
				<cntpos>Geospatial Data Owner</cntpos>
				<cntaddr>
					<addrtype>mailing and physical address</addrtype>
					<address>109 T.W. Alexander Drive</address>
					<city>Research Triangle Park</city>
					<state>NC</state>
					<postal>27709</postal>
				</cntaddr>
				<cntvoice>(919) 541-3832</cntvoice>
				<cntemail>EnviroAtlas@epa.gov</cntemail>
				<cntinst>https://www.epa.gov/enviroatlas</cntinst>
			</cntinfo>
		</distrib>
	</distinfo>
	<metainfo>
		<metstdn>FGDC Content Standard for Digital Geospatial Metadata</metstdn>
		<metstdv>FGDC-STD-001-1998</metstdv>
		<metd>20160613</metd>
		<metfrd>20200613</metfrd>
		<metc>
			<cntinfo>
				<cntorgp>
					<cntorg>U.S. Environmental Protection Agency, Office of Research and Development-Sustainable and Healthy Communities Research Program, EnviroAtlas</cntorg>
					<cntper>EnviroAtlas Coordinator</cntper>
				</cntorgp>
				<cntpos>Geospatial Data Owner</cntpos>
				<cntaddr>
					<addrtype>mailing and physical address</addrtype>
					<address>109 T.W. Alexander Drive</address>
					<city>Research Triangle Park</city>
					<state>NC</state>
					<postal>27709</postal>
				</cntaddr>
				<cntvoice>(919) 541-3832</cntvoice>
				<cntemail>EnviroAtlas@epa.gov</cntemail>
				<cntinst>https://www.epa.gov/enviroatlas</cntinst>
			</cntinfo>
		</metc>
	</metainfo>
	<eainfo>
		<detailed>
			<enttyp>
				<enttypl>Wind_Energy</enttypl>
				<enttypd>The annual average potential wind energy per 12-digit HUC in kWh/km2/day.</enttypd>
				<enttypds>U.S. EPA</enttypds>
			</enttyp>
			<attr>
				<attrlabl>HUC12</attrlabl>
				<attrdef>Twelve Digit Hydrologic Unit Code. This field provides a unique 12-digit code for each subwatershed. Numbers were assigned in an upstream to downstream fashion. Where no downstream/upstream relationship could be determined, numbers were assigned in a clockwise fashion.</attrdef>
				<attrdefs>Federal Guidelines, Requirements, and Procedures for the National Watershed Boundary Dataset; Chapter 3 of Section A; Federal Standards, Book 11, Collection and Delineation of Spatial Data; Techniques and Methods 11-A3.</attrdefs>
				<attrdomv>
					<rdom>
						<rdommin>010000000000</rdommin>
						<rdommax>999999999999</rdommax>
					</rdom>
				</attrdomv>
			</attr>
			<attr>
				<attrlabl>AvgWindEnergy</attrlabl>
				<attrdef>The annual average potential wind energy in kWh/m2/day.</attrdef>
				<attrdefs>U.S. EPA</attrdefs>
				<attrdomv>
					<rdom>
						<rdommin>1.2</rdommin>
						<rdommax>16.53</rdommax>
					</rdom>
				</attrdomv>
			</attr>
			<attr>
				<attrlabl>kWhkm2day</attrlabl>
				<attrdef>The annual average potential wind energy in kWh/km2/day.</attrdef>
				<attrdefs>U.S. EPA</attrdefs>
				<attrdomv>
					<rdom>
						<rdommin>1200000</rdommin>
						<rdommax>16532185</rdommax>
					</rdom>
				</attrdomv>
			</attr>
		</detailed>
		<overview>
			<eadetcit>https://enviroatlas.epa.gov/EnviroAtlas/DataFactSheets/index.html</eadetcit>
			<eaover>For more information about EnviroAtlas data, go to https://www.epa.gov/enviroatlas/enviroatlas-fact-sheets.

			NREL's wind datasets can be found on http://www.nrel.gov/gis/data_wind.html.

			An explanation of the wind power classes that NREL uses can be found on http://www.nrel.gov/gis/wind_detail.html.

			The following list shows the relationship between wind power classes and their corresponding wind power densities in watts per square meter:

			WPC 1 = 0-100 W/m2,
			WPC 2 = 100-150  W/m2,
			WPC 3= 150-200 W/m2,
			WPC 4 = 200-250 W/m2,
			WPC 5 = 250-300 W/m2,
			WPC 6 = 300-400 W/m2,
			WPC 7 = 400-1000 W/m2.

			Because each wind power class represents a range of wind power densities, the minimum and maximum wind power densities were averaged, and the following values were used to develop this EnviroAtlas dataset:

			WPC 1 = 50 W/m2,
			WPC 2 = 125  W/m2,
			WPC 3= 175 W/m2,
			WPC 4 = 225 W/m2,
			WPC 5 = 275 W/m2,
			WPC 6 = 350 W/m2,
			WPC 7 = 700 W/m2.

			24,000 was used as a conversion factor to convert the wind power factor from watts per square meter to kilowatt hours per square kilometer per day. 

			A comprehensive list of metric creation steps is included in the Processing Steps.</eaover>
		</overview>
	</eainfo>
</metadata>
